#pragma once
#include <stdint.h>

// beybeetle-splash.png 240x240 RGB565 byte-swapped (g_fb format)
// Generated by tools/convert_splash.py — alpha mask recoloured:
//   background #765898 (COLOR_DPURP) / artwork #52D053 (COLOR_NGRE)
static const uint16_t splash_image[240*240] = {
    0xD372, 0xD372, 0xD372, 0xD372, 0xD372, 0xD372, 0xD372, 0xD372, 0xD372, 0xD372, 0xD372, 0xD372, 0xD372, 0xD372, 0xD372, 0xD372,
    0xD372, 0xD372, 0xD372, 0xD372, 0xD372, 0xD372, 0xD372, 0xD372, 0xD372, 0xD372, 0xD372, 0xD372, 0xD372, 0xD372, 0xD372, 0xD372,
    0xD372, 0xD372, 0xD372, 0xD372, 0xD372, 0xD372, 0xD372, 0xD372, 0xD372, 0xD372, 0xD372, 0xD372, 0xD372, 0xD372, 0xD372, 0xD372,
    0xD372, 0xD372, 0xD372, 0xD372, 0xD372, 0xD372, 0xD372, 0xD372, 0xD372, 0xD372, 0xD372, 0xD372, 0xD372, 0xD372, 0xD372, 0xD372,
    0xD372, 0xD372, 0xD372, 0xD372, 0xD372, 0xD372, 0xD372, 0xD372, 0xD372, 0xD372, 0xD372, 0xD372, 0xD372, 0xD372, 0xD372, 0xD372,
    0xD372, 0xD372, 0xD372, 0xD372, 0xD372, 0xD372, 0xD372, 0xD372, 0xD372, 0xD372, 0xD372, 0xD372, 0xD372, 0xD372, 0xD372, 0xD372,
    0xD372, 0xD372, 0xD372, 0xD372, 0xD372, 0xD372, 0xD372, 0xD372, 0xD372, 0xD372, 0xD372, 0xD372, 0xD372, 0xD372, 0xD372, 0xD372,
    0xD372, 0xD372, 0xD372, 0xD372, 0xD372, 0xD372, 0xD372, 0xD372, 0xD372, 0xD372, 0xD372, 0xD372, 0xD372, 0xD372, 0xD372, 0xD372,
    0xD372, 0xD372, 0xD372, 0xD372, 0xD372, 0xD372, 0xD372, 0xD372, 0xD372, 0xD372, 0xD372, 0xD372, 0xD372, 0xD372, 0xD372, 0xD372,
    0xD372, 0xD372, 0xD372, 0xD372, 0xD372, 0xD372, 0xD372, 0xD372, 0xD372, 0xD372, 0xD372, 0xD372, 0xD372, 0xD372, 0xD372, 0xD372,
    0xD372, 0xD372, 0xD372, 0xD372, 0xD372, 0xD372, 0xD372, 0xD372, 0xD372, 0xD372, 0xD372, 0xD372, 0xD372, 0xD372, 0xD372, 0xD372,
    0xD372, 0xD372, 0xD372, 0xD372, 0xD372, 0xD372, 0xD372, 0xD372, 0xD372, 0xD372, 0xD372, 0xD372, 0xD372, 0xD372, 0xD372, 0xD372,
    0xD372, 0xD372, 0xD372, 0xD372, 0xD372, 0xD372, 0xD372, 0xD372, 0xD372, 0xD372, 0xD372, 0xD372, 0xD372, 0xD372, 0xD372, 0xD372,
    0xD372, 0xD372, 0xD372, 0xD372, 0xD372, 0xD372, 0xD372, 0xD372, 0xD372, 0xD372, 0xD372, 0xD372, 0xD372, 0xD372, 0xD372, 0xD372,
    0xD372, 0xD372, 0xD372, 0xD372, 0xD372, 0xD372, 0xD372, 0xD372, 0xD372, 0xD372, 0xD372, 0xD372, 0xD372, 0xD372, 0xD372, 0xD372,
    0xD372, 0xD372, 0xD372, 0xD372, 0xD372, 0xD372, 0xD372, 0xD372, 0xD372, 0xD372, 0xD372, 0xD372, 0xD372, 0xD372, 0xD372, 0xD372,
    0xD372, 0xD372, 0xD372, 0xD372, 0xD372, 0xD372, 0xD372, 0xD372, 0xD372, 0xD372, 0xD372, 0xD372, 0xD372, 0xD372, 0xD372, 0xD372,
    0xD372, 0xD372, 0xD372, 0xD372, 0xD372, 0xD372, 0xD372, 0xD372, 0xD372, 0xD372, 0xD372, 0xD372, 0xD372, 0xD372, 0xD372, 0xD372,
    0xD372, 0xD372, 0xD372, 0xD372, 0xD372, 0xD372, 0xD372, 0xD372, 0xD372, 0xD372, 0xD372, 0xD372, 0xD372, 0xD372, 0xD372, 0xD372,
    0xD372, 0xD372, 0xD372, 0xD372, 0xD372, 0xD372, 0xD372, 0xD372, 0xD372, 0xD372, 0xD372, 0xD372, 0xD372, 0xD372, 0xD372, 0xD372,
    0xD372, 0xD372, 0xD372, 0xD372, 0xD372, 0xD372, 0xD372, 0xD372, 0xD372, 0xD372, 0xD372, 0xD372, 0xD372, 0xD372, 0xD372, 0xD372,
    0xD372, 0xD372, 0xD372, 0xD372, 0xD372, 0xD372, 0xD372, 0xD372, 0xD372, 0xD372, 0xD372, 0xD372, 0xD372, 0xD372, 0xD372, 0xD372,
    0xD372, 0xD372, 0xD372, 0xD372, 0xD372, 0xD372, 0xD372, 0xD372, 0xD372, 0xD372, 0xD372, 0xD372, 0xD372, 0xD372, 0xD372, 0xD372,
    0xD372, 0xD372, 0xD372, 0xD372, 0xD372, 0xD372, 0xD372, 0xD372, 0xD372, 0xD372, 0xD372, 0xD372, 0xD372, 0xD372, 0xD372, 0xD372,
    0xD372, 0xD372, 0xD372, 0xD372, 0xD372, 0xD372, 0xD372, 0xD372, 0xD372, 0xD372, 0xD372, 0xD372, 0xD372, 0xD372, 0xD372, 0xD372,
    0xD372, 0xD372, 0xD372, 0xD372, 0xD372, 0xD372, 0xD372, 0xD372, 0xD372, 0xD372, 0xD372, 0xD372, 0xD372, 0xD372, 0xD372, 0xD372,
    0xD372, 0xD372, 0xD372, 0xD372, 0xD372, 0xD372, 0xD372, 0xD372, 0xD372, 0xD372, 0xD372, 0xD372, 0xD372, 0xD372, 0xD372, 0xD372,
    0xD372, 0xD372, 0xD372, 0xD372, 0xD372, 0xD372, 0xD372, 0xD372, 0xD372, 0xD372, 0xD372, 0xD372, 0xD372, 0xD372, 0xD372, 0xD372,
    0xD372, 0xD372, 0xD372, 0xD372, 0xD372, 0xD372, 0xD372, 0xD372, 0xD372, 0xD372, 0xD372, 0xD372, 0xD372, 0xD372, 0xD372, 0xD372,
    0xD372, 0xD372, 0xD372, 0xD372, 0xD372, 0xD372, 0xD372, 0xD372, 0xD372, 0xD372, 0xD372, 0xD372, 0xD372, 0xD372, 0xD372, 0xD372,
    0xD372, 0xD372, 0xD372, 0xD372, 0xD372, 0xD372, 0xD372, 0xD372, 0xD372, 0xD372, 0xD372, 0xD372, 0xD372, 0xD372, 0xD372, 0xD372,
    0xD372, 0xD372, 0xD372, 0xD372, 0xD372, 0xD372, 0xD372, 0xD372, 0xD372, 0xD372, 0xD372, 0xD372, 0xD372, 0xD372, 0xD372, 0xD372,
    0xD372, 0xD372, 0xD372, 0xD372, 0xD372, 0xD372, 0xD372, 0xD372, 0xD372, 0xD372, 0xD372, 0xD372, 0xD372, 0xD372, 0xD372, 0xD372,
    0xD372, 0xD372, 0xD372, 0xD372, 0xD372, 0xD372, 0xD372, 0xD372, 0xD372, 0xD372, 0xD372, 0xD372, 0xD372, 0xD372, 0xD372, 0xD372,
    0xD372, 0xD372, 0xD372, 0xD372, 0xD372, 0xD372, 0xD372, 0xD372, 0xD372, 0xD372, 0xD372, 0xD372, 0xD372, 0xD372, 0xD372, 0xD372,
    0xD372, 0xD372, 0xD372, 0xD372, 0xD372, 0xD372, 0xD372, 0xD372, 0xD372, 0xD372, 0xD372, 0xD372, 0xD372, 0xD372, 0xD372, 0xD372,
    0xD372, 0xD372, 0xD372, 0xD372, 0xD372, 0xD372, 0xD372, 0xD372, 0xD372, 0xD372, 0xD372, 0xD372, 0xD372, 0xD372, 0xD372, 0xD372,
    0xD372, 0xD372, 0xD372, 0xD372, 0xD372, 0xD372, 0xD372, 0xD372, 0xD372, 0xD372, 0xD372, 0xD372, 0xD372, 0xD372, 0xD372, 0xD372,
    0xD372, 0xD372, 0xD372, 0xD372, 0xD372, 0xD372, 0xD372, 0xD372, 0xD372, 0xD372, 0xD372, 0xD372, 0xD372, 0xD372, 0xD372, 0xD372,
    0xD372, 0xD372, 0xD372, 0xD372, 0xD372, 0xD372, 0xD372, 0xD372, 0xD372, 0xD372, 0xD372, 0xD372, 0xD372, 0xD372, 0xD372, 0xD372,
    0xD372, 0xD372, 0xD372, 0xD372, 0xD372, 0xD372, 0xD372, 0xD372, 0xD372, 0xD372, 0xD372, 0xD372, 0xD372, 0xD372, 0xD372, 0xD372,
    0xD372, 0xD372, 0xD372, 0xD372, 0xD372, 0xD372, 0xD372, 0xD372, 0xD372, 0xD372, 0xD372, 0xD372, 0xD372, 0xD372, 0xD372, 0xD372,
    0xD372, 0xD372, 0xD372, 0xD372, 0xD372, 0xD372, 0xD372, 0xD372, 0xD372, 0xD372, 0xD372, 0xD372, 0xD372, 0xD372, 0xD372, 0xD372,
    0xD372, 0xD372, 0xD372, 0xD372, 0xD372, 0xD372, 0xD372, 0xD372, 0xD372, 0xD372, 0xD372, 0xD372, 0xD372, 0xD372, 0xD372, 0xD372,
    0xD372, 0xD372, 0xD372, 0xD372, 0xD372, 0xD372, 0xD372, 0xD372, 0xD372, 0xD372, 0xD372, 0xD372, 0xD372, 0xD372, 0xD372, 0xD372,
    0xD372, 0xD372, 0xD372, 0xD372, 0xD372, 0xD372, 0xD372, 0xD372, 0xD372, 0xD372, 0xD372, 0xD372, 0xD372, 0xD372, 0xD372, 0xD372,
    0xD372, 0xD372, 0xD372, 0xD372, 0xD372, 0xD372, 0xD372, 0xD372, 0xD372, 0xD372, 0xD372, 0xD372, 0xD372, 0xD372, 0xD372, 0xD372,
    0xD372, 0xD372, 0xD372, 0xD372, 0xD372, 0xD372, 0xD372, 0xD372, 0xD372, 0xD372, 0xD372, 0xD372, 0xD372, 0xD372, 0xD372, 0xD372,
    0xD372, 0xD372, 0xD372, 0xD372, 0xD372, 0xD372, 0xD372, 0xD372, 0xD372, 0xD372, 0xD372, 0xD372, 0xD372, 0xD372, 0xD372, 0xD372,
    0xD372, 0xD372, 0xD372, 0xD372, 0xD372, 0xD372, 0xD372, 0xD372, 0xD372, 0xD372, 0xD372, 0xD372, 0xD372, 0xD372, 0xD372, 0xD372,
    0xD372, 0xD372, 0xD372, 0xD372, 0xD372, 0xD372, 0xD372, 0xD372, 0xD372, 0xD372, 0xD372, 0xD372, 0xD372, 0xD372, 0xD372, 0xD372,
    0xD372, 0xD372, 0xD372, 0xD372, 0xD372, 0xD372, 0xD372, 0xD372, 0xD372, 0xD372, 0xD372, 0xD372, 0xD372, 0xD372, 0xD372, 0xD372,
    0xD372, 0xD372, 0xD372, 0xD372, 0xD372, 0xD372, 0xD372, 0xD372, 0xD372, 0xD372, 0xD372, 0xD372, 0xD372, 0xD372, 0xD372, 0xD372,
    0xD372, 0xD372, 0xD372, 0xD372, 0xD372, 0xD372, 0xD372, 0xD372, 0xD372, 0xD372, 0xD372, 0xD372, 0xD372, 0xD372, 0xD372, 0xD372,
    0xD372, 0xD372, 0xD372, 0xD372, 0xD372, 0xD372, 0xD372, 0xD372, 0xD372, 0xD372, 0xD372, 0xD372, 0xD372, 0xD372, 0xD372, 0xD372,
    0xD372, 0xD372, 0xD372, 0xD372, 0xD372, 0xD372, 0xD372, 0xD372, 0xD372, 0xD372, 0xD372, 0xD372, 0xD372, 0xD372, 0xD372, 0xD372,
    0xD372, 0xD372, 0xD372, 0xD372, 0xD372, 0xD372, 0xD372, 0xD372, 0xD372, 0xD372, 0xD372, 0xD372, 0xD372, 0xD372, 0xD372, 0xD372,
    0xD372, 0xD372, 0xD372, 0xD372, 0xD372, 0xD372, 0xD372, 0xD372, 0xD372, 0xD372, 0xD372, 0xD372, 0xD372, 0xD372, 0xD372, 0xD372,
    0xD372, 0xD372, 0xD372, 0xD372, 0xD372, 0xD372, 0xD372, 0xD372, 0xD372, 0xD372, 0xD372, 0xD372, 0xD372, 0xD372, 0xD372, 0xD372,
    0xD372, 0xD372, 0xD372, 0xD372, 0xD372, 0xD372, 0xD372, 0xD372, 0xD372, 0xD372, 0xD372, 0xD372, 0xD372, 0xD372, 0xD372, 0xD372,
    0xD372, 0xD372, 0xD372, 0xD372, 0xD372, 0xD372, 0xD372, 0xD372, 0xD372, 0xD372, 0xD372, 0xD372, 0xD372, 0xD372, 0xD372, 0xD372,
    0xD372, 0xD372, 0xD372, 0xD372, 0xD372, 0xD372, 0xD372, 0xD372, 0xD372, 0xD372, 0xD372, 0xD372, 0xD372, 0xD372, 0xD372, 0xD372,
    0xD372, 0xD372, 0xD372, 0xD372, 0xD372, 0xD372, 0xD372, 0xD372, 0xD372, 0xD372, 0xD372, 0xD372, 0xD372, 0xD372, 0xD372, 0xD372,
    0xD372, 0xD372, 0xD372, 0xD372, 0xD372, 0xD372, 0xD372, 0xD372, 0xD372, 0xD372, 0xD372, 0xD372, 0xD372, 0xD372, 0xD372, 0xD372,
    0xD372, 0xD372, 0xD372, 0xD372, 0xD372, 0xD372, 0xD372, 0xD372, 0xD372, 0xD372, 0xD372, 0xD372, 0xD372, 0xD372, 0xD372, 0xD372,
    0xD372, 0xD372, 0xD372, 0xD372, 0xD372, 0xD372, 0xD372, 0xD372, 0xD372, 0xD372, 0xD372, 0xD372, 0xD372, 0xD372, 0xD372, 0xD372,
    0xD372, 0xD372, 0xD372, 0xD372, 0xD372, 0xD372, 0xD372, 0xD372, 0xD372, 0xD372, 0xD372, 0xD372, 0xD372, 0xD372, 0xD372, 0xD372,
    0xD372, 0xD372, 0xD372, 0xD372, 0xD372, 0xD372, 0xD372, 0xD372, 0xD372, 0xD372, 0xD372, 0xD372, 0xD372, 0xD372, 0xD372, 0xD372,
    0xD372, 0xD372, 0xD372, 0xD372, 0xD372, 0xD372, 0xD372, 0xD372, 0xD372, 0xD372, 0xD372, 0xD372, 0xD372, 0xD372, 0xD372, 0xD372,
    0xD372, 0xD372, 0xD372, 0xD372, 0xD372, 0xD372, 0xD372, 0xD372, 0xD372, 0xD372, 0xD372, 0xD372, 0xD372, 0xD372, 0xD372, 0xD372,
    0xD372, 0xD372, 0xD372, 0xD372, 0xD372, 0xD372, 0xD372, 0xD372, 0xD372, 0xD372, 0xD372, 0xD372, 0xD372, 0xD372, 0xD372, 0xD372,
    0xD372, 0xD372, 0xD372, 0xD372, 0xD372, 0xD372, 0xD372, 0xD372, 0xD372, 0xD372, 0xD372, 0xD372, 0xD372, 0xD372, 0xD372, 0xD372,
    0xD372, 0xD372, 0xD372, 0xD372, 0xD372, 0xD372, 0xD372, 0xD372, 0xD372, 0xD372, 0xD372, 0xD372, 0xD372, 0xD372, 0xD372, 0xD372,
    0xD372, 0xD372, 0xD372, 0xD372, 0xD372, 0xD372, 0xD372, 0xD372, 0xD372, 0xD372, 0xD372, 0xD372, 0xD372, 0xD372, 0xD372, 0xD372,
    0xD372, 0xD372, 0xD372, 0xD372, 0xD372, 0xD372, 0xD372, 0xD372, 0xD372, 0xD372, 0xD372, 0xD372, 0xD372, 0xD372, 0xD372, 0xD372,
    0xD372, 0xD372, 0xD372, 0xD372, 0xD372, 0xD372, 0xD372, 0xD372, 0xD372, 0xD372, 0xD372, 0xD372, 0xD372, 0xD372, 0xD372, 0xD372,
    0xD372, 0xD372, 0xD372, 0xD372, 0xD372, 0xD372, 0xD372, 0xD372, 0xD372, 0xD372, 0xD372, 0xD372, 0xD372, 0xD372, 0xD372, 0xD372,
    0xD372, 0xD372, 0xD372, 0xD372, 0xD372, 0xD372, 0xD372, 0xD372, 0xD372, 0xD372, 0xD372, 0xD372, 0xD372, 0xD372, 0xD372, 0xD372,
    0xD372, 0xD372, 0xD372, 0xD372, 0xD372, 0xD372, 0xD372, 0xD372, 0xD372, 0xD372, 0xD372, 0xD372, 0xD372, 0xD372, 0xD372, 0xD372,
    0xD372, 0xD372, 0xD372, 0xD372, 0xD372, 0xD372, 0xD372, 0xD372, 0xD372, 0xD372, 0xD372, 0xD372, 0xD372, 0xD372, 0xD372, 0xD372,
    0xD372, 0xD372, 0xD372, 0xD372, 0xD372, 0xD372, 0xD372, 0xD372, 0xD372, 0xD372, 0xD372, 0xD372, 0xD372, 0xD372, 0xD372, 0xD372,
    0xD372, 0xD372, 0xD372, 0xD372, 0xD372, 0xD372, 0xD372, 0xD372, 0xD372, 0xD372, 0xD372, 0xD372, 0xD372, 0xD372, 0xD372, 0xD372,
    0xD372, 0xD372, 0xD372, 0xD372, 0xD372, 0xD372, 0xD372, 0xD372, 0xD372, 0xD372, 0xD372, 0xD372, 0xD372, 0xD372, 0xD372, 0xD372,
    0xD372, 0xD372, 0xD372, 0xD372, 0xD372, 0xD372, 0xD372, 0xD372, 0xD372, 0xD372, 0xD372, 0xD372, 0xD372, 0xD372, 0xD372, 0xD372,
    0xD372, 0xD372, 0xD372, 0xD372, 0xD372, 0xD372, 0xD372, 0xD372, 0xD372, 0xD372, 0xD372, 0xD372, 0xD372, 0xD372, 0xD372, 0xD372,
    0xD372, 0xD372, 0xD372, 0xD372, 0xD372, 0xD372, 0xD372, 0xD372, 0xD372, 0xD372, 0xD372, 0xD372, 0xD372, 0xD372, 0xD372, 0xD372,
    0xD372, 0xD372, 0xD372, 0xD372, 0xD372, 0xD372, 0xD372, 0xD372, 0xD372, 0xD372, 0xD372, 0xD372, 0xD372, 0xD372, 0xD372, 0xD372,
    0xD372, 0xD372, 0xD372, 0xD372, 0xD372, 0xD372, 0xD372, 0xD372, 0xD372, 0xD372, 0xD372, 0xD372, 0xD372, 0xD372, 0xD372, 0xD372,
    0xD372, 0xD372, 0xD372, 0xD372, 0xD372, 0xD372, 0xD372, 0xD372, 0xD372, 0xD372, 0xD372, 0xD372, 0xD372, 0xD372, 0xD372, 0xD372,
    0xD372, 0xD372, 0xD372, 0xD372, 0xD372, 0xD372, 0xD372, 0xD372, 0xD372, 0xD372, 0xD372, 0xD372, 0xD372, 0xD372, 0xD372, 0xD372,
    0xD372, 0xD372, 0xD372, 0xD372, 0xD372, 0xD372, 0xD372, 0xD372, 0xD372, 0xD372, 0xD372, 0xD372, 0xD372, 0xD372, 0xD372, 0xD372,
    0xD372, 0xD372, 0xD372, 0xD372, 0xD372, 0xD372, 0xD372, 0xD372, 0xD372, 0xD372, 0xD372, 0xD372, 0xD372, 0xD372, 0xD372, 0xD372,
    0xD372, 0xD372, 0xD372, 0xD372, 0xD372, 0xD372, 0xD372, 0xD372, 0xD372, 0xD372, 0xD372, 0xD372, 0xD372, 0xD372, 0xD372, 0xD372,
    0xD372, 0xD372, 0xD372, 0xD372, 0xD372, 0xD372, 0xD372, 0xD372, 0xD372, 0xD372, 0xD372, 0xD372, 0xD372, 0xD372, 0xD372, 0xD372,
    0xD372, 0xD372, 0xD372, 0xD372, 0xD372, 0xD372, 0xD372, 0xD372, 0xD372, 0xD372, 0xD372, 0xD372, 0xD372, 0xD372, 0xD372, 0xD372,
    0xD372, 0xD372, 0xD372, 0xD372, 0xD372, 0xD372, 0xD372, 0xD372, 0xD372, 0xD372, 0xD372, 0xD372, 0xD372, 0xD372, 0xD372, 0xD372,
    0xD372, 0xD372, 0xD372, 0xD372, 0xD372, 0xD372, 0xD372, 0xD372, 0xD372, 0xD372, 0xD372, 0xD372, 0xD372, 0xD372, 0xD372, 0xD372,
    0xD372, 0xD372, 0xD372, 0xD372, 0xD372, 0xD372, 0xD372, 0xD372, 0xD372, 0xD372, 0xD372, 0xD372, 0xD372, 0xD372, 0xD372, 0xD372,
    0xD372, 0xD372, 0xD372, 0xD372, 0xD372, 0xD372, 0xD372, 0xD372, 0xD372, 0xD372, 0xD372, 0xD372, 0xD372, 0xD372, 0xD372, 0xD372,
    0xD372, 0xD372, 0xD372, 0xD372, 0xD372, 0xD372, 0xD372, 0xD372, 0xD372, 0xD372, 0xD372, 0xD372, 0xD372, 0xD372, 0xD372, 0xD372,
    0xD372, 0xD372, 0xD372, 0xD372, 0xD372, 0xD372, 0xD372, 0xD372, 0xD372, 0xD372, 0xD372, 0xD372, 0xD372, 0xD372, 0xD372, 0xD372,
    0xD372, 0xD372, 0xD372, 0xD372, 0xD372, 0xD372, 0xD372, 0xD372, 0xD372, 0xD372, 0xD372, 0xD372, 0xD372, 0xD372, 0xD372, 0xD372,
    0xD372, 0xD372, 0xD372, 0xD372, 0xD372, 0xD372, 0xD372, 0xD372, 0xD372, 0xD372, 0xD372, 0xD372, 0xD372, 0xD372, 0xD372, 0xD372,
    0xD372, 0xD372, 0xD372, 0xD372, 0xD372, 0xD372, 0xD372, 0xD372, 0xD372, 0xD372, 0xD372, 0xD372, 0xD372, 0xD372, 0xD372, 0xD372,
    0xD372, 0xD372, 0xD372, 0xD372, 0xD372, 0xD372, 0xD372, 0xD372, 0xD372, 0xD372, 0xD372, 0xD372, 0xD372, 0xD372, 0xD372, 0xD372,
    0xD372, 0xD372, 0xD372, 0xD372, 0xD372, 0xD372, 0xD372, 0xD372, 0xD372, 0xD372, 0xD372, 0xD372, 0xD372, 0xD372, 0xD372, 0xD372,
    0xD372, 0xD372, 0xD372, 0xD372, 0xD372, 0xD372, 0xD372, 0xD372, 0xD372, 0xD372, 0xD372, 0xD372, 0xD372, 0xD372, 0xD372, 0xD372,
    0xD372, 0xD372, 0xD372, 0xD372, 0xD372, 0xD372, 0xD372, 0xD372, 0xD372, 0xD372, 0xD372, 0xD372, 0xD372, 0xD372, 0xD372, 0xD372,
    0xD372, 0xD372, 0xD372, 0xD372, 0xD372, 0xD372, 0xD372, 0xD372, 0xD372, 0xD372, 0xD372, 0xD372, 0xD372, 0xD372, 0xD372, 0xD372,
    0xD372, 0xD372, 0xD372, 0xD372, 0xD372, 0xD372, 0xD372, 0xD372, 0xD372, 0xD372, 0xD372, 0xD372, 0xD372, 0xD372, 0xD372, 0xD372,
    0xD372, 0xD372, 0xD372, 0xD372, 0xD372, 0xD372, 0xD372, 0xD372, 0xD372, 0xD372, 0xD372, 0xD372, 0xD372, 0xD372, 0xD372, 0xD372,
    0xD372, 0xD372, 0xD372, 0xD372, 0xD372, 0xD372, 0xD372, 0xD372, 0xD372, 0xD372, 0xD372, 0xD372, 0xD372, 0xD372, 0xD372, 0xD372,
    0xD372, 0xD372, 0xD372, 0xD372, 0xD372, 0xD372, 0xD372, 0xD372, 0xD372, 0xD372, 0xD372, 0xD372, 0xD372, 0xD372, 0xD372, 0xD372,
    0xD372, 0xD372, 0xD372, 0xD372, 0xD372, 0xD372, 0xD372, 0xD372, 0xD372, 0xD372, 0xD372, 0xD372, 0xD372, 0xD372, 0xD372, 0xD372,
    0xD372, 0xD372, 0xD372, 0xD372, 0xD372, 0xD372, 0xD372, 0xD372, 0xD372, 0xD372, 0xD372, 0xD372, 0xD372, 0xD372, 0xD372, 0xD372,
    0xD372, 0xD372, 0xD372, 0xD372, 0xD372, 0xD372, 0xD372, 0xD372, 0xD372, 0xD372, 0xD372, 0xD372, 0xD372, 0xD372, 0xD372, 0xD372,
    0xD372, 0xD372, 0xD372, 0xD372, 0xD372, 0xD372, 0xD372, 0xD372, 0xD372, 0xD372, 0xD372, 0xD372, 0xD372, 0xD372, 0xD372, 0xD372,
    0xD372, 0xD372, 0xD372, 0xD372, 0xD372, 0xD372, 0xD372, 0xD372, 0xD372, 0xD372, 0xD372, 0xD372, 0xD372, 0xD372, 0xD372, 0xD372,
    0xD372, 0xD372, 0xD372, 0xD372, 0xD372, 0xD372, 0xD372, 0xD372, 0xD372, 0xD372, 0xD372, 0xD372, 0xD372, 0xD372, 0xD372, 0xD372,
    0xD372, 0xD372, 0xD372, 0xD372, 0xD372, 0xD372, 0xD372, 0xD372, 0xD372, 0xD372, 0xD372, 0xD372, 0xD372, 0xD372, 0xD372, 0xD372,
    0xD372, 0xD372, 0xD372, 0xD372, 0xD372, 0xD372, 0xD372, 0xD372, 0xD372, 0xD372, 0xD372, 0xD372, 0xD372, 0xD372, 0xD372, 0xD372,
    0xD372, 0xD372, 0xD372, 0xD372, 0xD372, 0xD372, 0xD372, 0xD372, 0xD372, 0xD372, 0xD372, 0xD372, 0xD372, 0xD372, 0xD372, 0xD372,
    0xD372, 0xD372, 0xD372, 0xD372, 0xD372, 0xD372, 0xD372, 0xD372, 0xD372, 0xD372, 0xD372, 0xD372, 0xD372, 0xD372, 0xD372, 0xD372,
    0xD372, 0xD372, 0xD372, 0xD372, 0xD372, 0xD372, 0xD372, 0xD372, 0xD372, 0xD372, 0xD372, 0xD372, 0xD372, 0xD372, 0xD372, 0xD372,
    0xD372, 0xD372, 0xD372, 0xD372, 0xD372, 0xD372, 0xD372, 0xD372, 0xD372, 0xD372, 0xD372, 0xD372, 0xD372, 0xD372, 0xD372, 0xD372,
    0xD372, 0xD372, 0xD372, 0xD372, 0xD372, 0xD372, 0xD372, 0xD372, 0xD372, 0xD372, 0xD372, 0xD372, 0xD372, 0xD372, 0xD372, 0xD372,
    0xD372, 0xD372, 0xD372, 0xD372, 0xD372, 0xD372, 0xD372, 0xD372, 0xD372, 0xD372, 0xD372, 0xD372, 0xD372, 0xD372, 0xD372, 0xD372,
    0xD372, 0xD372, 0xD372, 0xD372, 0xD372, 0xD372, 0xD372, 0xD372, 0xD372, 0xD372, 0xD372, 0xD372, 0xD372, 0xD372, 0xD372, 0xD372,
    0xD372, 0xD372, 0xD372, 0xD372, 0xD372, 0xD372, 0xD372, 0xD372, 0xD372, 0xD372, 0xD372, 0xD372, 0xD372, 0xD372, 0xD372, 0xD372,
    0xD372, 0xD372, 0xD372, 0xD372, 0xD372, 0xD372, 0xD372, 0xD372, 0xD372, 0xD372, 0xD372, 0xD372, 0xD372, 0xD372, 0xD372, 0xD372,
    0xD372, 0xD372, 0xD372, 0xD372, 0xD372, 0xD372, 0xD372, 0xD372, 0xD372, 0xD372, 0xD372, 0xD372, 0xD372, 0xD372, 0xD372, 0xD372,
    0xD372, 0xD372, 0xD372, 0xD372, 0xD372, 0xD372, 0xD372, 0xD372, 0xD372, 0xD372, 0xD372, 0xD372, 0xD372, 0xD372, 0xD372, 0xD372,
    0xD372, 0xD372, 0xD372, 0xD372, 0xD372, 0xD372, 0xD372, 0xD372, 0xD372, 0xD372, 0xD372, 0xD372, 0xD372, 0xD372, 0xD372, 0xD372,
    0xD372, 0xD372, 0xD372, 0xD372, 0xD372, 0xD372, 0xD372, 0xD372, 0xD372, 0xD372, 0xD372, 0xD372, 0xD372, 0xD372, 0xD372, 0xD372,
    0xD372, 0xD372, 0xD372, 0xD372, 0xD372, 0xD372, 0xD372, 0xD372, 0xD372, 0xD372, 0xD372, 0xD372, 0xD372, 0xD372, 0xD372, 0xD372,
    0xD372, 0xD372, 0xD372, 0xD372, 0xD372, 0xD372, 0xD372, 0xD372, 0xD372, 0xD372, 0xD372, 0xD372, 0xD372, 0xD372, 0xD372, 0xD372,
    0xD372, 0xD372, 0xD372, 0xD372, 0xD372, 0xD372, 0xD372, 0xD372, 0xD372, 0xD372, 0xD372, 0xD372, 0xD372, 0xD372, 0xD372, 0xD372,
    0xD372, 0xD372, 0xD372, 0xD372, 0xD372, 0xD372, 0xD372, 0xD372, 0xD372, 0xD372, 0xD372, 0xD372, 0xD372, 0xD372, 0xD372, 0xD372,
    0xD372, 0xD372, 0xD372, 0xD372, 0xD372, 0xD372, 0xD372, 0xD372, 0xD372, 0xD372, 0xD372, 0xD372, 0xD372, 0xD372, 0xD372, 0xD372,
    0xD372, 0xD372, 0xD372, 0xD372, 0xD372, 0xD372, 0xD372, 0xD372, 0xD372, 0xD372, 0xD372, 0xD372, 0xD372, 0xD372, 0xD372, 0xD372,
    0xD372, 0xD372, 0xD372, 0xD372, 0xD372, 0xD372, 0xD372, 0xD372, 0xD372, 0xD372, 0xD372, 0xD372, 0xD372, 0xD372, 0xD372, 0xD372,
    0xD372, 0xD372, 0xD372, 0xD372, 0xD372, 0xD372, 0xD372, 0xD372, 0xD372, 0xD372, 0xD372, 0xD372, 0xD372, 0xD372, 0xD372, 0xD372,
    0xD372, 0xD372, 0xD372, 0xD372, 0xD372, 0xD372, 0xD372, 0xD372, 0xD372, 0xD372, 0xD372, 0xD372, 0xD372, 0xD372, 0xD372, 0xD372,
    0xD372, 0xD372, 0xD372, 0xD372, 0xD372, 0xD372, 0xD372, 0xD372, 0xD372, 0xD372, 0xD372, 0xD372, 0xD372, 0xD372, 0xD372, 0xD372,
    0xD372, 0xD372, 0xD372, 0xD372, 0xD372, 0xD372, 0xD372, 0xD372, 0xD372, 0xD372, 0xD372, 0xD372, 0xD372, 0xD372, 0xD372, 0xD372,
    0xD372, 0xD372, 0xD372, 0xD372, 0xD372, 0xD372, 0xD372, 0xD372, 0xD372, 0xD372, 0xD372, 0xD372, 0xD372, 0xD372, 0xD372, 0xD372,
    0xD372, 0xD372, 0xD372, 0xD372, 0xD372, 0xD372, 0xD372, 0xD372, 0xD372, 0xD372, 0xD372, 0xD372, 0xD372, 0xD372, 0xD372, 0xD372,
    0xD372, 0xD372, 0xD372, 0xD372, 0xD372, 0xD372, 0xD372, 0xD372, 0xD372, 0xD372, 0xD372, 0xD372, 0xD372, 0xD372, 0xD372, 0xD372,
    0xD372, 0xD372, 0xD372, 0xD372, 0xD372, 0xD372, 0xD372, 0xD372, 0xD372, 0xD372, 0xD372, 0xD372, 0xD372, 0xD372, 0xD372, 0xD372,
    0xD372, 0xD372, 0xD372, 0xD372, 0xD372, 0xD372, 0xD372, 0xD372, 0xD372, 0xD372, 0xD372, 0xD372, 0xD372, 0xD372, 0xD372, 0xD372,
    0xD372, 0xD372, 0xD372, 0xD372, 0xD372, 0xD372, 0xD372, 0xD372, 0xD372, 0xD372, 0xD372, 0xD372, 0xD372, 0xD372, 0xD372, 0xD372,
    0xD372, 0xD372, 0xD372, 0xD372, 0xD372, 0xD372, 0xD372, 0xD372, 0xD372, 0xD372, 0xD372, 0xD372, 0xD372, 0xD372, 0xD372, 0xD372,
    0xD372, 0xD372, 0xD372, 0xD372, 0xD372, 0xD372, 0xD372, 0xD372, 0xD372, 0xD372, 0xD372, 0xD372, 0xD372, 0xD372, 0xD372, 0xD372,
    0xD372, 0xD372, 0xD372, 0xD372, 0xD372, 0xD372, 0xD372, 0xD372, 0xD372, 0xD372, 0xD372, 0xD372, 0xD372, 0xD372, 0xD372, 0xD372,
    0xD372, 0xD372, 0xD372, 0xD372, 0xD372, 0xD372, 0xD372, 0xD372, 0xD372, 0xD372, 0xD372, 0xD372, 0xD372, 0xD372, 0xD372, 0xD372,
    0xD372, 0xD372, 0xD372, 0xD372, 0xD372, 0xD372, 0xD372, 0xD372, 0xD372, 0xD372, 0xD372, 0xD372, 0xD372, 0xD372, 0xD372, 0xD372,
    0xD372, 0xD372, 0xD372, 0xD372, 0xD372, 0xD372, 0xD372, 0xD372, 0xD372, 0xD372, 0xD372, 0xD372, 0xD372, 0xD372, 0xD372, 0xD372,
    0xD372, 0xD372, 0xD372, 0xD372, 0xD372, 0xD372, 0xD372, 0xD372, 0xD372, 0xD372, 0xD372, 0xD372, 0xD372, 0xD372, 0xD372, 0xD372,
    0xD372, 0xD372, 0xD372, 0xD372, 0xD372, 0xD372, 0xD372, 0xD372, 0xD372, 0xD372, 0xD372, 0xD372, 0xD372, 0xD372, 0xD372, 0xD372,
    0xD372, 0xD372, 0xD372, 0xD372, 0xD372, 0xD372, 0xD372, 0xD372, 0xD372, 0xD372, 0xD372, 0xD372, 0xD372, 0xD372, 0xD372, 0xD372,
    0xD372, 0xD372, 0xD372, 0xD372, 0xD372, 0xD372, 0xD372, 0xD372, 0xD372, 0xD372, 0xD372, 0xD372, 0xD372, 0xD372, 0xD372, 0xD372,
    0xD372, 0xD372, 0xD372, 0xD372, 0xD372, 0xD372, 0xD372, 0xD372, 0xD372, 0xD372, 0xD372, 0xD372, 0xD372, 0xD372, 0xD372, 0xD372,
    0xD372, 0xD372, 0xD372, 0xD372, 0xD372, 0xD372, 0xD372, 0xD372, 0xD372, 0xD372, 0xD372, 0xD372, 0xD372, 0xD372, 0xD372, 0xD372,
    0xD372, 0xD372, 0xD372, 0xD372, 0xD372, 0xD372, 0xD372, 0xD372, 0xD372, 0xD372, 0xD372, 0xD372, 0xD372, 0xD372, 0xD372, 0xD372,
    0xD372, 0xD372, 0xD372, 0xD372, 0xD372, 0xD372, 0xD372, 0xD372, 0xD372, 0xD372, 0xD372, 0xD372, 0xD372, 0xD372, 0xD372, 0xD372,
    0xD372, 0xD372, 0xD372, 0xD372, 0xD372, 0xD372, 0xD372, 0xD372, 0xD372, 0xD372, 0xD372, 0xD372, 0xD372, 0xD372, 0xD372, 0xD372,
    0xD372, 0xD372, 0xD372, 0xD372, 0xD372, 0xD372, 0xD372, 0xD372, 0xD372, 0xD372, 0xD372, 0xD372, 0xD372, 0xD372, 0xD372, 0xD372,
    0xD372, 0xD372, 0xD372, 0xD372, 0xD372, 0xD372, 0xD372, 0xD372, 0xD372, 0xD372, 0xD372, 0xD372, 0xD372, 0xD372, 0xD372, 0xD372,
    0xD372, 0xD372, 0xD372, 0xD372, 0xD372, 0xD372, 0xD372, 0xD372, 0xD372, 0xD372, 0xD372, 0xD372, 0xD372, 0xD372, 0xD372, 0xD372,
    0xD372, 0xD372, 0xD372, 0xD372, 0xD372, 0xD372, 0xD372, 0xD372, 0xD372, 0xD372, 0xD372, 0xD372, 0xD372, 0xD372, 0xD372, 0xD372,
    0xD372, 0xD372, 0xD372, 0xD372, 0xD372, 0xD372, 0xD372, 0xD372, 0xD372, 0xD372, 0xD372, 0xD372, 0xD372, 0xD372, 0xD372, 0xD372,
    0xD372, 0xD372, 0xD372, 0xD372, 0xD372, 0xD372, 0xD372, 0xD372, 0xD372, 0xD372, 0xD372, 0xD372, 0xD372, 0xD372, 0xD372, 0xD372,
    0xD372, 0xD372, 0xD372, 0xD372, 0xD372, 0xD372, 0xD372, 0xD372, 0xD372, 0xD372, 0xD372, 0xD372, 0xD372, 0xD372, 0xD372, 0xD372,
    0xD372, 0xD372, 0xD372, 0xD372, 0xD372, 0xD372, 0xD372, 0xD372, 0xD372, 0xD372, 0xD372, 0xD372, 0xD372, 0xD372, 0xD372, 0xD372,
    0xD372, 0xD372, 0xD372, 0xD372, 0xD372, 0xD372, 0xD372, 0xD372, 0xD372, 0xD372, 0xD372, 0xD372, 0xD372, 0xD372, 0xD372, 0xD372,
    0xD372, 0xD372, 0xD372, 0xD372, 0xD372, 0xD372, 0xD372, 0xD372, 0xD372, 0xD372, 0xD372, 0xD372, 0xD372, 0xD372, 0xD372, 0xD372,
    0xD372, 0xD372, 0xD372, 0xD372, 0xD372, 0xD372, 0xD372, 0xD372, 0xD372, 0xD372, 0xD372, 0xD372, 0xD372, 0xD372, 0xD372, 0xD372,
    0xD372, 0xD372, 0xD372, 0xD372, 0xD372, 0xD372, 0xD372, 0xD372, 0xD372, 0xD372, 0xD372, 0xD372, 0xD372, 0xD372, 0xD372, 0xD372,
    0xD372, 0xD372, 0xD372, 0xD372, 0xD372, 0xD372, 0xD372, 0xD372, 0xD372, 0xD372, 0xD372, 0xD372, 0xD372, 0xD372, 0xD372, 0xD372,
    0xD372, 0xD372, 0xD372, 0xD372, 0xD372, 0xD372, 0xD372, 0xD372, 0xD372, 0xD372, 0xD372, 0xD372, 0xD372, 0xD372, 0xD372, 0xD372,
    0xD372, 0xD372, 0xD372, 0xD372, 0xD372, 0xD372, 0xD372, 0xD372, 0xD372, 0xD372, 0xD372, 0xD372, 0xD372, 0xD372, 0xD372, 0xD372,
    0xD372, 0xD372, 0xD372, 0xD372, 0xD372, 0xD372, 0xD372, 0xD372, 0xD372, 0xD372, 0xD372, 0xD372, 0xD372, 0xD372, 0xD372, 0xD372,
    0xD372, 0xD372, 0xD372, 0xD372, 0xD372, 0xD372, 0xD372, 0xD372, 0xD372, 0xD372, 0xD372, 0xD372, 0xD372, 0xD372, 0xD372, 0xD372,
    0xD372, 0xD372, 0xD372, 0xD372, 0xD372, 0xD372, 0xD372, 0xD372, 0xD372, 0xD372, 0xD372, 0xD372, 0xD372, 0xD372, 0xD372, 0xD372,
    0xD372, 0xD372, 0xD372, 0xD372, 0xD372, 0xD372, 0xD372, 0xD372, 0xD372, 0xD372, 0xD372, 0xD372, 0xD372, 0xD372, 0xD372, 0xD372,
    0xD372, 0xD372, 0xD372, 0xD372, 0xD372, 0xD372, 0xD372, 0xD372, 0xD372, 0xD372, 0xD372, 0xD372, 0xD372, 0xD372, 0xD372, 0xD372,
    0xD372, 0xD372, 0xD372, 0xD372, 0xD372, 0xD372, 0xD372, 0xD372, 0xD372, 0xD372, 0xD372, 0xD372, 0xD372, 0xD372, 0xD372, 0xD372,
    0xD372, 0xD372, 0xD372, 0xD372, 0xD372, 0xD372, 0xD372, 0xD372, 0xD372, 0xD372, 0xD372, 0xD372, 0xD372, 0xD372, 0xD372, 0xD372,
    0xD372, 0xD372, 0xD372, 0xD372, 0xD372, 0xD372, 0xD372, 0xD372, 0xD372, 0xD372, 0xD372, 0xD372, 0xD372, 0xD372, 0xD372, 0xD372,
    0xD372, 0xD372, 0xD372, 0xD372, 0xD372, 0xD372, 0xD372, 0xD372, 0xD372, 0xD372, 0xD372, 0xD372, 0xD372, 0xD372, 0xD372, 0xD372,
    0xD372, 0xD372, 0xD372, 0xD372, 0xD372, 0xD372, 0xD372, 0xD372, 0xD372, 0xD372, 0xD372, 0xD372, 0xD372, 0xD372, 0xD372, 0xD372,
    0xD372, 0xD372, 0xD372, 0xD372, 0xD372, 0xD372, 0xD372, 0xD372, 0xD372, 0xD372, 0xD372, 0xD372, 0xD372, 0xD372, 0xD372, 0xD372,
    0xD372, 0xD372, 0xD372, 0xD372, 0xD372, 0xD372, 0xD372, 0xD372, 0xD372, 0xD372, 0xD372, 0xD372, 0xD372, 0xD372, 0xD372, 0xD372,
    0xD372, 0xD372, 0xD372, 0xD372, 0xD372, 0xD372, 0xD372, 0xD372, 0xD372, 0xD372, 0xD372, 0xD372, 0xD372, 0xD372, 0xD372, 0xD372,
    0xD372, 0xD372, 0xD372, 0xD372, 0xD372, 0xD372, 0xD372, 0xD372, 0xD372, 0xD372, 0xD372, 0xD372, 0xD372, 0xD372, 0xD372, 0xD372,
    0xD372, 0xD372, 0xD372, 0xD372, 0xD372, 0xD372, 0xD372, 0xD372, 0xD372, 0xD372, 0xD372, 0xD372, 0xD372, 0xD372, 0xD372, 0xD372,
    0xD372, 0xD372, 0xD372, 0xD372, 0xD372, 0xD372, 0xD372, 0xD372, 0xD372, 0xD372, 0xD372, 0xD372, 0xD372, 0xD372, 0xD372, 0xD372,
    0xD372, 0xD372, 0xD372, 0xD372, 0xD372, 0xD372, 0xD372, 0xD372, 0xD372, 0xD372, 0xD372, 0xD372, 0xD372, 0xD372, 0xD372, 0xD372,
    0xD372, 0xD372, 0xD372, 0xD372, 0xD372, 0xD372, 0xD372, 0xD372, 0xD372, 0xD372, 0xD372, 0xD372, 0xD372, 0xD372, 0xD372, 0xD372,
    0xD372, 0xD372, 0xD372, 0xD372, 0xD372, 0xD372, 0xD372, 0xD372, 0xD372, 0xD372, 0xD372, 0xD372, 0xD372, 0xD372, 0xD372, 0xD372,
    0xD372, 0xD372, 0xD372, 0xD372, 0xD372, 0xD372, 0xD372, 0xD372, 0xD372, 0xD372, 0xD372, 0xD372, 0xD372, 0xD372, 0xD372, 0xD372,
    0xD372, 0xD372, 0xD372, 0xD372, 0xD372, 0xD372, 0xD372, 0xD372, 0xD372, 0xD372, 0xD372, 0xD372, 0xD372, 0xD372, 0xD372, 0xD372,
    0xD372, 0xD372, 0xD372, 0xD372, 0xD372, 0xD372, 0xD372, 0xD372, 0xD372, 0xD372, 0xD372, 0xD372, 0xD372, 0xD372, 0xD372, 0xD372,
    0xD372, 0xD372, 0xD372, 0xD372, 0xD372, 0xD372, 0xD372, 0xD372, 0xD372, 0xD372, 0xD372, 0xD372, 0xD372, 0xD372, 0xD372, 0xD372,
    0xD372, 0xD372, 0xD372, 0xD372, 0xD372, 0xD372, 0xD372, 0xD372, 0xD372, 0xD372, 0xD372, 0xD372, 0xD372, 0xD372, 0xD372, 0xD372,
    0xD372, 0xD372, 0xD372, 0xD372, 0xD372, 0xD372, 0xD372, 0xD372, 0xD372, 0xD372, 0xD372, 0xD372, 0xD372, 0xD372, 0xD372, 0xD372,
    0xD372, 0xD372, 0xD372, 0xD372, 0xD372, 0xD372, 0xD372, 0xD372, 0xD372, 0xD372, 0xD372, 0xD372, 0xD372, 0xD372, 0xD372, 0xD372,
    0xD372, 0xD372, 0xD372, 0xD372, 0xD372, 0xD372, 0xD372, 0xD372, 0xD372, 0xD372, 0xD372, 0xD372, 0xD372, 0xD372, 0xD372, 0xD372,
    0xD372, 0xD372, 0xD372, 0xD372, 0xD372, 0xD372, 0xD372, 0xD372, 0xD372, 0xD372, 0xD372, 0xD372, 0xD372, 0xD372, 0xD372, 0xD372,
    0xD372, 0xD372, 0xD372, 0xD372, 0xD372, 0xD372, 0xD372, 0xD372, 0xD372, 0xD372, 0xD372, 0xD372, 0xD372, 0xD372, 0xD372, 0xD372,
    0xD372, 0xD372, 0xD372, 0xD372, 0xD372, 0xD372, 0xD372, 0xD372, 0xD372, 0xD372, 0xD372, 0xD372, 0xD372, 0xD372, 0xD372, 0xD372,
    0xD372, 0xD372, 0xD372, 0xD372, 0xD372, 0xD372, 0xD372, 0xD372, 0xD372, 0xD372, 0xD372, 0xD372, 0xD372, 0xD372, 0xD372, 0xD372,
    0xD372, 0xD372, 0xD372, 0xD372, 0xD372, 0xD372, 0xD372, 0xD372, 0xD372, 0xD372, 0xD372, 0xD372, 0xD372, 0xD372, 0xD372, 0xD372,
    0xD372, 0xD372, 0xD372, 0xD372, 0xD372, 0xD372, 0xD372, 0xD372, 0xD372, 0xD372, 0xD372, 0xD372, 0xD372, 0xD372, 0xD372, 0xD372,
    0xD372, 0xD372, 0xD372, 0xD372, 0xD372, 0xD372, 0xD372, 0xD372, 0xD372, 0xD372, 0xD372, 0xD372, 0xD372, 0xD372, 0xD372, 0xD372,
    0xD372, 0xD372, 0xD372, 0xD372, 0xD372, 0xD372, 0xD372, 0xD372, 0xD372, 0xD372, 0xD372, 0xD372, 0xD372, 0xD372, 0xD372, 0xD372,
    0xD372, 0xD372, 0xD372, 0xD372, 0xD372, 0xD372, 0xD372, 0xD372, 0xD372, 0xD372, 0xD372, 0xD372, 0xD372, 0xD372, 0xD372, 0xD372,
    0xD372, 0xD372, 0xD372, 0xD372, 0xD372, 0xD372, 0xD372, 0xD372, 0xD372, 0xD372, 0xD372, 0xD372, 0xD372, 0xD372, 0xD372, 0xD372,
    0xD372, 0xD372, 0xD372, 0xD372, 0xD372, 0xD372, 0xD372, 0xD372, 0xD372, 0xD372, 0xD372, 0xD372, 0xD372, 0xD372, 0xD372, 0xD372,
    0xD372, 0xD372, 0xD372, 0xD372, 0xD372, 0xD372, 0xD372, 0xD372, 0xD372, 0xD372, 0xD372, 0xD372, 0xD372, 0xD372, 0xD372, 0xD372,
    0xD372, 0xD372, 0xD372, 0xD372, 0xD372, 0xD372, 0xD372, 0xD372, 0xD372, 0xD372, 0xD372, 0xD372, 0xD372, 0xD372, 0xD372, 0xD372,
    0xD372, 0xD372, 0xD372, 0xD372, 0xD372, 0xD372, 0xD372, 0xD372, 0xD372, 0xD372, 0xD372, 0xD372, 0xD372, 0xD372, 0xD372, 0xD372,
    0xD372, 0xD372, 0xD372, 0xD372, 0xD372, 0xD372, 0xD372, 0xD372, 0xD372, 0xD372, 0xD372, 0xD372, 0xD372, 0xD372, 0xD372, 0xD372,
    0xD372, 0xD372, 0xD372, 0xD372, 0xD372, 0xD372, 0xD372, 0xD372, 0xD372, 0xD372, 0xD372, 0xD372, 0xD372, 0xD372, 0xD372, 0xD372,
    0xD372, 0xD372, 0xD372, 0xD372, 0xD372, 0xD372, 0xD372, 0xD372, 0xD372, 0xD372, 0xD372, 0xD372, 0xD372, 0xD372, 0xD372, 0xD372,
    0xD372, 0xD372, 0xD372, 0xD372, 0xD372, 0xD372, 0xD372, 0xD372, 0xD372, 0xD372, 0xD372, 0xD372, 0xD372, 0xD372, 0xD372, 0xD372,
    0xD372, 0xD372, 0xD372, 0xD372, 0xD372, 0xD372, 0xD372, 0xD372, 0xD372, 0xD372, 0xD372, 0xD372, 0xD372, 0xD372, 0xD372, 0xD372,
    0xD372, 0xD372, 0xD372, 0xD372, 0xD372, 0xD372, 0xD372, 0xD372, 0xD372, 0xD372, 0xD372, 0xD372, 0xD372, 0xD372, 0xD372, 0xD372,
    0xD372, 0xD372, 0xD372, 0xD372, 0xD372, 0xD372, 0xD372, 0xD372, 0xD372, 0xD372, 0xD372, 0xD372, 0xD372, 0xD372, 0xD372, 0xD372,
    0xD372, 0xD372, 0xD372, 0xD372, 0xD372, 0xD372, 0xD372, 0xD372, 0xD372, 0xD372, 0xD372, 0xD372, 0xD372, 0xD372, 0xD372, 0xD372,
    0xD372, 0xD372, 0xD372, 0xD372, 0xD372, 0xD372, 0xD372, 0xD372, 0xD372, 0xD372, 0xD372, 0xD372, 0xD372, 0xD372, 0xD372, 0xD372,
    0xD372, 0xD372, 0xD372, 0xD372, 0xD372, 0xD372, 0xD372, 0xD372, 0xD372, 0xD372, 0xD372, 0xD372, 0xD372, 0xD372, 0xD372, 0xD372,
    0xD372, 0xD372, 0xD372, 0xD372, 0xD372, 0xD372, 0xD372, 0xD372, 0xD372, 0xD372, 0xD372, 0xD372, 0xD372, 0xD372, 0xD372, 0xD372,
    0xD372, 0xD372, 0xD372, 0xD372, 0xD372, 0xD372, 0xD372, 0xD372, 0xD372, 0xD372, 0xD372, 0xD372, 0xD372, 0xD372, 0xD372, 0xD372,
    0xD372, 0xD372, 0xD372, 0xD372, 0xD372, 0xD372, 0xD372, 0xD372, 0xD372, 0xD372, 0xD372, 0xD372, 0xD372, 0xD372, 0xD372, 0xD372,
    0xD372, 0xD372, 0xD372, 0xD372, 0xD372, 0xD372, 0xD372, 0xD372, 0xD372, 0xD372, 0xD372, 0xD372, 0xD372, 0xD372, 0xD372, 0xD372,
    0xD372, 0xD372, 0xD372, 0xD372, 0xD372, 0xD372, 0xD372, 0xD372, 0xD372, 0xD372, 0xD372, 0xD372, 0xD372, 0xD372, 0xD372, 0xD372,
    0xD372, 0xD372, 0xD372, 0xD372, 0xD372, 0xD372, 0xD372, 0xD372, 0xD372, 0xD372, 0xD372, 0xD372, 0xD372, 0xD372, 0xD372, 0xD372,
    0xD372, 0xD372, 0xD372, 0xD372, 0xD372, 0xD372, 0xD372, 0xD372, 0xD372, 0xD372, 0xD372, 0xD372, 0xD372, 0xD372, 0xD372, 0xD372,
    0xD372, 0xD372, 0xD372, 0xD372, 0xD372, 0xD372, 0xD372, 0xD372, 0xD372, 0xD372, 0xD372, 0xD372, 0xD372, 0xD372, 0xD372, 0xD372,
    0xD372, 0xD372, 0xD372, 0xD372, 0xD372, 0xD372, 0xD372, 0xD372, 0xD372, 0xD372, 0xD372, 0xD372, 0xD372, 0xD372, 0xD372, 0xD372,
    0xD372, 0xD372, 0xD372, 0xD372, 0xD372, 0xD372, 0xD372, 0xD372, 0xD372, 0xD372, 0xD372, 0xD372, 0xD372, 0xD372, 0xD372, 0xD372,
    0xD372, 0xD372, 0xD372, 0xD372, 0xD372, 0xD372, 0xD372, 0xD372, 0xD372, 0xD372, 0xD372, 0xD372, 0xD372, 0xD372, 0xD372, 0xD372,
    0xD372, 0xD372, 0xD372, 0xD372, 0xD372, 0xD372, 0xD372, 0xD372, 0xD372, 0xD372, 0xD372, 0xD372, 0xD372, 0xD372, 0xD372, 0xD372,
    0xD372, 0xD372, 0xD372, 0xD372, 0xD372, 0xD372, 0xD372, 0xD372, 0xD372, 0xD372, 0xD372, 0xD372, 0xD372, 0xD372, 0xD372, 0xD372,
    0xD372, 0xD372, 0xD372, 0xD372, 0xD372, 0xD372, 0xD372, 0xD372, 0xD372, 0xD372, 0xD372, 0xD372, 0xD372, 0xD372, 0xD372, 0xD372,
    0xD372, 0xD372, 0xD372, 0xD372, 0xD372, 0xD372, 0xD372, 0xD372, 0xD372, 0xD372, 0xD372, 0xD372, 0xD372, 0xD372, 0xD372, 0xD372,
    0xD372, 0xD372, 0xD372, 0xD372, 0xD372, 0xD372, 0xD372, 0xD372, 0xD372, 0xD372, 0xD372, 0xD372, 0xD372, 0xD372, 0xD372, 0xD372,
    0xD372, 0xD372, 0xD372, 0xD372, 0xD372, 0xD372, 0xD372, 0xD372, 0xD372, 0xD372, 0xD372, 0xD372, 0xD372, 0xD372, 0xD372, 0xD372,
    0xD372, 0xD372, 0xD372, 0xD372, 0xD372, 0xD372, 0xD372, 0xD372, 0xD372, 0xD372, 0xD372, 0xD372, 0xD372, 0xD372, 0xD372, 0xD372,
    0xD372, 0xD372, 0xD372, 0xD372, 0xD372, 0xD372, 0xD372, 0xD372, 0xD372, 0xD372, 0xD372, 0xD372, 0xD372, 0xD372, 0xD372, 0xD372,
    0xD372, 0xD372, 0xD372, 0xD372, 0xD372, 0xD372, 0xD372, 0xD372, 0xD372, 0xD372, 0xD372, 0xD372, 0xD372, 0xD372, 0xD372, 0xD372,
    0xD372, 0xD372, 0xD372, 0xD372, 0xD372, 0xD372, 0xD372, 0xD372, 0xD372, 0xD372, 0xD372, 0xD372, 0xD372, 0xD372, 0xD372, 0xD372,
    0xD372, 0xD372, 0xD372, 0xD372, 0xD372, 0xD372, 0xD372, 0xD372, 0xD372, 0xD372, 0xD372, 0xD372, 0xD372, 0xD372, 0xD372, 0xD372,
    0xD372, 0xD372, 0xD372, 0xD372, 0xD372, 0xD372, 0xD372, 0xD372, 0xD372, 0xD372, 0xD372, 0xD372, 0xD372, 0xD372, 0xD372, 0xD372,
    0xD372, 0xD372, 0xD372, 0xD372, 0xD372, 0xD372, 0xD372, 0xD372, 0xD372, 0xD372, 0xD372, 0xD372, 0xD372, 0xD372, 0xD372, 0xD372,
    0xD372, 0xD372, 0xD372, 0xD372, 0xD372, 0xD372, 0xD372, 0xD372, 0xD372, 0xD372, 0xD372, 0xD372, 0xD372, 0xD372, 0xD372, 0xD372,
    0xD372, 0xD372, 0xD372, 0xD372, 0xD372, 0xD372, 0xD372, 0xD372, 0xD372, 0xD372, 0xD372, 0xD372, 0xD372, 0xD372, 0xD372, 0xD372,
    0xD372, 0xD372, 0xD372, 0xD372, 0xD372, 0xD372, 0xD372, 0xD372, 0xD372, 0xD372, 0xD372, 0xD372, 0xD372, 0xD372, 0xD372, 0xD372,
    0xD372, 0xD372, 0xD372, 0xD372, 0xD372, 0xD372, 0xD372, 0xD372, 0xD372, 0xD372, 0xD372, 0xD372, 0xD372, 0xD372, 0xD372, 0xD372,
    0xD372, 0xD372, 0xD372, 0xD372, 0xD372, 0xD372, 0xD372, 0xD372, 0xD372, 0xD372, 0xD372, 0xD372, 0xD372, 0xD372, 0xD372, 0xD372,
    0xD372, 0xD372, 0xD372, 0xD372, 0xD372, 0xD372, 0xD372, 0xD372, 0xD372, 0xD372, 0xD372, 0xD372, 0xD372, 0xD372, 0xD372, 0xD372,
    0xD372, 0xD372, 0xD372, 0xD372, 0xD372, 0xD372, 0xD372, 0xD372, 0xD372, 0xD372, 0xD372, 0xD372, 0xD372, 0xD372, 0xD372, 0xD372,
    0xD372, 0xD372, 0xD372, 0xD372, 0xD372, 0xD372, 0xD372, 0xD372, 0xD372, 0xD372, 0xD372, 0xD372, 0xD372, 0xD372, 0xD372, 0xD372,
    0xD372, 0xD372, 0xD372, 0xD372, 0xD372, 0xD372, 0xD372, 0xD372, 0xD372, 0xD372, 0xD372, 0xD372, 0xD372, 0xD372, 0xD372, 0xD372,
    0xD372, 0xD372, 0xD372, 0xD372, 0xD372, 0xD372, 0xD372, 0xD372, 0xD372, 0xD372, 0xD372, 0xD372, 0xD372, 0xD372, 0xD372, 0xD372,
    0xD372, 0xD372, 0xD372, 0xD372, 0xD372, 0xD372, 0xD372, 0xD372, 0xD372, 0xD372, 0xD372, 0xD372, 0xD372, 0xD372, 0xD372, 0xD372,
    0xD372, 0xD372, 0xD372, 0xD372, 0xD372, 0xD372, 0xD372, 0xD372, 0xD372, 0xD372, 0xD372, 0xD372, 0xD372, 0xD372, 0xD372, 0xD372,
    0xD372, 0xD372, 0xD372, 0xD372, 0xD372, 0xD372, 0xD372, 0xD372, 0xD372, 0xD372, 0xD372, 0xD372, 0xD372, 0xD372, 0xD372, 0xD372,
    0xD372, 0xD372, 0xD372, 0xD372, 0xD372, 0xD372, 0xD372, 0xD372, 0xD372, 0xD372, 0xD372, 0xD372, 0xD372, 0xD372, 0xD372, 0xD372,
    0xD372, 0xD372, 0xD372, 0xD372, 0xD372, 0xD372, 0xD372, 0xD372, 0xD372, 0xD372, 0xD372, 0xD372, 0xD372, 0xD372, 0xD372, 0xD372,
    0xD372, 0xD372, 0xD372, 0xD372, 0xD372, 0xD372, 0xD372, 0xD372, 0xD372, 0xD372, 0xD372, 0xD372, 0xD372, 0xD372, 0xD372, 0xD372,
    0xD372, 0xD372, 0xD372, 0xD372, 0xD372, 0xD372, 0xD372, 0xD372, 0xD372, 0xD372, 0xD372, 0xD372, 0xD372, 0xD372, 0xD372, 0xD372,
    0xD372, 0xD372, 0xD372, 0xD372, 0xD372, 0xD372, 0xD372, 0xD372, 0xD372, 0xD372, 0xD372, 0xD372, 0xD372, 0xD372, 0xD372, 0xD372,
    0xD372, 0xD372, 0xD372, 0xD372, 0xD372, 0xD372, 0xD372, 0xD372, 0xD372, 0xD372, 0xD372, 0xD372, 0xD372, 0xD372, 0xD372, 0xD372,
    0xD372, 0xD372, 0xD372, 0xD372, 0xD372, 0xD372, 0xD372, 0xD372, 0xD372, 0xD372, 0xD372, 0xD372, 0xD372, 0xD372, 0xD372, 0xD372,
    0xD372, 0xD372, 0xD372, 0xD372, 0xD372, 0xD372, 0xD372, 0xD372, 0xD372, 0xD372, 0xD372, 0xD372, 0xD372, 0xD372, 0xD372, 0xD372,
    0xD372, 0xD372, 0xD372, 0xD372, 0xD372, 0xD372, 0xD372, 0xD372, 0xD372, 0xD372, 0xD372, 0xD372, 0xD372, 0xD372, 0xD372, 0xD372,
    0xD372, 0xD372, 0xD372, 0xD372, 0xD372, 0xD372, 0xD372, 0xD372, 0xD372, 0xD372, 0xD372, 0xD372, 0xD372, 0xD372, 0xD372, 0xD372,
    0xD372, 0xD372, 0xD372, 0xD372, 0xD372, 0xD372, 0xD372, 0xD372, 0xD372, 0xD372, 0xD372, 0xD372, 0xD372, 0xD372, 0xD372, 0xD372,
    0xD372, 0xD372, 0xD372, 0xD372, 0xD372, 0xD372, 0xD372, 0xD372, 0xD372, 0xD372, 0xD372, 0xD372, 0xD372, 0xD372, 0xD372, 0xD372,
    0xD372, 0xD372, 0xD372, 0xD372, 0xD372, 0xD372, 0xD372, 0xD372, 0xD372, 0xD372, 0xD372, 0xD372, 0xD372, 0xD372, 0xD372, 0xD372,
    0xD372, 0xD372, 0xD372, 0xD372, 0xD372, 0xD372, 0xD372, 0xD372, 0xD372, 0xD372, 0xD372, 0xD372, 0xD372, 0xD372, 0xD372, 0xD372,
    0xD372, 0xD372, 0xD372, 0xD372, 0xD372, 0xD372, 0xD372, 0xD372, 0xD372, 0xD372, 0xD372, 0xD372, 0xD372, 0xD372, 0xD372, 0xD372,
    0xD372, 0xD372, 0xD372, 0xD372, 0xD372, 0xD372, 0xD372, 0xD372, 0xD372, 0xD372, 0xD372, 0xD372, 0xD372, 0xD372, 0xD372, 0xD372,
    0xD372, 0xD372, 0xD372, 0xD372, 0xD372, 0xD372, 0xD372, 0xD372, 0xD372, 0xD372, 0xD372, 0xD372, 0xD372, 0xD372, 0xD372, 0xD372,
    0xD372, 0xD372, 0xD372, 0xD372, 0xD372, 0xD372, 0xD372, 0xD372, 0xD372, 0xD372, 0xD372, 0xD372, 0xD372, 0xD372, 0xD372, 0xD372,
    0xD372, 0xD372, 0xD372, 0xD372, 0xD372, 0xD372, 0xD372, 0xD372, 0xD372, 0xD372, 0xD372, 0xD372, 0xD372, 0xD372, 0xD372, 0xD372,
    0xD372, 0xD372, 0xD372, 0xD372, 0xD372, 0xD372, 0xD372, 0xD372, 0xD372, 0xD372, 0xD372, 0xD372, 0xD372, 0xD372, 0xD372, 0xD372,
    0xD372, 0xD372, 0xD372, 0xD372, 0xD372, 0xD372, 0xD372, 0xD372, 0xD372, 0xD372, 0xD372, 0xD372, 0xD372, 0xD372, 0xD372, 0xD372,
    0xD372, 0xD372, 0xD372, 0xD372, 0xD372, 0xD372, 0xD372, 0xD372, 0xD372, 0xD372, 0xD372, 0xD372, 0xD372, 0xD372, 0xD372, 0xD372,
    0xD372, 0xD372, 0xD372, 0xD372, 0xD372, 0xD372, 0xD372, 0xD372, 0xD372, 0xD372, 0xD372, 0xD372, 0xD372, 0xD372, 0xD372, 0xD372,
    0xD372, 0xD372, 0xD372, 0xD372, 0xD372, 0xD372, 0xD372, 0xD372, 0xD372, 0xD372, 0xD372, 0xD372, 0xD372, 0xD372, 0xD372, 0xD372,
    0xD372, 0xD372, 0xD372, 0xD372, 0xD372, 0xD372, 0xD372, 0xD372, 0xD372, 0xD372, 0xD372, 0xD372, 0xD372, 0xD372, 0xD372, 0xD372,
    0xD372, 0xD372, 0xD372, 0xD372, 0xD372, 0xD372, 0xD372, 0xD372, 0xD372, 0xD372, 0xD372, 0xD372, 0xD372, 0xD372, 0xD372, 0xD372,
    0xD372, 0xD372, 0xD372, 0xD372, 0xD372, 0xD372, 0xD372, 0xD372, 0xD372, 0xD372, 0xD372, 0xD372, 0xD372, 0xD372, 0xD372, 0xD372,
    0xD372, 0xD372, 0xD372, 0xD372, 0xD372, 0xD372, 0xD372, 0xD372, 0xD372, 0xD372, 0xD372, 0xD372, 0xD372, 0xD372, 0xD372, 0xD372,
    0xD372, 0xD372, 0xD372, 0xD372, 0xD372, 0xD372, 0xD372, 0xD372, 0xD372, 0xD372, 0xD372, 0xD372, 0xD372, 0xD372, 0xD372, 0xD372,
    0xD372, 0xD372, 0xD372, 0xD372, 0xD372, 0xD372, 0xD372, 0xD372, 0xD372, 0xD372, 0xD372, 0xD372, 0xD372, 0xD372, 0xD372, 0xD372,
    0xD372, 0xD372, 0xD372, 0xD372, 0xD372, 0xD372, 0xD372, 0xD372, 0xD372, 0xD372, 0xD372, 0xD372, 0xD372, 0xD372, 0xD372, 0xD372,
    0xD372, 0xD372, 0xD372, 0xD372, 0xD372, 0xD372, 0xD372, 0xD372, 0xD372, 0xD372, 0xD372, 0xD372, 0xD372, 0xD372, 0xD372, 0xD372,
    0xD372, 0xD372, 0xD372, 0xD372, 0xD372, 0xD372, 0xD372, 0xD372, 0xD372, 0xD372, 0xD372, 0xD372, 0xD372, 0xD372, 0xD372, 0xD372,
    0xD372, 0xD372, 0xD372, 0xD372, 0xD372, 0xD372, 0xD372, 0xD372, 0xD372, 0xD372, 0xD372, 0xD372, 0xD372, 0xD372, 0xD372, 0xD372,
    0xD372, 0xD372, 0xD372, 0xD372, 0xD372, 0xD372, 0xD372, 0xD372, 0xD372, 0xD372, 0xD372, 0xD372, 0xD372, 0xD372, 0xD372, 0xD372,
    0xD372, 0xD372, 0xD372, 0xD372, 0xD372, 0xD372, 0xD372, 0xD372, 0xD372, 0xD372, 0xD372, 0xD372, 0xD372, 0xD372, 0xD372, 0xD372,
    0xD372, 0xD372, 0xD372, 0xD372, 0xD372, 0xD372, 0xD372, 0xD372, 0xD372, 0xD372, 0xD372, 0xD372, 0xD372, 0xD372, 0xD372, 0xD372,
    0xD372, 0xD372, 0xD372, 0xD372, 0xD372, 0xD372, 0xD372, 0xD372, 0xD372, 0xD372, 0xD372, 0xD372, 0xD372, 0xD372, 0xD372, 0xD372,
    0xD372, 0xD372, 0xD372, 0xD372, 0xD372, 0xD372, 0xD372, 0xD372, 0xD372, 0xD372, 0xD372, 0xD372, 0xD372, 0xD372, 0xD372, 0xD372,
    0xD372, 0xD372, 0xD372, 0xD372, 0xD372, 0xD372, 0xD372, 0xD372, 0xD372, 0xD372, 0xD372, 0xD372, 0xD372, 0xD372, 0xD372, 0xD372,
    0xD372, 0xD372, 0xD372, 0xD372, 0xD372, 0xD372, 0xD372, 0xD372, 0xD372, 0xD372, 0xD372, 0xD372, 0xD372, 0xD372, 0xD372, 0xD372,
    0xD372, 0xD372, 0xD372, 0xD372, 0xD372, 0xD372, 0xD372, 0xD372, 0xD372, 0xD372, 0xD372, 0xD372, 0xD372, 0xD372, 0xD372, 0xD372,
    0xD372, 0xD372, 0xD372, 0xD372, 0xD372, 0xD372, 0xD372, 0xD372, 0xD372, 0xD372, 0xD372, 0xD372, 0xD372, 0xD372, 0xD372, 0xD372,
    0xD372, 0xD372, 0xD372, 0xD372, 0xD372, 0xD372, 0xD372, 0xD372, 0xD372, 0xD372, 0xD372, 0xD372, 0xD372, 0xD372, 0xD372, 0xD372,
    0xD372, 0xD372, 0xD372, 0xD372, 0xD372, 0xD372, 0xD372, 0xD372, 0xD372, 0xD372, 0xD372, 0xD372, 0xD372, 0xD372, 0xD372, 0xD372,
    0xD372, 0xD372, 0xD372, 0xD372, 0xD372, 0xD372, 0xD372, 0xD372, 0xD372, 0xD372, 0xD372, 0xD372, 0xD372, 0xD372, 0xD372, 0xD372,
    0xD372, 0xD372, 0xD372, 0xD372, 0xD372, 0xD372, 0xD372, 0xD372, 0xD372, 0xD372, 0xD372, 0xD372, 0xD372, 0xD372, 0xD372, 0xD372,
    0xD372, 0xD372, 0xD372, 0xD372, 0xD372, 0xD372, 0xD372, 0xD372, 0xD372, 0xD372, 0xD372, 0xD372, 0xD372, 0xD372, 0xD372, 0xD372,
    0xD372, 0xD372, 0xD372, 0xD372, 0xD372, 0xD372, 0xD372, 0xD372, 0xD372, 0xD372, 0xD372, 0xD372, 0xD372, 0xD372, 0xD372, 0xD372,
    0xD372, 0xD372, 0xD372, 0xD372, 0xD372, 0xD372, 0xD372, 0xD372, 0xD372, 0xD372, 0xD372, 0xD372, 0xD372, 0xD372, 0xD372, 0xD372,
    0xD372, 0xD372, 0xD372, 0xD372, 0xD372, 0xD372, 0xD372, 0xD372, 0xD372, 0xD372, 0xD372, 0xD372, 0xD372, 0xD372, 0xD372, 0xD372,
    0xD372, 0xD372, 0xD372, 0xD372, 0xD372, 0xD372, 0xD372, 0xD372, 0xD372, 0xD372, 0xD372, 0xD372, 0xD372, 0xD372, 0xD372, 0xD372,
    0xD372, 0xD372, 0xD372, 0xD372, 0xD372, 0xD372, 0xD372, 0xD372, 0xD372, 0xD372, 0xD372, 0xD372, 0xD372, 0xD372, 0xD372, 0xD372,
    0xD372, 0xD372, 0xD372, 0xD372, 0xD372, 0xD372, 0xD372, 0xD372, 0xD372, 0xD372, 0xD372, 0xD372, 0xD372, 0xD372, 0xD372, 0xD372,
    0xD372, 0xD372, 0xD372, 0xD372, 0xD372, 0xD372, 0xD372, 0xD372, 0xD372, 0xD372, 0xD372, 0xD372, 0xD372, 0xD372, 0xD372, 0xD372,
    0xD372, 0xD372, 0xD372, 0xD372, 0xD372, 0xD372, 0xD372, 0xD372, 0xD372, 0xD372, 0xD372, 0xD372, 0xD372, 0xD372, 0xD372, 0xD372,
    0xD372, 0xD372, 0xD372, 0xD372, 0xD372, 0xD372, 0xD372, 0xD372, 0xD372, 0xD372, 0xD372, 0xD372, 0xD372, 0xD372, 0xD372, 0xD372,
    0xD372, 0xD372, 0xD372, 0xD372, 0xD372, 0xD372, 0xD372, 0xD372, 0xD372, 0xD372, 0xD372, 0xD372, 0xD372, 0xD372, 0xD372, 0xD372,
    0xD372, 0xD372, 0xD372, 0xD372, 0xD372, 0xD372, 0xD372, 0xD372, 0xD372, 0xD372, 0xD372, 0xD372, 0xD372, 0xD372, 0xD372, 0xD372,
    0xD372, 0xD372, 0xD372, 0xD372, 0xD372, 0xD372, 0xD372, 0xD372, 0xD372, 0xD372, 0xD372, 0xD372, 0xD372, 0xD372, 0xD372, 0xD372,
    0xD372, 0xD372, 0xD372, 0xD372, 0xD372, 0xD372, 0xD372, 0xD372, 0xD372, 0xD372, 0xD372, 0xD372, 0xD372, 0xD372, 0xD372, 0xD372,
    0xD372, 0xD372, 0xD372, 0xD372, 0xD372, 0xD372, 0xD372, 0xD372, 0xD372, 0xD372, 0xD372, 0xD372, 0xD372, 0xD372, 0xD372, 0xD372,
    0xD372, 0xD372, 0xD372, 0xD372, 0xD372, 0xD372, 0xD372, 0xD372, 0xD372, 0xD372, 0xD372, 0xD372, 0xD372, 0xD372, 0xD372, 0xD372,
    0xD372, 0xD372, 0xD372, 0xD372, 0xD372, 0xD372, 0xD372, 0xD372, 0xD372, 0xD372, 0xD372, 0xD372, 0xD372, 0xD372, 0xD372, 0xD372,
    0xD372, 0xD372, 0xD372, 0xD372, 0xD372, 0xD372, 0xD372, 0xD372, 0xD372, 0xD372, 0xD372, 0xD372, 0xD372, 0xD372, 0xD372, 0xD372,
    0xD372, 0xD372, 0xD372, 0xD372, 0xD372, 0xD372, 0xD372, 0xD372, 0xD372, 0xD372, 0xD372, 0xD372, 0xD372, 0xD372, 0xD372, 0xD372,
    0xD372, 0xD372, 0xD372, 0xD372, 0xD372, 0xD372, 0xD372, 0xD372, 0xD372, 0xD372, 0xD372, 0xD372, 0xD372, 0xD372, 0xD372, 0xD372,
    0xD372, 0xD372, 0xD372, 0xD372, 0xD372, 0xD372, 0xD372, 0xD372, 0xD372, 0xD372, 0xD372, 0xD372, 0xD372, 0xD372, 0xD372, 0xD372,
    0xD372, 0xD372, 0xD372, 0xD372, 0xD372, 0xD372, 0xD372, 0xD372, 0xD372, 0xD372, 0xD372, 0xD372, 0xD372, 0xD372, 0xD372, 0xD372,
    0xD372, 0xD372, 0xD372, 0xD372, 0xD372, 0xD372, 0xD372, 0xD372, 0xD372, 0xD372, 0xD372, 0xD372, 0xD372, 0xD372, 0xD372, 0xD372,
    0xD372, 0xD372, 0xD372, 0xD372, 0xD372, 0xD372, 0xD372, 0xD372, 0xD372, 0xD372, 0xD372, 0xD372, 0xD372, 0xD372, 0xD372, 0xD372,
    0xD372, 0xD372, 0xD372, 0xD372, 0xD372, 0xD372, 0xD372, 0xD372, 0xD372, 0xD372, 0xD372, 0xD372, 0xD372, 0xD372, 0xD372, 0xD372,
    0xD372, 0xD372, 0xD372, 0xD372, 0xD372, 0xD372, 0xD372, 0xD372, 0xD372, 0xD372, 0xD372, 0xD372, 0xD372, 0xD372, 0xD372, 0xD372,
    0xD372, 0xD372, 0xD372, 0xD372, 0xD372, 0xD372, 0xD372, 0xD372, 0xD372, 0xD372, 0xD372, 0xD372, 0xD372, 0xD372, 0xD372, 0xD372,
    0xD372, 0xD372, 0xD372, 0xD372, 0xD372, 0xD372, 0xD372, 0xD372, 0xD372, 0xD372, 0xD372, 0xD372, 0xD372, 0xD372, 0xD372, 0xD372,
    0xD372, 0xD372, 0xD372, 0xD372, 0xD372, 0xD372, 0xD372, 0xD372, 0xD372, 0xD372, 0xD372, 0xD372, 0xD372, 0xD372, 0xD372, 0xD372,
    0xD372, 0xD372, 0xD372, 0xD372, 0xD372, 0xD372, 0xD372, 0xD372, 0xD372, 0xD372, 0xD372, 0xD372, 0xD372, 0xD372, 0xD372, 0xD372,
    0xD372, 0xD372, 0xD372, 0xD372, 0xD372, 0xD372, 0xD372, 0xD372, 0xD372, 0xD372, 0xD372, 0xD372, 0xD372, 0xD372, 0xD372, 0xD372,
    0xD372, 0xD372, 0xD372, 0xD372, 0xD372, 0xD372, 0xD372, 0xD372, 0xD372, 0xD372, 0xD372, 0xD372, 0xD372, 0xD372, 0xD372, 0xD372,
    0xD372, 0xD372, 0xD372, 0xD372, 0xD372, 0xD372, 0xD372, 0xD372, 0xD372, 0xD372, 0xD372, 0xD372, 0xD372, 0xD372, 0xD372, 0xD372,
    0xD372, 0xD372, 0xD372, 0xD372, 0xD372, 0xD372, 0xD372, 0xD372, 0xD372, 0xD372, 0xD372, 0xD372, 0xD372, 0xD372, 0xD372, 0xD372,
    0xD372, 0xD372, 0xD372, 0xD372, 0xD372, 0xD372, 0xD372, 0xD372, 0xD372, 0xD372, 0xD372, 0xD372, 0xD372, 0xD372, 0xD372, 0xD372,
    0xD372, 0xD372, 0xD372, 0xD372, 0xD372, 0xD372, 0xD372, 0xD372, 0xD372, 0xD372, 0xD372, 0xD372, 0xD372, 0xD372, 0xD372, 0xD372,
    0xD372, 0xD372, 0xD372, 0xD372, 0xD372, 0xD372, 0xD372, 0xD372, 0xD372, 0xD372, 0xD372, 0xD372, 0xD372, 0xD372, 0xD372, 0xD372,
    0xD372, 0xD372, 0xD372, 0xD372, 0xD372, 0xD372, 0xD372, 0xD372, 0xD372, 0xD372, 0xD372, 0xD372, 0xD372, 0xD372, 0xD372, 0xD372,
    0xD372, 0xD372, 0xD372, 0xD372, 0xD372, 0xD372, 0xD372, 0xD372, 0xD372, 0xD372, 0xD372, 0xD372, 0xD372, 0xD372, 0xD372, 0xD372,
    0xD372, 0xD372, 0xD372, 0xD372, 0xD372, 0xD372, 0xD372, 0xD372, 0xD372, 0xD372, 0xD372, 0xD372, 0xD372, 0xD372, 0xD372, 0xD372,
    0xD372, 0xD372, 0xD372, 0xD372, 0xD372, 0xD372, 0xD372, 0xD372, 0xD372, 0xD372, 0xD372, 0xD372, 0xD372, 0xD372, 0xD372, 0xD372,
    0xD372, 0xD372, 0xD372, 0xD372, 0xD372, 0xD372, 0xD372, 0xD372, 0xD372, 0xD372, 0xD372, 0xD372, 0xD372, 0xD372, 0xD372, 0xD372,
    0xD372, 0xD372, 0xD372, 0xD372, 0xD372, 0xD372, 0xD372, 0xD372, 0xD372, 0xD372, 0xD372, 0xD372, 0xD372, 0xD372, 0xD372, 0xD372,
    0xD372, 0xD372, 0xD372, 0xD372, 0xD372, 0xD372, 0xD372, 0xD372, 0xD372, 0xD372, 0xD372, 0xD372, 0xD372, 0xD372, 0xD372, 0xD372,
    0xD372, 0xD372, 0xD372, 0xD372, 0xD372, 0xD372, 0xD372, 0xD372, 0xD372, 0xD372, 0xD372, 0xD372, 0xD372, 0xD372, 0xD372, 0xD372,
    0xD372, 0xD372, 0xD372, 0xD372, 0xD372, 0xD372, 0xD372, 0xD372, 0xD372, 0xD372, 0xD372, 0xD372, 0xD372, 0xD372, 0xD372, 0xD372,
    0xD372, 0xD372, 0xD372, 0xD372, 0xD372, 0xD372, 0xD372, 0xD372, 0xD372, 0xD372, 0xD372, 0xD372, 0xD372, 0xD372, 0xD372, 0xD372,
    0xD372, 0xD372, 0xD372, 0xD372, 0xD372, 0xD372, 0xD372, 0xD372, 0xD372, 0xD372, 0xD372, 0xD372, 0xD372, 0xD372, 0xD372, 0xD372,
    0xD372, 0xD372, 0xD372, 0xD372, 0xD372, 0xD372, 0xD372, 0xD372, 0xD372, 0xD372, 0xD372, 0xD372, 0xD372, 0xD372, 0xD372, 0xD372,
    0xD372, 0xD372, 0xD372, 0xD372, 0xD372, 0xD372, 0xD372, 0xD372, 0xD372, 0xD372, 0xD372, 0xD372, 0xD372, 0xD372, 0xD372, 0xD372,
    0xD372, 0xD372, 0xD372, 0xD372, 0xD372, 0xD372, 0xD372, 0xD372, 0xD372, 0xD372, 0xD372, 0xD372, 0xD372, 0xD372, 0xD372, 0xD372,
    0xD372, 0xD372, 0xD372, 0xD372, 0xD372, 0xD372, 0xD372, 0xD372, 0xD372, 0xD372, 0xD372, 0xD372, 0xD372, 0xD372, 0xD372, 0xD372,
    0xD372, 0xD372, 0xD372, 0xD372, 0xD372, 0xD372, 0xD372, 0xD372, 0xD372, 0xD372, 0xD372, 0xD372, 0xD372, 0xD372, 0xD372, 0xD372,
    0xD372, 0xD372, 0xD372, 0xD372, 0xD372, 0xD372, 0xD372, 0xD372, 0xD372, 0xD372, 0xD372, 0xD372, 0xD372, 0xD372, 0xD372, 0xD372,
    0xD372, 0xD372, 0xD372, 0xD372, 0xD372, 0xD372, 0xD372, 0xD372, 0xD372, 0xD372, 0xD372, 0xD372, 0xD372, 0xD372, 0xD372, 0xD372,
    0xD372, 0xD372, 0xD372, 0xD372, 0xD372, 0xD372, 0xD372, 0xD372, 0xD372, 0xD372, 0xD372, 0xD372, 0xD372, 0xD372, 0xD372, 0xD372,
    0xD372, 0xD372, 0xD372, 0xD372, 0xD372, 0xD372, 0xD372, 0xD372, 0xD372, 0xD372, 0xD372, 0xD372, 0xD372, 0xD372, 0xD372, 0xD372,
    0xD372, 0xD372, 0xD372, 0xD372, 0xD372, 0xD372, 0xD372, 0xD372, 0xD372, 0xD372, 0xD372, 0xD372, 0xD372, 0xD372, 0xD372, 0xD372,
    0xD372, 0xD372, 0xD372, 0xD372, 0xD372, 0xD372, 0xD372, 0xD372, 0xD372, 0xD372, 0xD372, 0xD372, 0xD372, 0xD372, 0xD372, 0xD372,
    0xD372, 0xD372, 0xD372, 0xD372, 0xD372, 0xD372, 0xD372, 0xD372, 0xD372, 0xD372, 0xD372, 0xD372, 0xD372, 0xD372, 0xD372, 0xD372,
    0xD372, 0xD372, 0xD372, 0xD372, 0xD372, 0xD372, 0xD372, 0xD372, 0xD372, 0xD372, 0xD372, 0xD372, 0xD372, 0xD372, 0xD372, 0xD372,
    0xD372, 0xD372, 0xD372, 0xD372, 0xD372, 0xD372, 0xD372, 0xD372, 0xD372, 0xD372, 0xD372, 0xD372, 0xD372, 0xD372, 0xD372, 0xD372,
    0xD372, 0xD372, 0xD372, 0xD372, 0xD372, 0xD372, 0xD372, 0xD372, 0xD372, 0xD372, 0xD372, 0xD372, 0xD372, 0xD372, 0xD372, 0xD372,
    0xD372, 0xD372, 0xD372, 0xD372, 0xD372, 0xD372, 0xD372, 0xD372, 0xD372, 0xD372, 0xD372, 0xD372, 0xD372, 0xD372, 0xD372, 0xD372,
    0xD372, 0xD372, 0xD372, 0xD372, 0xD372, 0xD372, 0xD372, 0xD372, 0xD372, 0xD372, 0xD372, 0xD372, 0xD372, 0xD372, 0xD372, 0xD372,
    0xD372, 0xD372, 0xD372, 0xD372, 0xD372, 0xD372, 0xD372, 0xD372, 0xD372, 0xD372, 0xD372, 0xD372, 0xD372, 0xD372, 0xD372, 0xD372,
    0xD372, 0xD372, 0xD372, 0xD372, 0xD372, 0xD372, 0xD372, 0xD372, 0xD372, 0xD372, 0xD372, 0xD372, 0xD372, 0xD372, 0xD372, 0xD372,
    0xD372, 0xD372, 0xD372, 0xD372, 0xD372, 0xD372, 0xD372, 0xD372, 0xD372, 0xD372, 0xD372, 0xD372, 0xD372, 0xD372, 0xD372, 0xD372,
    0xD372, 0xD372, 0xD372, 0xD372, 0xD372, 0xD372, 0xD372, 0xD372, 0xD372, 0xD372, 0xD372, 0xD372, 0xD372, 0xD372, 0xD372, 0xD372,
    0xD372, 0xD372, 0xD372, 0xD372, 0xD372, 0xD372, 0xD372, 0xD372, 0xD372, 0xD372, 0xD372, 0xD372, 0xD372, 0xD372, 0xD372, 0xD372,
    0xD372, 0xD372, 0xD372, 0xD372, 0xD372, 0xD372, 0xD372, 0xD372, 0xD372, 0xD372, 0xD372, 0xD372, 0xD372, 0xD372, 0xD372, 0xD372,
    0xD372, 0xD372, 0xD372, 0xD372, 0xD372, 0xD372, 0xD372, 0xD372, 0xD372, 0xD372, 0xD372, 0xD372, 0xD372, 0xD372, 0xD372, 0xD372,
    0xD372, 0xD372, 0xD372, 0xD372, 0xD372, 0xD372, 0xD372, 0xD372, 0xD372, 0xD372, 0xD372, 0xD372, 0xD372, 0xD372, 0xD372, 0xD372,
    0xD372, 0xD372, 0xD372, 0xD372, 0xD372, 0xD372, 0xD372, 0xD372, 0xD372, 0xD372, 0xD372, 0xD372, 0xD372, 0xD372, 0xD372, 0xD372,
    0xD372, 0xD372, 0xD372, 0xD372, 0xD372, 0xD372, 0xD372, 0xD372, 0xD372, 0xD372, 0xD372, 0xD372, 0xD372, 0xD372, 0xD372, 0xD372,
    0xD372, 0xD372, 0xD372, 0xD372, 0xD372, 0xD372, 0xD372, 0xD372, 0xD372, 0xD372, 0xD372, 0xD372, 0xD372, 0xD372, 0xD372, 0xD372,
    0xD372, 0xD372, 0xD372, 0xD372, 0xD372, 0xD372, 0xD372, 0xD372, 0xD372, 0xD372, 0xD372, 0xD372, 0xD372, 0xD372, 0xD372, 0xD372,
    0xD372, 0xD372, 0xD372, 0xD372, 0xD372, 0xD372, 0xD372, 0xD372, 0xD372, 0xD372, 0xD372, 0xD372, 0xD372, 0xD372, 0xD372, 0xD372,
    0xD372, 0xD372, 0xD372, 0xD372, 0xD372, 0xD372, 0xD372, 0xD372, 0xD372, 0xD372, 0xD372, 0xD372, 0xD372, 0xD372, 0xD372, 0xD372,
    0xD372, 0xD372, 0xD372, 0xD372, 0xD372, 0xD372, 0xD372, 0xD372, 0xD372, 0xD372, 0xD372, 0xD372, 0xD372, 0xD372, 0xD372, 0xD372,
    0xD372, 0xD372, 0xD372, 0xD372, 0xD372, 0xD372, 0xD372, 0xD372, 0xD372, 0xD372, 0xD372, 0xD372, 0xD372, 0xD372, 0xD372, 0xD372,
    0xD372, 0xD372, 0xD372, 0xD372, 0xD372, 0xD372, 0xD372, 0xD372, 0xD372, 0xD372, 0xD372, 0xD372, 0xD372, 0xD372, 0xD372, 0xD372,
    0xD372, 0xD372, 0xD372, 0xD372, 0xD372, 0xD372, 0xD372, 0xD372, 0xD372, 0xD372, 0xD372, 0xD372, 0xD372, 0xD372, 0xD372, 0xD372,
    0xD372, 0xD372, 0xD372, 0xD372, 0xD372, 0xD372, 0xD372, 0xD372, 0xD372, 0xD372, 0xD372, 0xD372, 0xD372, 0xD372, 0xD372, 0xD372,
    0xD372, 0xD372, 0xD372, 0xD372, 0xD372, 0xD372, 0xD372, 0xD372, 0xD372, 0xD372, 0xD372, 0xD372, 0xD372, 0xD372, 0xD372, 0xD372,
    0xD372, 0xD372, 0xD372, 0xD372, 0xD372, 0xD372, 0xD372, 0xD372, 0xD372, 0xD372, 0xD372, 0xD372, 0xD372, 0xD372, 0xD372, 0xD372,
    0xD372, 0xD372, 0xD372, 0xD372, 0xD372, 0xD372, 0xD372, 0xD372, 0xD372, 0xD372, 0xD372, 0xD372, 0xD372, 0xD372, 0xD372, 0xD372,
    0xD372, 0xD372, 0xD372, 0xD372, 0xD372, 0xD372, 0xD372, 0xD372, 0xD372, 0xD372, 0xD372, 0xD372, 0xD372, 0xD372, 0xD372, 0xD372,
    0xD372, 0xD372, 0xD372, 0xD372, 0xD372, 0xD372, 0xD372, 0xD372, 0xD372, 0xD372, 0xD372, 0xD372, 0xD372, 0xD372, 0xD372, 0xD372,
    0xD372, 0xD372, 0xD372, 0xD372, 0xD372, 0xD372, 0xD372, 0xD372, 0xD372, 0xD372, 0xD372, 0xD372, 0xD372, 0xD372, 0xD372, 0xD372,
    0xD372, 0xD372, 0xD372, 0xD372, 0xD372, 0xD372, 0xD372, 0xD372, 0xD372, 0xD372, 0xD372, 0xD372, 0xD372, 0xD372, 0xD372, 0xD372,
    0xD372, 0xD372, 0xD372, 0xD372, 0xD372, 0xD372, 0xD372, 0xD372, 0xD372, 0xD372, 0xD372, 0xD372, 0xD372, 0xD372, 0xD372, 0xD372,
    0xD372, 0xD372, 0xD372, 0xD372, 0xD372, 0xD372, 0xD372, 0xD372, 0xD372, 0xD372, 0xD372, 0xD372, 0xD372, 0xD372, 0xD372, 0xD372,
    0xD372, 0xD372, 0xD372, 0xD372, 0xD372, 0xD372, 0xD372, 0xD372, 0xD372, 0xD372, 0xD372, 0xD372, 0xD372, 0xD372, 0xD372, 0xD372,
    0xD372, 0xD372, 0xD372, 0xD372, 0xD372, 0xD372, 0xD372, 0xD372, 0xD372, 0xD372, 0xD372, 0xD372, 0xD372, 0xD372, 0xD372, 0xD372,
    0xD372, 0xD372, 0xD372, 0xD372, 0xD372, 0xD372, 0xD372, 0xD372, 0xD372, 0xD372, 0xD372, 0xD372, 0xD372, 0xD372, 0xD372, 0xD372,
    0xD372, 0xD372, 0xD372, 0xD372, 0xD372, 0xD372, 0xD372, 0xD372, 0xD372, 0xD372, 0xD372, 0xD372, 0xD372, 0xD372, 0xD372, 0xD372,
    0xD372, 0xD372, 0xD372, 0xD372, 0xD372, 0xD372, 0xD372, 0xD372, 0xD372, 0xD372, 0xD372, 0xD372, 0xD372, 0xD372, 0xD372, 0xD372,
    0xD372, 0xD372, 0xD372, 0xD372, 0xD372, 0xD372, 0xD372, 0xD372, 0xD372, 0xD372, 0xD372, 0xD372, 0xD372, 0xD372, 0xD372, 0xD372,
    0xD372, 0xD372, 0xD372, 0xD372, 0xD372, 0xD372, 0xD372, 0xD372, 0xD372, 0xD372, 0xD372, 0xD372, 0xD372, 0xD372, 0xD372, 0xD372,
    0xD372, 0xD372, 0xD372, 0xD372, 0xD372, 0xD372, 0xD372, 0xD372, 0xD372, 0xD372, 0xD372, 0xD372, 0xD372, 0xD372, 0xD372, 0xD372,
    0xD372, 0xD372, 0xD372, 0xD372, 0xD372, 0xD372, 0xD372, 0xD372, 0xD372, 0xD372, 0xD372, 0xD372, 0xD372, 0xD372, 0xD372, 0xD372,
    0xD372, 0xD372, 0xD372, 0xD372, 0xD372, 0xD372, 0xD372, 0xD372, 0xD372, 0xD372, 0xD372, 0xD372, 0xD372, 0xD372, 0xD372, 0xD372,
    0xD372, 0xD372, 0xD372, 0xD372, 0xD372, 0xD372, 0xD372, 0xD372, 0xD372, 0xD372, 0xD372, 0xD372, 0xD372, 0xD372, 0xD372, 0xD372,
    0xD372, 0xD372, 0xD372, 0xD372, 0xD372, 0xD372, 0xD372, 0xD372, 0xD372, 0xD372, 0xD372, 0xD372, 0xD372, 0xD372, 0xD372, 0xD372,
    0xD372, 0xD372, 0xD372, 0xD372, 0xD372, 0xD372, 0xD372, 0xD372, 0xD372, 0xD372, 0xD372, 0xD372, 0xD372, 0xD372, 0xD372, 0xD372,
    0xD372, 0xD372, 0xD372, 0xD372, 0xD372, 0xD372, 0xD372, 0xD372, 0xD372, 0xD372, 0xD372, 0xD372, 0xD372, 0xD372, 0xD372, 0xD372,
    0xD372, 0xD372, 0xD372, 0xD372, 0xD372, 0xD372, 0xD372, 0xD372, 0xD372, 0xD372, 0xD372, 0xD372, 0xD372, 0xD372, 0xD372, 0xD372,
    0xD372, 0xD372, 0xD372, 0xD372, 0xD372, 0xD372, 0xD372, 0xD372, 0xD372, 0xD372, 0xD372, 0xD372, 0xD372, 0xD372, 0xD372, 0xD372,
    0xD372, 0xD372, 0xD372, 0xD372, 0xD372, 0xD372, 0xD372, 0xD372, 0xD372, 0xD372, 0xD372, 0xD372, 0xD372, 0xD372, 0x8A56, 0x8A56,
    0x8A56, 0x8A56, 0xD372, 0xD372, 0xD372, 0xD372, 0xD372, 0xD372, 0xD372, 0xD372, 0xD372, 0xD372, 0xD372, 0xD372, 0xD372, 0xD372,
    0xD372, 0xD372, 0xD372, 0xD372, 0xD372, 0xD372, 0xD372, 0xD372, 0xD372, 0xD372, 0xD372, 0xD372, 0xD372, 0xD372, 0xD372, 0xD372,
    0xD372, 0xD372, 0xD372, 0xD372, 0xD372, 0xD372, 0xD372, 0xD372, 0xD372, 0xD372, 0xD372, 0xD372, 0xD372, 0x8A56, 0x8A56, 0x8A56,
    0xD372, 0xD372, 0xD372, 0xD372, 0xD372, 0xD372, 0xD372, 0xD372, 0xD372, 0xD372, 0xD372, 0xD372, 0xD372, 0xD372, 0xD372, 0xD372,
    0xD372, 0xD372, 0xD372, 0xD372, 0xD372, 0xD372, 0xD372, 0xD372, 0xD372, 0xD372, 0xD372, 0xD372, 0xD372, 0xD372, 0xD372, 0xD372,
    0xD372, 0xD372, 0xD372, 0xD372, 0xD372, 0xD372, 0xD372, 0xD372, 0xD372, 0xD372, 0xD372, 0xD372, 0xD372, 0xD372, 0xD372, 0xD372,
    0xD372, 0xD372, 0xD372, 0xD372, 0xD372, 0xD372, 0xD372, 0xD372, 0xD372, 0xD372, 0xD372, 0xD372, 0xD372, 0xD372, 0xD372, 0xD372,
    0xD372, 0xD372, 0xD372, 0xD372, 0xD372, 0xD372, 0xD372, 0xD372, 0xD372, 0xD372, 0xD372, 0xD372, 0xD372, 0xD372, 0xD372, 0xD372,
    0xD372, 0xD372, 0xD372, 0xD372, 0xD372, 0xD372, 0xD372, 0xD372, 0xD372, 0xD372, 0xD372, 0xD372, 0xD372, 0xD372, 0xD372, 0xD372,
    0xD372, 0xD372, 0xD372, 0xD372, 0xD372, 0xD372, 0xD372, 0xD372, 0xD372, 0xD372, 0xD372, 0xD372, 0xD372, 0xD372, 0xD372, 0xD372,
    0xD372, 0xD372, 0xD372, 0xD372, 0xD372, 0xD372, 0xD372, 0xD372, 0xD372, 0xD372, 0xD372, 0xD372, 0xD372, 0xD372, 0xD372, 0xD372,
    0xD372, 0xD372, 0xD372, 0xD372, 0xD372, 0xD372, 0xD372, 0xD372, 0xD372, 0xD372, 0xD372, 0xD372, 0xD372, 0xD372, 0xD372, 0xD372,
    0xD372, 0xD372, 0xD372, 0xD372, 0xD372, 0xD372, 0xD372, 0xD372, 0xD372, 0xD372, 0xD372, 0xD372, 0xD372, 0xD372, 0xD372, 0xD372,
    0xD372, 0xD372, 0xD372, 0xD372, 0xD372, 0xD372, 0xD372, 0xD372, 0xD372, 0xD372, 0xD372, 0xD372, 0xD372, 0xD372, 0xD372, 0xD372,
    0xD372, 0xD372, 0xD372, 0xD372, 0xD372, 0xD372, 0xD372, 0xD372, 0xD372, 0xD372, 0xD372, 0xD372, 0xD372, 0xD372, 0x8A56, 0x8A56,
    0x8A56, 0x8A56, 0xD372, 0xD372, 0xD372, 0xD372, 0xD372, 0xD372, 0xD372, 0xD372, 0xD372, 0xD372, 0xD372, 0xD372, 0xD372, 0xD372,
    0xD372, 0xD372, 0xD372, 0xD372, 0xD372, 0xD372, 0xD372, 0xD372, 0xD372, 0xD372, 0xD372, 0xD372, 0xD372, 0xD372, 0xD372, 0xD372,
    0xD372, 0xD372, 0xD372, 0xD372, 0xD372, 0xD372, 0xD372, 0xD372, 0xD372, 0xD372, 0xD372, 0xD372, 0xD372, 0x8A56, 0x8A56, 0x8A56,
    0xD372, 0xD372, 0xD372, 0xD372, 0xD372, 0xD372, 0xD372, 0xD372, 0xD372, 0xD372, 0xD372, 0xD372, 0xD372, 0xD372, 0xD372, 0xD372,
    0xD372, 0xD372, 0xD372, 0xD372, 0xD372, 0xD372, 0xD372, 0xD372, 0xD372, 0xD372, 0xD372, 0xD372, 0xD372, 0xD372, 0xD372, 0xD372,
    0xD372, 0xD372, 0xD372, 0xD372, 0xD372, 0xD372, 0xD372, 0xD372, 0xD372, 0xD372, 0xD372, 0xD372, 0xD372, 0xD372, 0xD372, 0xD372,
    0xD372, 0xD372, 0xD372, 0xD372, 0xD372, 0xD372, 0xD372, 0xD372, 0xD372, 0xD372, 0xD372, 0xD372, 0xD372, 0xD372, 0xD372, 0xD372,
    0xD372, 0xD372, 0xD372, 0xD372, 0xD372, 0xD372, 0xD372, 0xD372, 0xD372, 0xD372, 0xD372, 0xD372, 0xD372, 0xD372, 0xD372, 0xD372,
    0xD372, 0xD372, 0xD372, 0xD372, 0xD372, 0xD372, 0xD372, 0xD372, 0xD372, 0xD372, 0xD372, 0xD372, 0xD372, 0xD372, 0xD372, 0xD372,
    0xD372, 0xD372, 0xD372, 0xD372, 0xD372, 0xD372, 0xD372, 0xD372, 0xD372, 0xD372, 0xD372, 0xD372, 0xD372, 0xD372, 0xD372, 0xD372,
    0xD372, 0xD372, 0xD372, 0xD372, 0xD372, 0xD372, 0xD372, 0xD372, 0xD372, 0xD372, 0xD372, 0xD372, 0xD372, 0xD372, 0xD372, 0xD372,
    0xD372, 0xD372, 0xD372, 0xD372, 0xD372, 0xD372, 0xD372, 0xD372, 0xD372, 0xD372, 0xD372, 0xD372, 0xD372, 0xD372, 0xD372, 0xD372,
    0xD372, 0xD372, 0xD372, 0xD372, 0xD372, 0xD372, 0xD372, 0xD372, 0xD372, 0xD372, 0xD372, 0xD372, 0xD372, 0xD372, 0xD372, 0xD372,
    0xD372, 0xD372, 0xD372, 0xD372, 0xD372, 0xD372, 0xD372, 0xD372, 0xD372, 0xD372, 0xD372, 0xD372, 0xD372, 0xD372, 0xD372, 0xD372,
    0xD372, 0xD372, 0xD372, 0xD372, 0xD372, 0xD372, 0xD372, 0xD372, 0xD372, 0xD372, 0x8A56, 0x8A56, 0x8A56, 0x8A56, 0x8A56, 0x8A56,
    0x8A56, 0x8A56, 0xD372, 0xD372, 0xD372, 0xD372, 0xD372, 0xD372, 0xD372, 0xD372, 0xD372, 0xD372, 0xD372, 0xD372, 0xD372, 0xD372,
    0xD372, 0xD372, 0xD372, 0xD372, 0xD372, 0xD372, 0xD372, 0xD372, 0xD372, 0xD372, 0xD372, 0xD372, 0xD372, 0xD372, 0xD372, 0xD372,
    0xD372, 0xD372, 0xD372, 0xD372, 0xD372, 0xD372, 0xD372, 0xD372, 0xD372, 0xD372, 0xD372, 0xD372, 0xD372, 0x8A56, 0x8A56, 0x8A56,
    0x8A56, 0x8A56, 0x8A56, 0x8A56, 0xD372, 0xD372, 0xD372, 0xD372, 0xD372, 0xD372, 0xD372, 0xD372, 0xD372, 0xD372, 0xD372, 0xD372,
    0xD372, 0xD372, 0xD372, 0xD372, 0xD372, 0xD372, 0xD372, 0xD372, 0xD372, 0xD372, 0xD372, 0xD372, 0xD372, 0xD372, 0xD372, 0xD372,
    0xD372, 0xD372, 0xD372, 0xD372, 0xD372, 0xD372, 0xD372, 0xD372, 0xD372, 0xD372, 0xD372, 0xD372, 0xD372, 0xD372, 0xD372, 0xD372,
    0xD372, 0xD372, 0xD372, 0xD372, 0xD372, 0xD372, 0xD372, 0xD372, 0xD372, 0xD372, 0xD372, 0xD372, 0xD372, 0xD372, 0xD372, 0xD372,
    0xD372, 0xD372, 0xD372, 0xD372, 0xD372, 0xD372, 0xD372, 0xD372, 0xD372, 0xD372, 0xD372, 0xD372, 0xD372, 0xD372, 0xD372, 0xD372,
    0xD372, 0xD372, 0xD372, 0xD372, 0xD372, 0xD372, 0xD372, 0xD372, 0xD372, 0xD372, 0xD372, 0xD372, 0xD372, 0xD372, 0xD372, 0xD372,
    0xD372, 0xD372, 0xD372, 0xD372, 0xD372, 0xD372, 0xD372, 0xD372, 0xD372, 0xD372, 0xD372, 0xD372, 0xD372, 0xD372, 0xD372, 0xD372,
    0xD372, 0xD372, 0xD372, 0xD372, 0xD372, 0xD372, 0xD372, 0xD372, 0xD372, 0xD372, 0xD372, 0xD372, 0xD372, 0xD372, 0xD372, 0xD372,
    0xD372, 0xD372, 0xD372, 0xD372, 0xD372, 0xD372, 0xD372, 0xD372, 0xD372, 0xD372, 0xD372, 0xD372, 0xD372, 0xD372, 0xD372, 0xD372,
    0xD372, 0xD372, 0xD372, 0xD372, 0xD372, 0xD372, 0xD372, 0xD372, 0xD372, 0xD372, 0xD372, 0xD372, 0xD372, 0xD372, 0xD372, 0xD372,
    0xD372, 0xD372, 0xD372, 0xD372, 0xD372, 0xD372, 0xD372, 0xD372, 0xD372, 0xD372, 0xD372, 0xD372, 0xD372, 0xD372, 0xD372, 0xD372,
    0xD372, 0xD372, 0xD372, 0xD372, 0xD372, 0xD372, 0xD372, 0xD372, 0xD372, 0xD372, 0x8A56, 0x8A56, 0x8A56, 0x8A56, 0x8A56, 0x8A56,
    0x8A56, 0x8A56, 0xD372, 0xD372, 0xD372, 0xD372, 0xD372, 0xD372, 0xD372, 0xD372, 0xD372, 0xD372, 0xD372, 0xD372, 0xD372, 0xD372,
    0xD372, 0xD372, 0xD372, 0xD372, 0xD372, 0xD372, 0xD372, 0xD372, 0xD372, 0xD372, 0xD372, 0xD372, 0xD372, 0xD372, 0xD372, 0xD372,
    0xD372, 0xD372, 0xD372, 0xD372, 0xD372, 0xD372, 0xD372, 0xD372, 0xD372, 0xD372, 0xD372, 0xD372, 0xD372, 0x8A56, 0x8A56, 0x8A56,
    0x8A56, 0x8A56, 0x8A56, 0x8A56, 0xD372, 0xD372, 0xD372, 0xD372, 0xD372, 0xD372, 0xD372, 0xD372, 0xD372, 0xD372, 0xD372, 0xD372,
    0xD372, 0xD372, 0xD372, 0xD372, 0xD372, 0xD372, 0xD372, 0xD372, 0xD372, 0xD372, 0xD372, 0xD372, 0xD372, 0xD372, 0xD372, 0xD372,
    0xD372, 0xD372, 0xD372, 0xD372, 0xD372, 0xD372, 0xD372, 0xD372, 0xD372, 0xD372, 0xD372, 0xD372, 0xD372, 0xD372, 0xD372, 0xD372,
    0xD372, 0xD372, 0xD372, 0xD372, 0xD372, 0xD372, 0xD372, 0xD372, 0xD372, 0xD372, 0xD372, 0xD372, 0xD372, 0xD372, 0xD372, 0xD372,
    0xD372, 0xD372, 0xD372, 0xD372, 0xD372, 0xD372, 0xD372, 0xD372, 0xD372, 0xD372, 0xD372, 0xD372, 0xD372, 0xD372, 0xD372, 0xD372,
    0xD372, 0xD372, 0xD372, 0xD372, 0xD372, 0xD372, 0xD372, 0xD372, 0xD372, 0xD372, 0xD372, 0xD372, 0xD372, 0xD372, 0xD372, 0xD372,
    0xD372, 0xD372, 0xD372, 0xD372, 0xD372, 0xD372, 0xD372, 0xD372, 0xD372, 0xD372, 0xD372, 0xD372, 0xD372, 0xD372, 0xD372, 0xD372,
    0xD372, 0xD372, 0xD372, 0xD372, 0xD372, 0xD372, 0xD372, 0xD372, 0xD372, 0xD372, 0xD372, 0xD372, 0xD372, 0xD372, 0xD372, 0xD372,
    0xD372, 0xD372, 0xD372, 0xD372, 0xD372, 0xD372, 0xD372, 0xD372, 0xD372, 0xD372, 0xD372, 0xD372, 0xD372, 0xD372, 0xD372, 0xD372,
    0xD372, 0xD372, 0xD372, 0xD372, 0xD372, 0xD372, 0xD372, 0xD372, 0xD372, 0xD372, 0xD372, 0xD372, 0xD372, 0xD372, 0xD372, 0xD372,
    0xD372, 0xD372, 0xD372, 0xD372, 0xD372, 0xD372, 0xD372, 0xD372, 0xD372, 0xD372, 0xD372, 0xD372, 0xD372, 0xD372, 0xD372, 0xD372,
    0xD372, 0xD372, 0xD372, 0xD372, 0xD372, 0xD372, 0x8A56, 0x8A56, 0x8A56, 0x8A56, 0x8A56, 0x8A56, 0x8A56, 0x8A56, 0x8A56, 0x8A56,
    0x8A56, 0x8A56, 0xD372, 0xD372, 0xD372, 0xD372, 0xD372, 0xD372, 0xD372, 0xD372, 0xD372, 0xD372, 0xD372, 0xD372, 0xD372, 0xD372,
    0xD372, 0xD372, 0xD372, 0xD372, 0xD372, 0xD372, 0xD372, 0xD372, 0xD372, 0xD372, 0xD372, 0xD372, 0xD372, 0xD372, 0xD372, 0xD372,
    0xD372, 0xD372, 0xD372, 0xD372, 0xD372, 0xD372, 0xD372, 0xD372, 0xD372, 0xD372, 0xD372, 0xD372, 0xD372, 0x8A56, 0x8A56, 0x8A56,
    0x8A56, 0x8A56, 0x8A56, 0x8A56, 0x8A56, 0x8A56, 0x8A56, 0x8A56, 0xD372, 0xD372, 0xD372, 0xD372, 0xD372, 0xD372, 0xD372, 0xD372,
    0xD372, 0xD372, 0xD372, 0xD372, 0xD372, 0xD372, 0xD372, 0xD372, 0xD372, 0xD372, 0xD372, 0xD372, 0xD372, 0xD372, 0xD372, 0xD372,
    0xD372, 0xD372, 0xD372, 0xD372, 0xD372, 0xD372, 0xD372, 0xD372, 0xD372, 0xD372, 0xD372, 0xD372, 0xD372, 0xD372, 0xD372, 0xD372,
    0xD372, 0xD372, 0xD372, 0xD372, 0xD372, 0xD372, 0xD372, 0xD372, 0xD372, 0xD372, 0xD372, 0xD372, 0xD372, 0xD372, 0xD372, 0xD372,
    0xD372, 0xD372, 0xD372, 0xD372, 0xD372, 0xD372, 0xD372, 0xD372, 0xD372, 0xD372, 0xD372, 0xD372, 0xD372, 0xD372, 0xD372, 0xD372,
    0xD372, 0xD372, 0xD372, 0xD372, 0xD372, 0xD372, 0xD372, 0xD372, 0xD372, 0xD372, 0xD372, 0xD372, 0xD372, 0xD372, 0xD372, 0xD372,
    0xD372, 0xD372, 0xD372, 0xD372, 0xD372, 0xD372, 0xD372, 0xD372, 0xD372, 0xD372, 0xD372, 0xD372, 0xD372, 0xD372, 0xD372, 0xD372,
    0xD372, 0xD372, 0xD372, 0xD372, 0xD372, 0xD372, 0xD372, 0xD372, 0xD372, 0xD372, 0xD372, 0xD372, 0xD372, 0xD372, 0xD372, 0xD372,
    0xD372, 0xD372, 0xD372, 0xD372, 0xD372, 0xD372, 0xD372, 0xD372, 0xD372, 0xD372, 0xD372, 0xD372, 0xD372, 0xD372, 0xD372, 0xD372,
    0xD372, 0xD372, 0xD372, 0xD372, 0xD372, 0xD372, 0xD372, 0xD372, 0xD372, 0xD372, 0xD372, 0xD372, 0xD372, 0xD372, 0xD372, 0xD372,
    0xD372, 0xD372, 0xD372, 0xD372, 0xD372, 0xD372, 0xD372, 0xD372, 0xD372, 0xD372, 0xD372, 0xD372, 0xD372, 0xD372, 0xD372, 0xD372,
    0xD372, 0xD372, 0xD372, 0xD372, 0xD372, 0xD372, 0x8A56, 0x8A56, 0x8A56, 0x8A56, 0x8A56, 0x8A56, 0x8A56, 0x8A56, 0x8A56, 0x8A56,
    0x8A56, 0x8A56, 0xD372, 0xD372, 0xD372, 0xD372, 0xD372, 0xD372, 0xD372, 0xD372, 0xD372, 0xD372, 0xD372, 0xD372, 0xD372, 0xD372,
    0xD372, 0xD372, 0xD372, 0xD372, 0xD372, 0xD372, 0xD372, 0xD372, 0xD372, 0xD372, 0xD372, 0xD372, 0xD372, 0xD372, 0xD372, 0xD372,
    0xD372, 0xD372, 0xD372, 0xD372, 0xD372, 0xD372, 0xD372, 0xD372, 0xD372, 0xD372, 0xD372, 0xD372, 0xD372, 0x8A56, 0x8A56, 0x8A56,
    0x8A56, 0x8A56, 0x8A56, 0x8A56, 0x8A56, 0x8A56, 0x8A56, 0x8A56, 0xD372, 0xD372, 0xD372, 0xD372, 0xD372, 0xD372, 0xD372, 0xD372,
    0xD372, 0xD372, 0xD372, 0xD372, 0xD372, 0xD372, 0xD372, 0xD372, 0xD372, 0xD372, 0xD372, 0xD372, 0xD372, 0xD372, 0xD372, 0xD372,
    0xD372, 0xD372, 0xD372, 0xD372, 0xD372, 0xD372, 0xD372, 0xD372, 0xD372, 0xD372, 0xD372, 0xD372, 0xD372, 0xD372, 0xD372, 0xD372,
    0xD372, 0xD372, 0xD372, 0xD372, 0xD372, 0xD372, 0xD372, 0xD372, 0xD372, 0xD372, 0xD372, 0xD372, 0xD372, 0xD372, 0xD372, 0xD372,
    0xD372, 0xD372, 0xD372, 0xD372, 0xD372, 0xD372, 0xD372, 0xD372, 0xD372, 0xD372, 0xD372, 0xD372, 0xD372, 0xD372, 0xD372, 0xD372,
    0xD372, 0xD372, 0xD372, 0xD372, 0xD372, 0xD372, 0xD372, 0xD372, 0xD372, 0xD372, 0xD372, 0xD372, 0xD372, 0xD372, 0xD372, 0xD372,
    0xD372, 0xD372, 0xD372, 0xD372, 0xD372, 0xD372, 0xD372, 0xD372, 0xD372, 0xD372, 0xD372, 0xD372, 0xD372, 0xD372, 0xD372, 0xD372,
    0xD372, 0xD372, 0xD372, 0xD372, 0xD372, 0xD372, 0xD372, 0xD372, 0xD372, 0xD372, 0xD372, 0xD372, 0xD372, 0xD372, 0xD372, 0xD372,
    0xD372, 0xD372, 0xD372, 0xD372, 0xD372, 0xD372, 0xD372, 0xD372, 0xD372, 0xD372, 0xD372, 0xD372, 0xD372, 0xD372, 0xD372, 0xD372,
    0xD372, 0xD372, 0xD372, 0xD372, 0xD372, 0xD372, 0xD372, 0xD372, 0xD372, 0xD372, 0xD372, 0xD372, 0xD372, 0xD372, 0xD372, 0xD372,
    0xD372, 0xD372, 0xD372, 0xD372, 0xD372, 0xD372, 0xD372, 0xD372, 0xD372, 0xD372, 0xD372, 0xD372, 0xD372, 0xD372, 0xD372, 0xD372,
    0xD372, 0xD372, 0x8A56, 0x8A56, 0x8A56, 0x8A56, 0x8A56, 0x8A56, 0x8A56, 0x8A56, 0x8A56, 0x8A56, 0x8A56, 0x8A56, 0x8A56, 0x8A56,
    0x8A56, 0x8A56, 0xD372, 0xD372, 0xD372, 0xD372, 0xD372, 0xD372, 0xD372, 0xD372, 0xD372, 0xD372, 0xD372, 0xD372, 0xD372, 0xD372,
    0xD372, 0xD372, 0xD372, 0xD372, 0xD372, 0xD372, 0xD372, 0xD372, 0xD372, 0xD372, 0xD372, 0xD372, 0xD372, 0xD372, 0xD372, 0xD372,
    0xD372, 0xD372, 0xD372, 0xD372, 0xD372, 0xD372, 0xD372, 0xD372, 0xD372, 0xD372, 0xD372, 0xD372, 0xD372, 0x8A56, 0x8A56, 0x8A56,
    0x8A56, 0x8A56, 0x8A56, 0x8A56, 0x8A56, 0x8A56, 0x8A56, 0x8A56, 0x8A56, 0x8A56, 0x8A56, 0x8A56, 0xD372, 0xD372, 0xD372, 0xD372,
    0xD372, 0xD372, 0xD372, 0xD372, 0xD372, 0xD372, 0xD372, 0xD372, 0xD372, 0xD372, 0xD372, 0xD372, 0xD372, 0xD372, 0xD372, 0xD372,
    0xD372, 0xD372, 0xD372, 0xD372, 0xD372, 0xD372, 0xD372, 0xD372, 0xD372, 0xD372, 0xD372, 0xD372, 0xD372, 0xD372, 0xD372, 0xD372,
    0xD372, 0xD372, 0xD372, 0xD372, 0xD372, 0xD372, 0xD372, 0xD372, 0xD372, 0xD372, 0xD372, 0xD372, 0xD372, 0xD372, 0xD372, 0xD372,
    0xD372, 0xD372, 0xD372, 0xD372, 0xD372, 0xD372, 0xD372, 0xD372, 0xD372, 0xD372, 0xD372, 0xD372, 0xD372, 0xD372, 0xD372, 0xD372,
    0xD372, 0xD372, 0xD372, 0xD372, 0xD372, 0xD372, 0xD372, 0xD372, 0xD372, 0xD372, 0xD372, 0xD372, 0xD372, 0xD372, 0xD372, 0xD372,
    0xD372, 0xD372, 0xD372, 0xD372, 0xD372, 0xD372, 0xD372, 0xD372, 0xD372, 0xD372, 0xD372, 0xD372, 0xD372, 0xD372, 0xD372, 0xD372,
    0xD372, 0xD372, 0xD372, 0xD372, 0xD372, 0xD372, 0xD372, 0xD372, 0xD372, 0xD372, 0xD372, 0xD372, 0xD372, 0xD372, 0xD372, 0xD372,
    0xD372, 0xD372, 0xD372, 0xD372, 0xD372, 0xD372, 0xD372, 0xD372, 0xD372, 0xD372, 0xD372, 0xD372, 0xD372, 0xD372, 0xD372, 0xD372,
    0xD372, 0xD372, 0xD372, 0xD372, 0xD372, 0xD372, 0xD372, 0xD372, 0xD372, 0xD372, 0xD372, 0xD372, 0xD372, 0xD372, 0xD372, 0xD372,
    0xD372, 0xD372, 0xD372, 0xD372, 0xD372, 0xD372, 0xD372, 0xD372, 0xD372, 0xD372, 0xD372, 0xD372, 0xD372, 0xD372, 0xD372, 0xD372,
    0xD372, 0xD372, 0x8A56, 0x8A56, 0x8A56, 0x8A56, 0x8A56, 0x8A56, 0x8A56, 0x8A56, 0x8A56, 0x8A56, 0x8A56, 0x8A56, 0x8A56, 0x8A56,
    0x8A56, 0x8A56, 0xD372, 0xD372, 0xD372, 0xD372, 0xD372, 0xD372, 0xD372, 0xD372, 0xD372, 0xD372, 0xD372, 0xD372, 0xD372, 0xD372,
    0xD372, 0xD372, 0xD372, 0xD372, 0xD372, 0xD372, 0xD372, 0xD372, 0xD372, 0xD372, 0xD372, 0xD372, 0xD372, 0xD372, 0xD372, 0xD372,
    0xD372, 0xD372, 0xD372, 0xD372, 0xD372, 0xD372, 0xD372, 0xD372, 0xD372, 0xD372, 0xD372, 0xD372, 0xD372, 0x8A56, 0x8A56, 0x8A56,
    0x8A56, 0x8A56, 0x8A56, 0x8A56, 0x8A56, 0x8A56, 0x8A56, 0x8A56, 0x8A56, 0x8A56, 0x8A56, 0x8A56, 0xD372, 0xD372, 0xD372, 0xD372,
    0xD372, 0xD372, 0xD372, 0xD372, 0xD372, 0xD372, 0xD372, 0xD372, 0xD372, 0xD372, 0xD372, 0xD372, 0xD372, 0xD372, 0xD372, 0xD372,
    0xD372, 0xD372, 0xD372, 0xD372, 0xD372, 0xD372, 0xD372, 0xD372, 0xD372, 0xD372, 0xD372, 0xD372, 0xD372, 0xD372, 0xD372, 0xD372,
    0xD372, 0xD372, 0xD372, 0xD372, 0xD372, 0xD372, 0xD372, 0xD372, 0xD372, 0xD372, 0xD372, 0xD372, 0xD372, 0xD372, 0xD372, 0xD372,
    0xD372, 0xD372, 0xD372, 0xD372, 0xD372, 0xD372, 0xD372, 0xD372, 0xD372, 0xD372, 0xD372, 0xD372, 0xD372, 0xD372, 0xD372, 0xD372,
    0xD372, 0xD372, 0xD372, 0xD372, 0xD372, 0xD372, 0xD372, 0xD372, 0xD372, 0xD372, 0xD372, 0xD372, 0xD372, 0xD372, 0xD372, 0xD372,
    0xD372, 0xD372, 0xD372, 0xD372, 0xD372, 0xD372, 0xD372, 0xD372, 0xD372, 0xD372, 0xD372, 0xD372, 0xD372, 0xD372, 0xD372, 0xD372,
    0xD372, 0xD372, 0xD372, 0xD372, 0xD372, 0xD372, 0xD372, 0xD372, 0xD372, 0xD372, 0xD372, 0xD372, 0xD372, 0xD372, 0xD372, 0xD372,
    0xD372, 0xD372, 0xD372, 0xD372, 0xD372, 0xD372, 0xD372, 0xD372, 0xD372, 0xD372, 0xD372, 0xD372, 0xD372, 0xD372, 0xD372, 0xD372,
    0xD372, 0xD372, 0xD372, 0xD372, 0xD372, 0xD372, 0xD372, 0xD372, 0xD372, 0xD372, 0xD372, 0xD372, 0xD372, 0xD372, 0xD372, 0xD372,
    0xD372, 0xD372, 0xD372, 0xD372, 0xD372, 0xD372, 0xD372, 0xD372, 0xD372, 0xD372, 0xD372, 0xD372, 0xD372, 0x8A56, 0x8A56, 0x8A56,
    0x8A56, 0x8A56, 0x8A56, 0x8A56, 0x8A56, 0x8A56, 0x8A56, 0x8A56, 0x8A56, 0x8A56, 0x8A56, 0x8A56, 0x8A56, 0x8A56, 0x8A56, 0x8A56,
    0x8A56, 0x8A56, 0xD372, 0xD372, 0xD372, 0xD372, 0xD372, 0xD372, 0xD372, 0xD372, 0xD372, 0xD372, 0xD372, 0xD372, 0xD372, 0xD372,
    0xD372, 0xD372, 0xD372, 0xD372, 0xD372, 0xD372, 0xD372, 0xD372, 0xD372, 0xD372, 0xD372, 0xD372, 0xD372, 0xD372, 0xD372, 0xD372,
    0xD372, 0xD372, 0xD372, 0xD372, 0xD372, 0xD372, 0xD372, 0xD372, 0xD372, 0xD372, 0xD372, 0xD372, 0xD372, 0x8A56, 0x8A56, 0x8A56,
    0x8A56, 0x8A56, 0x8A56, 0x8A56, 0x8A56, 0x8A56, 0x8A56, 0x8A56, 0x8A56, 0x8A56, 0x8A56, 0x8A56, 0x8A56, 0x8A56, 0x8A56, 0x8A56,
    0x8A56, 0xD372, 0xD372, 0xD372, 0xD372, 0xD372, 0xD372, 0xD372, 0xD372, 0xD372, 0xD372, 0xD372, 0xD372, 0xD372, 0xD372, 0xD372,
    0xD372, 0xD372, 0xD372, 0xD372, 0xD372, 0xD372, 0xD372, 0xD372, 0xD372, 0xD372, 0xD372, 0xD372, 0xD372, 0xD372, 0xD372, 0xD372,
    0xD372, 0xD372, 0xD372, 0xD372, 0xD372, 0xD372, 0xD372, 0xD372, 0xD372, 0xD372, 0xD372, 0xD372, 0xD372, 0xD372, 0xD372, 0xD372,
    0xD372, 0xD372, 0xD372, 0xD372, 0xD372, 0xD372, 0xD372, 0xD372, 0xD372, 0xD372, 0xD372, 0xD372, 0xD372, 0xD372, 0xD372, 0xD372,
    0xD372, 0xD372, 0xD372, 0xD372, 0xD372, 0xD372, 0xD372, 0xD372, 0xD372, 0xD372, 0xD372, 0xD372, 0xD372, 0xD372, 0xD372, 0xD372,
    0xD372, 0xD372, 0xD372, 0xD372, 0xD372, 0xD372, 0xD372, 0xD372, 0xD372, 0xD372, 0xD372, 0xD372, 0xD372, 0xD372, 0xD372, 0xD372,
    0xD372, 0xD372, 0xD372, 0xD372, 0xD372, 0xD372, 0xD372, 0xD372, 0xD372, 0xD372, 0xD372, 0xD372, 0xD372, 0xD372, 0xD372, 0xD372,
    0xD372, 0xD372, 0xD372, 0xD372, 0xD372, 0xD372, 0xD372, 0xD372, 0xD372, 0xD372, 0xD372, 0xD372, 0xD372, 0xD372, 0xD372, 0xD372,
    0xD372, 0xD372, 0xD372, 0xD372, 0xD372, 0xD372, 0xD372, 0xD372, 0xD372, 0xD372, 0xD372, 0xD372, 0xD372, 0xD372, 0xD372, 0xD372,
    0xD372, 0xD372, 0xD372, 0xD372, 0xD372, 0xD372, 0xD372, 0xD372, 0xD372, 0xD372, 0xD372, 0x8A56, 0x8A56, 0x8A56, 0x8A56, 0x8A56,
    0x8A56, 0x8A56, 0x8A56, 0x8A56, 0x8A56, 0x8A56, 0x8A56, 0x8A56, 0x8A56, 0x8A56, 0x8A56, 0x8A56, 0x8A56, 0x8A56, 0x8A56, 0x8A56,
    0x8A56, 0x8A56, 0xD372, 0xD372, 0xD372, 0xD372, 0xD372, 0xD372, 0xD372, 0xD372, 0xD372, 0xD372, 0xD372, 0xD372, 0xD372, 0xD372,
    0xD372, 0xD372, 0xD372, 0xD372, 0xD372, 0xD372, 0xD372, 0xD372, 0xD372, 0xD372, 0xD372, 0xD372, 0xD372, 0xD372, 0xD372, 0xD372,
    0xD372, 0xD372, 0xD372, 0xD372, 0xD372, 0xD372, 0xD372, 0xD372, 0xD372, 0xD372, 0xD372, 0xD372, 0xD372, 0x8A56, 0x8A56, 0x8A56,
    0x8A56, 0x8A56, 0x8A56, 0x8A56, 0x8A56, 0x8A56, 0x8A56, 0x8A56, 0x8A56, 0x8A56, 0x8A56, 0x8A56, 0x8A56, 0x8A56, 0x8A56, 0x8A56,
    0x8A56, 0x8A56, 0x8A56, 0xD372, 0xD372, 0xD372, 0xD372, 0xD372, 0xD372, 0xD372, 0xD372, 0xD372, 0xD372, 0xD372, 0xD372, 0xD372,
    0xD372, 0xD372, 0xD372, 0xD372, 0xD372, 0xD372, 0xD372, 0xD372, 0xD372, 0xD372, 0xD372, 0xD372, 0xD372, 0xD372, 0xD372, 0xD372,
    0xD372, 0xD372, 0xD372, 0xD372, 0xD372, 0xD372, 0xD372, 0xD372, 0xD372, 0xD372, 0xD372, 0xD372, 0xD372, 0xD372, 0xD372, 0xD372,
    0xD372, 0xD372, 0xD372, 0xD372, 0xD372, 0xD372, 0xD372, 0xD372, 0xD372, 0xD372, 0xD372, 0xD372, 0xD372, 0xD372, 0xD372, 0xD372,
    0xD372, 0xD372, 0xD372, 0xD372, 0xD372, 0xD372, 0xD372, 0xD372, 0xD372, 0xD372, 0xD372, 0xD372, 0xD372, 0xD372, 0xD372, 0xD372,
    0xD372, 0xD372, 0xD372, 0xD372, 0xD372, 0xD372, 0xD372, 0xD372, 0xD372, 0xD372, 0xD372, 0xD372, 0xD372, 0xD372, 0xD372, 0xD372,
    0xD372, 0xD372, 0xD372, 0xD372, 0xD372, 0xD372, 0xD372, 0xD372, 0xD372, 0xD372, 0xD372, 0xD372, 0xD372, 0xD372, 0xD372, 0xD372,
    0xD372, 0xD372, 0xD372, 0xD372, 0xD372, 0xD372, 0xD372, 0xD372, 0xD372, 0xD372, 0xD372, 0xD372, 0xD372, 0xD372, 0xD372, 0xD372,
    0xD372, 0xD372, 0xD372, 0xD372, 0xD372, 0xD372, 0xD372, 0xD372, 0xD372, 0xD372, 0xD372, 0xD372, 0xD372, 0xD372, 0xD372, 0xD372,
    0xD372, 0xD372, 0xD372, 0xD372, 0xD372, 0xD372, 0xD372, 0xD372, 0xD372, 0xD372, 0xD372, 0x8A56, 0x8A56, 0x8A56, 0x8A56, 0x8A56,
    0x8A56, 0x8A56, 0x8A56, 0x8A56, 0x8A56, 0x8A56, 0x8A56, 0x8A56, 0x8A56, 0x8A56, 0x8A56, 0x8A56, 0x8A56, 0x8A56, 0x8A56, 0x8A56,
    0x8A56, 0x8A56, 0xD372, 0xD372, 0xD372, 0xD372, 0xD372, 0xD372, 0xD372, 0xD372, 0xD372, 0xD372, 0xD372, 0xD372, 0xD372, 0xD372,
    0xD372, 0xD372, 0xD372, 0xD372, 0xD372, 0xD372, 0xD372, 0xD372, 0xD372, 0xD372, 0xD372, 0xD372, 0xD372, 0xD372, 0xD372, 0xD372,
    0xD372, 0xD372, 0xD372, 0xD372, 0xD372, 0xD372, 0xD372, 0xD372, 0xD372, 0xD372, 0xD372, 0xD372, 0xD372, 0x8A56, 0x8A56, 0x8A56,
    0x8A56, 0x8A56, 0x8A56, 0x8A56, 0x8A56, 0x8A56, 0x8A56, 0x8A56, 0x8A56, 0x8A56, 0x8A56, 0x8A56, 0x8A56, 0x8A56, 0x8A56, 0x8A56,
    0x8A56, 0x8A56, 0x8A56, 0xD372, 0xD372, 0xD372, 0xD372, 0xD372, 0xD372, 0xD372, 0xD372, 0xD372, 0xD372, 0xD372, 0xD372, 0xD372,
    0xD372, 0xD372, 0xD372, 0xD372, 0xD372, 0xD372, 0xD372, 0xD372, 0xD372, 0xD372, 0xD372, 0xD372, 0xD372, 0xD372, 0xD372, 0xD372,
    0xD372, 0xD372, 0xD372, 0xD372, 0xD372, 0xD372, 0xD372, 0xD372, 0xD372, 0xD372, 0xD372, 0xD372, 0xD372, 0xD372, 0xD372, 0xD372,
    0xD372, 0xD372, 0xD372, 0xD372, 0xD372, 0xD372, 0xD372, 0xD372, 0xD372, 0xD372, 0xD372, 0xD372, 0xD372, 0xD372, 0xD372, 0xD372,
    0xD372, 0xD372, 0xD372, 0xD372, 0xD372, 0xD372, 0xD372, 0xD372, 0xD372, 0xD372, 0xD372, 0xD372, 0xD372, 0xD372, 0xD372, 0xD372,
    0xD372, 0xD372, 0xD372, 0xD372, 0xD372, 0xD372, 0xD372, 0xD372, 0xD372, 0xD372, 0xD372, 0xD372, 0xD372, 0xD372, 0xD372, 0xD372,
    0xD372, 0xD372, 0xD372, 0xD372, 0xD372, 0xD372, 0xD372, 0xD372, 0xD372, 0xD372, 0xD372, 0xD372, 0xD372, 0xD372, 0xD372, 0xD372,
    0xD372, 0xD372, 0xD372, 0xD372, 0xD372, 0xD372, 0xD372, 0xD372, 0xD372, 0xD372, 0xD372, 0xD372, 0xD372, 0xD372, 0xD372, 0xD372,
    0xD372, 0xD372, 0xD372, 0xD372, 0xD372, 0xD372, 0xD372, 0xD372, 0xD372, 0xD372, 0xD372, 0xD372, 0xD372, 0xD372, 0xD372, 0xD372,
    0xD372, 0xD372, 0xD372, 0xD372, 0xD372, 0xD372, 0xD372, 0xD372, 0xD372, 0xD372, 0xD372, 0x8A56, 0x8A56, 0x8A56, 0x8A56, 0xD372,
    0xD372, 0x8A56, 0x8A56, 0x8A56, 0x8A56, 0x8A56, 0x8A56, 0x8A56, 0x8A56, 0x8A56, 0x8A56, 0x8A56, 0x8A56, 0x8A56, 0x8A56, 0x8A56,
    0xD372, 0xD372, 0xD372, 0xD372, 0xD372, 0xD372, 0xD372, 0xD372, 0xD372, 0xD372, 0xD372, 0xD372, 0xD372, 0xD372, 0xD372, 0xD372,
    0xD372, 0xD372, 0xD372, 0xD372, 0xD372, 0xD372, 0xD372, 0xD372, 0xD372, 0xD372, 0xD372, 0xD372, 0xD372, 0xD372, 0xD372, 0xD372,
    0xD372, 0xD372, 0xD372, 0xD372, 0xD372, 0xD372, 0xD372, 0xD372, 0xD372, 0xD372, 0xD372, 0xD372, 0xD372, 0xD372, 0xD372, 0x8A56,
    0x8A56, 0x8A56, 0x8A56, 0x8A56, 0x8A56, 0x8A56, 0x8A56, 0x8A56, 0x8A56, 0x8A56, 0x8A56, 0x8A56, 0x8A56, 0x8A56, 0x8A56, 0x8A56,
    0x8A56, 0x8A56, 0x8A56, 0xD372, 0xD372, 0xD372, 0xD372, 0xD372, 0xD372, 0xD372, 0xD372, 0xD372, 0xD372, 0xD372, 0xD372, 0xD372,
    0xD372, 0xD372, 0xD372, 0xD372, 0xD372, 0xD372, 0xD372, 0xD372, 0xD372, 0xD372, 0xD372, 0xD372, 0xD372, 0xD372, 0xD372, 0xD372,
    0xD372, 0xD372, 0xD372, 0xD372, 0xD372, 0xD372, 0xD372, 0xD372, 0xD372, 0xD372, 0xD372, 0xD372, 0xD372, 0xD372, 0xD372, 0xD372,
    0xD372, 0xD372, 0xD372, 0xD372, 0xD372, 0xD372, 0xD372, 0xD372, 0xD372, 0xD372, 0xD372, 0xD372, 0xD372, 0xD372, 0xD372, 0xD372,
    0xD372, 0xD372, 0xD372, 0xD372, 0xD372, 0xD372, 0xD372, 0xD372, 0xD372, 0xD372, 0xD372, 0xD372, 0xD372, 0xD372, 0xD372, 0xD372,
    0xD372, 0xD372, 0xD372, 0xD372, 0xD372, 0xD372, 0xD372, 0xD372, 0xD372, 0xD372, 0xD372, 0xD372, 0xD372, 0xD372, 0xD372, 0xD372,
    0xD372, 0xD372, 0xD372, 0xD372, 0xD372, 0xD372, 0xD372, 0xD372, 0xD372, 0xD372, 0xD372, 0xD372, 0xD372, 0xD372, 0xD372, 0xD372,
    0xD372, 0xD372, 0xD372, 0xD372, 0xD372, 0xD372, 0xD372, 0xD372, 0xD372, 0xD372, 0xD372, 0xD372, 0xD372, 0xD372, 0xD372, 0xD372,
    0xD372, 0xD372, 0xD372, 0xD372, 0xD372, 0xD372, 0xD372, 0xD372, 0xD372, 0xD372, 0xD372, 0xD372, 0xD372, 0xD372, 0xD372, 0xD372,
    0xD372, 0xD372, 0xD372, 0xD372, 0xD372, 0xD372, 0xD372, 0xD372, 0xD372, 0xD372, 0xD372, 0x8A56, 0x8A56, 0x8A56, 0x8A56, 0xD372,
    0xD372, 0x8A56, 0x8A56, 0x8A56, 0x8A56, 0x8A56, 0x8A56, 0x8A56, 0x8A56, 0x8A56, 0x8A56, 0x8A56, 0x8A56, 0x8A56, 0x8A56, 0x8A56,
    0xD372, 0xD372, 0xD372, 0xD372, 0xD372, 0xD372, 0xD372, 0xD372, 0xD372, 0xD372, 0xD372, 0xD372, 0xD372, 0xD372, 0xD372, 0xD372,
    0xD372, 0xD372, 0xD372, 0xD372, 0xD372, 0xD372, 0xD372, 0xD372, 0xD372, 0xD372, 0xD372, 0xD372, 0xD372, 0xD372, 0xD372, 0xD372,
    0xD372, 0xD372, 0xD372, 0xD372, 0xD372, 0xD372, 0xD372, 0xD372, 0xD372, 0xD372, 0xD372, 0xD372, 0xD372, 0xD372, 0xD372, 0x8A56,
    0x8A56, 0x8A56, 0x8A56, 0x8A56, 0x8A56, 0x8A56, 0x8A56, 0x8A56, 0x8A56, 0x8A56, 0x8A56, 0x8A56, 0x8A56, 0x8A56, 0x8A56, 0x8A56,
    0x8A56, 0x8A56, 0x8A56, 0xD372, 0xD372, 0xD372, 0xD372, 0xD372, 0xD372, 0xD372, 0xD372, 0xD372, 0xD372, 0xD372, 0xD372, 0xD372,
    0xD372, 0xD372, 0xD372, 0xD372, 0xD372, 0xD372, 0xD372, 0xD372, 0xD372, 0xD372, 0xD372, 0xD372, 0xD372, 0xD372, 0xD372, 0xD372,
    0xD372, 0xD372, 0xD372, 0xD372, 0xD372, 0xD372, 0xD372, 0xD372, 0xD372, 0xD372, 0xD372, 0xD372, 0xD372, 0xD372, 0xD372, 0xD372,
    0xD372, 0xD372, 0xD372, 0xD372, 0xD372, 0xD372, 0xD372, 0xD372, 0xD372, 0xD372, 0xD372, 0xD372, 0xD372, 0xD372, 0xD372, 0xD372,
    0xD372, 0xD372, 0xD372, 0xD372, 0xD372, 0xD372, 0xD372, 0xD372, 0xD372, 0xD372, 0xD372, 0xD372, 0xD372, 0xD372, 0xD372, 0xD372,
    0xD372, 0xD372, 0xD372, 0xD372, 0xD372, 0xD372, 0xD372, 0xD372, 0xD372, 0xD372, 0xD372, 0xD372, 0xD372, 0xD372, 0xD372, 0xD372,
    0xD372, 0xD372, 0xD372, 0xD372, 0xD372, 0xD372, 0xD372, 0xD372, 0xD372, 0xD372, 0xD372, 0xD372, 0xD372, 0xD372, 0xD372, 0xD372,
    0xD372, 0xD372, 0xD372, 0xD372, 0xD372, 0xD372, 0xD372, 0xD372, 0xD372, 0xD372, 0xD372, 0xD372, 0xD372, 0xD372, 0xD372, 0xD372,
    0xD372, 0xD372, 0xD372, 0xD372, 0xD372, 0xD372, 0xD372, 0xD372, 0xD372, 0xD372, 0xD372, 0xD372, 0xD372, 0xD372, 0xD372, 0xD372,
    0xD372, 0xD372, 0xD372, 0xD372, 0xD372, 0xD372, 0xD372, 0xD372, 0xD372, 0xD372, 0xD372, 0x8A56, 0x8A56, 0x8A56, 0x8A56, 0x8A56,
    0x8A56, 0x8A56, 0x8A56, 0x8A56, 0x8A56, 0x8A56, 0x8A56, 0x8A56, 0x8A56, 0x8A56, 0x8A56, 0x8A56, 0x8A56, 0x8A56, 0xD372, 0xD372,
    0xD372, 0xD372, 0xD372, 0xD372, 0xD372, 0xD372, 0xD372, 0xD372, 0xD372, 0xD372, 0xD372, 0xD372, 0xD372, 0xD372, 0xD372, 0xD372,
    0xD372, 0xD372, 0xD372, 0xD372, 0xD372, 0xD372, 0xD372, 0xD372, 0xD372, 0xD372, 0xD372, 0xD372, 0xD372, 0xD372, 0xD372, 0xD372,
    0xD372, 0xD372, 0xD372, 0xD372, 0xD372, 0xD372, 0xD372, 0xD372, 0xD372, 0xD372, 0xD372, 0xD372, 0xD372, 0xD372, 0xD372, 0xD372,
    0x8A56, 0x8A56, 0x8A56, 0x8A56, 0x8A56, 0x8A56, 0x8A56, 0x8A56, 0x8A56, 0x8A56, 0x8A56, 0x8A56, 0x8A56, 0x8A56, 0x8A56, 0x8A56,
    0x8A56, 0x8A56, 0x8A56, 0xD372, 0xD372, 0xD372, 0xD372, 0xD372, 0xD372, 0xD372, 0xD372, 0xD372, 0xD372, 0xD372, 0xD372, 0xD372,
    0xD372, 0xD372, 0xD372, 0xD372, 0xD372, 0xD372, 0xD372, 0xD372, 0xD372, 0xD372, 0xD372, 0xD372, 0xD372, 0xD372, 0xD372, 0xD372,
    0xD372, 0xD372, 0xD372, 0xD372, 0xD372, 0xD372, 0xD372, 0xD372, 0xD372, 0xD372, 0xD372, 0xD372, 0xD372, 0xD372, 0xD372, 0xD372,
    0xD372, 0xD372, 0xD372, 0xD372, 0xD372, 0xD372, 0xD372, 0xD372, 0xD372, 0xD372, 0xD372, 0xD372, 0xD372, 0xD372, 0xD372, 0xD372,
    0xD372, 0xD372, 0xD372, 0xD372, 0xD372, 0xD372, 0xD372, 0xD372, 0xD372, 0xD372, 0xD372, 0xD372, 0xD372, 0xD372, 0xD372, 0xD372,
    0xD372, 0xD372, 0xD372, 0xD372, 0xD372, 0xD372, 0xD372, 0xD372, 0xD372, 0xD372, 0xD372, 0xD372, 0xD372, 0xD372, 0xD372, 0xD372,
    0xD372, 0xD372, 0xD372, 0xD372, 0xD372, 0xD372, 0xD372, 0xD372, 0xD372, 0xD372, 0xD372, 0xD372, 0xD372, 0xD372, 0xD372, 0xD372,
    0xD372, 0xD372, 0xD372, 0xD372, 0xD372, 0xD372, 0xD372, 0xD372, 0xD372, 0xD372, 0xD372, 0xD372, 0xD372, 0xD372, 0xD372, 0xD372,
    0xD372, 0xD372, 0xD372, 0xD372, 0xD372, 0xD372, 0xD372, 0xD372, 0xD372, 0xD372, 0xD372, 0xD372, 0xD372, 0xD372, 0xD372, 0xD372,
    0xD372, 0xD372, 0xD372, 0xD372, 0xD372, 0xD372, 0xD372, 0xD372, 0xD372, 0xD372, 0xD372, 0x8A56, 0x8A56, 0x8A56, 0x8A56, 0x8A56,
    0x8A56, 0x8A56, 0x8A56, 0x8A56, 0x8A56, 0x8A56, 0x8A56, 0x8A56, 0x8A56, 0x8A56, 0x8A56, 0x8A56, 0x8A56, 0x8A56, 0xD372, 0xD372,
    0xD372, 0xD372, 0xD372, 0xD372, 0xD372, 0xD372, 0xD372, 0xD372, 0xD372, 0xD372, 0xD372, 0xD372, 0xD372, 0xD372, 0xD372, 0xD372,
    0xD372, 0xD372, 0xD372, 0xD372, 0xD372, 0xD372, 0xD372, 0xD372, 0xD372, 0xD372, 0xD372, 0xD372, 0xD372, 0xD372, 0xD372, 0xD372,
    0xD372, 0xD372, 0xD372, 0xD372, 0xD372, 0xD372, 0xD372, 0xD372, 0xD372, 0xD372, 0xD372, 0xD372, 0xD372, 0xD372, 0xD372, 0xD372,
    0x8A56, 0x8A56, 0x8A56, 0x8A56, 0x8A56, 0x8A56, 0x8A56, 0x8A56, 0x8A56, 0x8A56, 0x8A56, 0x8A56, 0x8A56, 0x8A56, 0x8A56, 0x8A56,
    0x8A56, 0x8A56, 0x8A56, 0xD372, 0xD372, 0xD372, 0xD372, 0xD372, 0xD372, 0xD372, 0xD372, 0xD372, 0xD372, 0xD372, 0xD372, 0xD372,
    0xD372, 0xD372, 0xD372, 0xD372, 0xD372, 0xD372, 0xD372, 0xD372, 0xD372, 0xD372, 0xD372, 0xD372, 0xD372, 0xD372, 0xD372, 0xD372,
    0xD372, 0xD372, 0xD372, 0xD372, 0xD372, 0xD372, 0xD372, 0xD372, 0xD372, 0xD372, 0xD372, 0xD372, 0xD372, 0xD372, 0xD372, 0xD372,
    0xD372, 0xD372, 0xD372, 0xD372, 0xD372, 0xD372, 0xD372, 0xD372, 0xD372, 0xD372, 0xD372, 0xD372, 0xD372, 0xD372, 0xD372, 0xD372,
    0xD372, 0xD372, 0xD372, 0xD372, 0xD372, 0xD372, 0xD372, 0xD372, 0xD372, 0xD372, 0xD372, 0xD372, 0xD372, 0xD372, 0xD372, 0xD372,
    0xD372, 0xD372, 0xD372, 0xD372, 0xD372, 0xD372, 0xD372, 0xD372, 0xD372, 0xD372, 0xD372, 0xD372, 0xD372, 0xD372, 0xD372, 0xD372,
    0xD372, 0xD372, 0xD372, 0xD372, 0xD372, 0xD372, 0xD372, 0xD372, 0xD372, 0xD372, 0xD372, 0xD372, 0xD372, 0xD372, 0xD372, 0xD372,
    0xD372, 0xD372, 0xD372, 0xD372, 0xD372, 0xD372, 0xD372, 0xD372, 0xD372, 0xD372, 0xD372, 0xD372, 0xD372, 0xD372, 0xD372, 0xD372,
    0xD372, 0xD372, 0xD372, 0xD372, 0xD372, 0xD372, 0xD372, 0xD372, 0xD372, 0xD372, 0xD372, 0xD372, 0xD372, 0xD372, 0xD372, 0xD372,
    0xD372, 0xD372, 0xD372, 0xD372, 0xD372, 0xD372, 0xD372, 0xD372, 0xD372, 0x8A56, 0x8A56, 0xD372, 0xD372, 0x8A56, 0x8A56, 0xD372,
    0xD372, 0x8A56, 0x8A56, 0x8A56, 0x8A56, 0x8A56, 0x8A56, 0x8A56, 0x8A56, 0x8A56, 0x8A56, 0x8A56, 0xD372, 0xD372, 0xD372, 0xD372,
    0xD372, 0xD372, 0xD372, 0xD372, 0xD372, 0xD372, 0xD372, 0xD372, 0xD372, 0xD372, 0xD372, 0xD372, 0xD372, 0xD372, 0xD372, 0xD372,
    0xD372, 0xD372, 0xD372, 0xD372, 0xD372, 0xD372, 0xD372, 0xD372, 0xD372, 0xD372, 0xD372, 0xD372, 0xD372, 0xD372, 0xD372, 0xD372,
    0xD372, 0xD372, 0xD372, 0xD372, 0xD372, 0xD372, 0xD372, 0xD372, 0xD372, 0xD372, 0xD372, 0xD372, 0xD372, 0xD372, 0xD372, 0xD372,
    0xD372, 0xD372, 0x8A56, 0x8A56, 0x8A56, 0x8A56, 0x8A56, 0x8A56, 0x8A56, 0x8A56, 0x8A56, 0x8A56, 0x8A56, 0x8A56, 0x8A56, 0x8A56,
    0x8A56, 0x8A56, 0x8A56, 0x8A56, 0x8A56, 0xD372, 0xD372, 0xD372, 0xD372, 0xD372, 0xD372, 0xD372, 0xD372, 0xD372, 0xD372, 0xD372,
    0xD372, 0xD372, 0xD372, 0xD372, 0xD372, 0xD372, 0xD372, 0xD372, 0xD372, 0xD372, 0xD372, 0xD372, 0xD372, 0xD372, 0xD372, 0xD372,
    0xD372, 0xD372, 0xD372, 0xD372, 0xD372, 0xD372, 0xD372, 0xD372, 0xD372, 0xD372, 0xD372, 0xD372, 0xD372, 0xD372, 0xD372, 0xD372,
    0xD372, 0xD372, 0xD372, 0xD372, 0xD372, 0xD372, 0xD372, 0xD372, 0xD372, 0xD372, 0xD372, 0xD372, 0xD372, 0xD372, 0xD372, 0xD372,
    0xD372, 0xD372, 0xD372, 0xD372, 0xD372, 0xD372, 0xD372, 0xD372, 0xD372, 0xD372, 0xD372, 0xD372, 0xD372, 0xD372, 0xD372, 0xD372,
    0xD372, 0xD372, 0xD372, 0xD372, 0xD372, 0xD372, 0xD372, 0xD372, 0xD372, 0xD372, 0xD372, 0xD372, 0xD372, 0xD372, 0xD372, 0xD372,
    0xD372, 0xD372, 0xD372, 0xD372, 0xD372, 0xD372, 0xD372, 0xD372, 0xD372, 0xD372, 0xD372, 0xD372, 0xD372, 0xD372, 0xD372, 0xD372,
    0xD372, 0xD372, 0xD372, 0xD372, 0xD372, 0xD372, 0xD372, 0xD372, 0xD372, 0xD372, 0xD372, 0xD372, 0xD372, 0xD372, 0xD372, 0xD372,
    0xD372, 0xD372, 0xD372, 0xD372, 0xD372, 0xD372, 0xD372, 0xD372, 0xD372, 0xD372, 0xD372, 0xD372, 0xD372, 0xD372, 0xD372, 0xD372,
    0xD372, 0xD372, 0xD372, 0xD372, 0xD372, 0xD372, 0xD372, 0xD372, 0xD372, 0x8A56, 0x8A56, 0xD372, 0xD372, 0x8A56, 0x8A56, 0xD372,
    0xD372, 0x8A56, 0x8A56, 0x8A56, 0x8A56, 0x8A56, 0x8A56, 0x8A56, 0x8A56, 0x8A56, 0x8A56, 0x8A56, 0xD372, 0xD372, 0xD372, 0xD372,
    0xD372, 0xD372, 0xD372, 0xD372, 0xD372, 0xD372, 0xD372, 0xD372, 0xD372, 0xD372, 0xD372, 0xD372, 0xD372, 0xD372, 0xD372, 0xD372,
    0xD372, 0xD372, 0xD372, 0xD372, 0xD372, 0xD372, 0xD372, 0xD372, 0xD372, 0xD372, 0xD372, 0xD372, 0xD372, 0xD372, 0xD372, 0xD372,
    0xD372, 0xD372, 0xD372, 0xD372, 0xD372, 0xD372, 0xD372, 0xD372, 0xD372, 0xD372, 0xD372, 0xD372, 0xD372, 0xD372, 0xD372, 0xD372,
    0xD372, 0xD372, 0x8A56, 0x8A56, 0x8A56, 0x8A56, 0x8A56, 0x8A56, 0x8A56, 0x8A56, 0x8A56, 0x8A56, 0x8A56, 0x8A56, 0x8A56, 0x8A56,
    0x8A56, 0x8A56, 0x8A56, 0x8A56, 0x8A56, 0xD372, 0xD372, 0xD372, 0xD372, 0xD372, 0xD372, 0xD372, 0xD372, 0xD372, 0xD372, 0xD372,
    0xD372, 0xD372, 0xD372, 0xD372, 0xD372, 0xD372, 0xD372, 0xD372, 0xD372, 0xD372, 0xD372, 0xD372, 0xD372, 0xD372, 0xD372, 0xD372,
    0xD372, 0xD372, 0xD372, 0xD372, 0xD372, 0xD372, 0xD372, 0xD372, 0xD372, 0xD372, 0xD372, 0xD372, 0xD372, 0xD372, 0xD372, 0xD372,
    0xD372, 0xD372, 0xD372, 0xD372, 0xD372, 0xD372, 0xD372, 0xD372, 0xD372, 0xD372, 0xD372, 0xD372, 0xD372, 0xD372, 0xD372, 0xD372,
    0xD372, 0xD372, 0xD372, 0xD372, 0xD372, 0xD372, 0xD372, 0xD372, 0xD372, 0xD372, 0xD372, 0xD372, 0xD372, 0xD372, 0xD372, 0xD372,
    0xD372, 0xD372, 0xD372, 0xD372, 0xD372, 0xD372, 0xD372, 0xD372, 0xD372, 0xD372, 0xD372, 0xD372, 0xD372, 0xD372, 0xD372, 0xD372,
    0xD372, 0xD372, 0xD372, 0xD372, 0xD372, 0xD372, 0xD372, 0xD372, 0xD372, 0xD372, 0xD372, 0xD372, 0xD372, 0xD372, 0xD372, 0xD372,
    0xD372, 0xD372, 0xD372, 0xD372, 0xD372, 0xD372, 0xD372, 0xD372, 0xD372, 0xD372, 0xD372, 0xD372, 0xD372, 0xD372, 0xD372, 0xD372,
    0xD372, 0xD372, 0xD372, 0xD372, 0xD372, 0xD372, 0xD372, 0xD372, 0xD372, 0xD372, 0xD372, 0xD372, 0xD372, 0xD372, 0xD372, 0xD372,
    0xD372, 0xD372, 0xD372, 0xD372, 0xD372, 0xD372, 0xD372, 0xD372, 0xD372, 0x8A56, 0x8A56, 0x8A56, 0x8A56, 0x8A56, 0x8A56, 0x8A56,
    0x8A56, 0x8A56, 0x8A56, 0x8A56, 0x8A56, 0x8A56, 0x8A56, 0x8A56, 0x8A56, 0x8A56, 0x8A56, 0x8A56, 0x8A56, 0x8A56, 0xD372, 0xD372,
    0xD372, 0xD372, 0xD372, 0xD372, 0xD372, 0xD372, 0xD372, 0xD372, 0xD372, 0xD372, 0xD372, 0xD372, 0xD372, 0xD372, 0xD372, 0xD372,
    0xD372, 0xD372, 0xD372, 0xD372, 0xD372, 0xD372, 0xD372, 0xD372, 0xD372, 0xD372, 0xD372, 0xD372, 0xD372, 0xD372, 0xD372, 0xD372,
    0xD372, 0xD372, 0xD372, 0xD372, 0xD372, 0xD372, 0xD372, 0xD372, 0xD372, 0xD372, 0xD372, 0xD372, 0xD372, 0xD372, 0xD372, 0xD372,
    0x8A56, 0x8A56, 0x8A56, 0x8A56, 0x8A56, 0x8A56, 0x8A56, 0x8A56, 0x8A56, 0x8A56, 0x8A56, 0x8A56, 0x8A56, 0x8A56, 0x8A56, 0x8A56,
    0x8A56, 0x8A56, 0x8A56, 0x8A56, 0x8A56, 0xD372, 0xD372, 0xD372, 0xD372, 0xD372, 0xD372, 0xD372, 0xD372, 0xD372, 0xD372, 0xD372,
    0xD372, 0xD372, 0xD372, 0xD372, 0xD372, 0xD372, 0xD372, 0xD372, 0xD372, 0xD372, 0xD372, 0xD372, 0xD372, 0xD372, 0xD372, 0xD372,
    0xD372, 0xD372, 0xD372, 0xD372, 0xD372, 0xD372, 0xD372, 0xD372, 0xD372, 0xD372, 0xD372, 0xD372, 0xD372, 0xD372, 0xD372, 0xD372,
    0xD372, 0xD372, 0xD372, 0xD372, 0xD372, 0xD372, 0xD372, 0xD372, 0xD372, 0xD372, 0xD372, 0xD372, 0xD372, 0xD372, 0xD372, 0xD372,
    0xD372, 0xD372, 0xD372, 0xD372, 0xD372, 0xD372, 0xD372, 0xD372, 0xD372, 0xD372, 0xD372, 0xD372, 0xD372, 0xD372, 0xD372, 0xD372,
    0xD372, 0xD372, 0xD372, 0xD372, 0xD372, 0xD372, 0xD372, 0xD372, 0xD372, 0xD372, 0xD372, 0xD372, 0xD372, 0xD372, 0xD372, 0xD372,
    0xD372, 0xD372, 0xD372, 0xD372, 0xD372, 0xD372, 0xD372, 0xD372, 0xD372, 0xD372, 0xD372, 0xD372, 0xD372, 0xD372, 0xD372, 0xD372,
    0xD372, 0xD372, 0xD372, 0xD372, 0xD372, 0xD372, 0xD372, 0xD372, 0xD372, 0xD372, 0xD372, 0xD372, 0xD372, 0xD372, 0xD372, 0xD372,
    0xD372, 0xD372, 0xD372, 0xD372, 0xD372, 0xD372, 0xD372, 0xD372, 0xD372, 0xD372, 0xD372, 0xD372, 0xD372, 0xD372, 0xD372, 0xD372,
    0xD372, 0xD372, 0xD372, 0xD372, 0xD372, 0xD372, 0xD372, 0xD372, 0xD372, 0x8A56, 0x8A56, 0x8A56, 0x8A56, 0x8A56, 0x8A56, 0x8A56,
    0x8A56, 0x8A56, 0x8A56, 0x8A56, 0x8A56, 0x8A56, 0x8A56, 0x8A56, 0x8A56, 0x8A56, 0x8A56, 0x8A56, 0x8A56, 0x8A56, 0xD372, 0xD372,
    0xD372, 0xD372, 0xD372, 0xD372, 0xD372, 0xD372, 0xD372, 0xD372, 0xD372, 0xD372, 0xD372, 0xD372, 0xD372, 0xD372, 0xD372, 0xD372,
    0xD372, 0xD372, 0xD372, 0xD372, 0xD372, 0xD372, 0xD372, 0xD372, 0xD372, 0xD372, 0xD372, 0xD372, 0xD372, 0xD372, 0xD372, 0xD372,
    0xD372, 0xD372, 0xD372, 0xD372, 0xD372, 0xD372, 0xD372, 0xD372, 0xD372, 0xD372, 0xD372, 0xD372, 0xD372, 0xD372, 0xD372, 0xD372,
    0x8A56, 0x8A56, 0x8A56, 0x8A56, 0x8A56, 0x8A56, 0x8A56, 0x8A56, 0x8A56, 0x8A56, 0x8A56, 0x8A56, 0x8A56, 0x8A56, 0x8A56, 0x8A56,
    0x8A56, 0x8A56, 0x8A56, 0x8A56, 0x8A56, 0xD372, 0xD372, 0xD372, 0xD372, 0xD372, 0xD372, 0xD372, 0xD372, 0xD372, 0xD372, 0xD372,
    0xD372, 0xD372, 0xD372, 0xD372, 0xD372, 0xD372, 0xD372, 0xD372, 0xD372, 0xD372, 0xD372, 0xD372, 0xD372, 0xD372, 0xD372, 0xD372,
    0xD372, 0xD372, 0xD372, 0xD372, 0xD372, 0xD372, 0xD372, 0xD372, 0xD372, 0xD372, 0xD372, 0xD372, 0xD372, 0xD372, 0xD372, 0xD372,
    0xD372, 0xD372, 0xD372, 0xD372, 0xD372, 0xD372, 0xD372, 0xD372, 0xD372, 0xD372, 0xD372, 0xD372, 0xD372, 0xD372, 0xD372, 0xD372,
    0xD372, 0xD372, 0xD372, 0xD372, 0xD372, 0xD372, 0xD372, 0xD372, 0xD372, 0xD372, 0xD372, 0xD372, 0xD372, 0xD372, 0xD372, 0xD372,
    0xD372, 0xD372, 0xD372, 0xD372, 0xD372, 0xD372, 0xD372, 0xD372, 0xD372, 0xD372, 0xD372, 0xD372, 0xD372, 0xD372, 0xD372, 0xD372,
    0xD372, 0xD372, 0xD372, 0xD372, 0xD372, 0xD372, 0xD372, 0xD372, 0xD372, 0xD372, 0xD372, 0xD372, 0xD372, 0xD372, 0xD372, 0xD372,
    0xD372, 0xD372, 0xD372, 0xD372, 0xD372, 0xD372, 0xD372, 0xD372, 0xD372, 0xD372, 0xD372, 0xD372, 0xD372, 0xD372, 0xD372, 0xD372,
    0xD372, 0xD372, 0xD372, 0xD372, 0xD372, 0xD372, 0xD372, 0xD372, 0xD372, 0xD372, 0xD372, 0xD372, 0xD372, 0xD372, 0xD372, 0xD372,
    0xD372, 0xD372, 0xD372, 0xD372, 0xD372, 0xD372, 0xD372, 0xD372, 0xD372, 0x8A56, 0x8A56, 0xD372, 0xD372, 0x8A56, 0x8A56, 0xD372,
    0xD372, 0x8A56, 0x8A56, 0x8A56, 0x8A56, 0x8A56, 0x8A56, 0x8A56, 0x8A56, 0x8A56, 0x8A56, 0x8A56, 0x8A56, 0x8A56, 0x8A56, 0x8A56,
    0xD372, 0xD372, 0xD372, 0xD372, 0xD372, 0xD372, 0xD372, 0xD372, 0xD372, 0xD372, 0xD372, 0xD372, 0xD372, 0xD372, 0xD372, 0xD372,
    0xD372, 0xD372, 0xD372, 0xD372, 0xD372, 0xD372, 0xD372, 0xD372, 0xD372, 0xD372, 0xD372, 0xD372, 0xD372, 0xD372, 0xD372, 0xD372,
    0xD372, 0xD372, 0xD372, 0xD372, 0xD372, 0xD372, 0xD372, 0xD372, 0xD372, 0xD372, 0xD372, 0xD372, 0xD372, 0xD372, 0xD372, 0x8A56,
    0x8A56, 0x8A56, 0x8A56, 0x8A56, 0x8A56, 0x8A56, 0x8A56, 0x8A56, 0x8A56, 0x8A56, 0x8A56, 0x8A56, 0x8A56, 0x8A56, 0x8A56, 0x8A56,
    0x8A56, 0x8A56, 0x8A56, 0x8A56, 0x8A56, 0xD372, 0xD372, 0xD372, 0xD372, 0xD372, 0xD372, 0xD372, 0xD372, 0xD372, 0xD372, 0xD372,
    0xD372, 0xD372, 0xD372, 0xD372, 0xD372, 0xD372, 0xD372, 0xD372, 0xD372, 0xD372, 0xD372, 0xD372, 0xD372, 0xD372, 0xD372, 0xD372,
    0xD372, 0xD372, 0xD372, 0xD372, 0xD372, 0xD372, 0xD372, 0xD372, 0xD372, 0xD372, 0xD372, 0xD372, 0xD372, 0xD372, 0xD372, 0xD372,
    0xD372, 0xD372, 0xD372, 0xD372, 0xD372, 0xD372, 0xD372, 0xD372, 0xD372, 0xD372, 0xD372, 0xD372, 0xD372, 0xD372, 0xD372, 0xD372,
    0xD372, 0xD372, 0xD372, 0xD372, 0xD372, 0xD372, 0xD372, 0xD372, 0xD372, 0xD372, 0xD372, 0xD372, 0xD372, 0xD372, 0xD372, 0xD372,
    0xD372, 0xD372, 0xD372, 0xD372, 0xD372, 0xD372, 0xD372, 0xD372, 0xD372, 0xD372, 0xD372, 0xD372, 0xD372, 0xD372, 0xD372, 0xD372,
    0xD372, 0xD372, 0xD372, 0xD372, 0xD372, 0xD372, 0xD372, 0xD372, 0xD372, 0xD372, 0xD372, 0xD372, 0xD372, 0xD372, 0xD372, 0xD372,
    0xD372, 0xD372, 0xD372, 0xD372, 0xD372, 0xD372, 0xD372, 0xD372, 0xD372, 0xD372, 0xD372, 0xD372, 0xD372, 0xD372, 0xD372, 0xD372,
    0xD372, 0xD372, 0xD372, 0xD372, 0xD372, 0xD372, 0xD372, 0xD372, 0xD372, 0xD372, 0xD372, 0xD372, 0xD372, 0xD372, 0xD372, 0xD372,
    0xD372, 0xD372, 0xD372, 0xD372, 0xD372, 0xD372, 0xD372, 0xD372, 0xD372, 0x8A56, 0x8A56, 0xD372, 0xD372, 0x8A56, 0x8A56, 0xD372,
    0xD372, 0x8A56, 0x8A56, 0x8A56, 0x8A56, 0x8A56, 0x8A56, 0x8A56, 0x8A56, 0x8A56, 0x8A56, 0x8A56, 0x8A56, 0x8A56, 0x8A56, 0x8A56,
    0xD372, 0xD372, 0xD372, 0xD372, 0xD372, 0xD372, 0xD372, 0xD372, 0xD372, 0xD372, 0xD372, 0xD372, 0xD372, 0xD372, 0xD372, 0xD372,
    0xD372, 0xD372, 0xD372, 0xD372, 0xD372, 0xD372, 0xD372, 0xD372, 0xD372, 0xD372, 0xD372, 0xD372, 0xD372, 0xD372, 0xD372, 0xD372,
    0xD372, 0xD372, 0xD372, 0xD372, 0xD372, 0xD372, 0xD372, 0xD372, 0xD372, 0xD372, 0xD372, 0xD372, 0xD372, 0xD372, 0xD372, 0x8A56,
    0x8A56, 0x8A56, 0x8A56, 0x8A56, 0x8A56, 0x8A56, 0x8A56, 0x8A56, 0x8A56, 0x8A56, 0x8A56, 0x8A56, 0x8A56, 0x8A56, 0x8A56, 0x8A56,
    0x8A56, 0x8A56, 0x8A56, 0x8A56, 0x8A56, 0xD372, 0xD372, 0xD372, 0xD372, 0xD372, 0xD372, 0xD372, 0xD372, 0xD372, 0xD372, 0xD372,
    0xD372, 0xD372, 0xD372, 0xD372, 0xD372, 0xD372, 0xD372, 0xD372, 0xD372, 0xD372, 0xD372, 0xD372, 0xD372, 0xD372, 0xD372, 0xD372,
    0xD372, 0xD372, 0xD372, 0xD372, 0xD372, 0xD372, 0xD372, 0xD372, 0xD372, 0xD372, 0xD372, 0xD372, 0xD372, 0xD372, 0xD372, 0xD372,
    0xD372, 0xD372, 0xD372, 0xD372, 0xD372, 0xD372, 0xD372, 0xD372, 0xD372, 0xD372, 0xD372, 0xD372, 0xD372, 0xD372, 0xD372, 0xD372,
    0xD372, 0xD372, 0xD372, 0xD372, 0xD372, 0xD372, 0xD372, 0xD372, 0xD372, 0xD372, 0xD372, 0xD372, 0xD372, 0xD372, 0xD372, 0xD372,
    0xD372, 0xD372, 0xD372, 0xD372, 0xD372, 0xD372, 0xD372, 0xD372, 0xD372, 0xD372, 0xD372, 0xD372, 0xD372, 0xD372, 0xD372, 0xD372,
    0xD372, 0xD372, 0xD372, 0xD372, 0xD372, 0xD372, 0xD372, 0xD372, 0xD372, 0xD372, 0xD372, 0xD372, 0xD372, 0xD372, 0xD372, 0xD372,
    0xD372, 0xD372, 0xD372, 0xD372, 0xD372, 0xD372, 0xD372, 0xD372, 0xD372, 0xD372, 0xD372, 0xD372, 0xD372, 0xD372, 0xD372, 0xD372,
    0xD372, 0xD372, 0xD372, 0xD372, 0xD372, 0xD372, 0xD372, 0xD372, 0xD372, 0xD372, 0xD372, 0xD372, 0xD372, 0xD372, 0xD372, 0xD372,
    0xD372, 0xD372, 0xD372, 0xD372, 0xD372, 0xD372, 0xD372, 0x8A56, 0x8A56, 0x8A56, 0x8A56, 0x8A56, 0x8A56, 0x8A56, 0x8A56, 0x8A56,
    0x8A56, 0x8A56, 0x8A56, 0x8A56, 0x8A56, 0x8A56, 0x8A56, 0x8A56, 0x8A56, 0x8A56, 0x8A56, 0x8A56, 0x8A56, 0x8A56, 0x8A56, 0x8A56,
    0x8A56, 0x8A56, 0xD372, 0xD372, 0xD372, 0xD372, 0xD372, 0xD372, 0xD372, 0xD372, 0xD372, 0xD372, 0xD372, 0xD372, 0xD372, 0xD372,
    0xD372, 0xD372, 0xD372, 0xD372, 0xD372, 0xD372, 0xD372, 0xD372, 0xD372, 0xD372, 0xD372, 0xD372, 0xD372, 0xD372, 0xD372, 0xD372,
    0xD372, 0xD372, 0xD372, 0xD372, 0xD372, 0xD372, 0xD372, 0xD372, 0xD372, 0xD372, 0xD372, 0xD372, 0xD372, 0x8A56, 0x8A56, 0x8A56,
    0x8A56, 0x8A56, 0x8A56, 0x8A56, 0x8A56, 0x8A56, 0x8A56, 0x8A56, 0x8A56, 0x8A56, 0x8A56, 0x8A56, 0x8A56, 0x8A56, 0x8A56, 0x8A56,
    0x8A56, 0x8A56, 0x8A56, 0x8A56, 0x8A56, 0x8A56, 0x8A56, 0xD372, 0xD372, 0xD372, 0xD372, 0xD372, 0xD372, 0xD372, 0xD372, 0xD372,
    0xD372, 0xD372, 0xD372, 0xD372, 0xD372, 0xD372, 0xD372, 0xD372, 0xD372, 0xD372, 0xD372, 0xD372, 0xD372, 0xD372, 0xD372, 0xD372,
    0xD372, 0xD372, 0xD372, 0xD372, 0xD372, 0xD372, 0xD372, 0xD372, 0xD372, 0xD372, 0xD372, 0xD372, 0xD372, 0xD372, 0xD372, 0xD372,
    0xD372, 0xD372, 0xD372, 0xD372, 0xD372, 0xD372, 0xD372, 0xD372, 0xD372, 0xD372, 0xD372, 0xD372, 0xD372, 0xD372, 0xD372, 0xD372,
    0xD372, 0xD372, 0xD372, 0xD372, 0xD372, 0xD372, 0xD372, 0xD372, 0xD372, 0xD372, 0xD372, 0xD372, 0xD372, 0xD372, 0xD372, 0xD372,
    0xD372, 0xD372, 0xD372, 0xD372, 0xD372, 0xD372, 0xD372, 0xD372, 0xD372, 0xD372, 0xD372, 0xD372, 0xD372, 0xD372, 0xD372, 0xD372,
    0xD372, 0xD372, 0xD372, 0xD372, 0xD372, 0xD372, 0xD372, 0xD372, 0xD372, 0xD372, 0xD372, 0xD372, 0xD372, 0xD372, 0xD372, 0xD372,
    0xD372, 0xD372, 0xD372, 0xD372, 0xD372, 0xD372, 0xD372, 0xD372, 0xD372, 0xD372, 0xD372, 0xD372, 0xD372, 0xD372, 0xD372, 0xD372,
    0xD372, 0xD372, 0xD372, 0xD372, 0xD372, 0xD372, 0xD372, 0xD372, 0xD372, 0xD372, 0xD372, 0xD372, 0xD372, 0xD372, 0xD372, 0xD372,
    0xD372, 0xD372, 0xD372, 0xD372, 0xD372, 0xD372, 0xD372, 0x8A56, 0x8A56, 0x8A56, 0x8A56, 0x8A56, 0x8A56, 0x8A56, 0x8A56, 0x8A56,
    0x8A56, 0x8A56, 0x8A56, 0x8A56, 0x8A56, 0x8A56, 0x8A56, 0x8A56, 0x8A56, 0x8A56, 0x8A56, 0x8A56, 0x8A56, 0x8A56, 0x8A56, 0x8A56,
    0x8A56, 0x8A56, 0xD372, 0xD372, 0xD372, 0xD372, 0xD372, 0xD372, 0xD372, 0xD372, 0xD372, 0xD372, 0xD372, 0xD372, 0xD372, 0xD372,
    0xD372, 0xD372, 0xD372, 0xD372, 0xD372, 0xD372, 0xD372, 0xD372, 0xD372, 0xD372, 0xD372, 0xD372, 0xD372, 0xD372, 0xD372, 0xD372,
    0xD372, 0xD372, 0xD372, 0xD372, 0xD372, 0xD372, 0xD372, 0xD372, 0xD372, 0xD372, 0xD372, 0xD372, 0xD372, 0x8A56, 0x8A56, 0x8A56,
    0x8A56, 0x8A56, 0x8A56, 0x8A56, 0x8A56, 0x8A56, 0x8A56, 0x8A56, 0x8A56, 0x8A56, 0x8A56, 0x8A56, 0x8A56, 0x8A56, 0x8A56, 0x8A56,
    0x8A56, 0x8A56, 0x8A56, 0x8A56, 0x8A56, 0x8A56, 0x8A56, 0xD372, 0xD372, 0xD372, 0xD372, 0xD372, 0xD372, 0xD372, 0xD372, 0xD372,
    0xD372, 0xD372, 0xD372, 0xD372, 0xD372, 0xD372, 0xD372, 0xD372, 0xD372, 0xD372, 0xD372, 0xD372, 0xD372, 0xD372, 0xD372, 0xD372,
    0xD372, 0xD372, 0xD372, 0xD372, 0xD372, 0xD372, 0xD372, 0xD372, 0xD372, 0xD372, 0xD372, 0xD372, 0xD372, 0xD372, 0xD372, 0xD372,
    0xD372, 0xD372, 0xD372, 0xD372, 0xD372, 0xD372, 0xD372, 0xD372, 0xD372, 0xD372, 0xD372, 0xD372, 0xD372, 0xD372, 0xD372, 0xD372,
    0xD372, 0xD372, 0xD372, 0xD372, 0xD372, 0xD372, 0xD372, 0xD372, 0xD372, 0xD372, 0xD372, 0xD372, 0xD372, 0xD372, 0xD372, 0xD372,
    0xD372, 0xD372, 0xD372, 0xD372, 0xD372, 0xD372, 0xD372, 0xD372, 0xD372, 0xD372, 0xD372, 0xD372, 0xD372, 0xD372, 0xD372, 0xD372,
    0xD372, 0xD372, 0xD372, 0xD372, 0xD372, 0xD372, 0xD372, 0xD372, 0xD372, 0xD372, 0xD372, 0xD372, 0xD372, 0xD372, 0xD372, 0xD372,
    0xD372, 0xD372, 0xD372, 0xD372, 0xD372, 0xD372, 0xD372, 0xD372, 0xD372, 0xD372, 0xD372, 0xD372, 0xD372, 0xD372, 0xD372, 0xD372,
    0xD372, 0xD372, 0xD372, 0xD372, 0xD372, 0xD372, 0xD372, 0xD372, 0xD372, 0xD372, 0xD372, 0xD372, 0xD372, 0xD372, 0xD372, 0xD372,
    0xD372, 0xD372, 0xD372, 0xD372, 0xD372, 0xD372, 0xD372, 0x8A56, 0x8A56, 0x8A56, 0x8A56, 0xD372, 0xD372, 0x8A56, 0x8A56, 0x8A56,
    0x8A56, 0x8A56, 0x8A56, 0x8A56, 0x8A56, 0x8A56, 0x8A56, 0x8A56, 0x8A56, 0x8A56, 0x8A56, 0x8A56, 0x8A56, 0x8A56, 0x8A56, 0x8A56,
    0x8A56, 0x8A56, 0x8A56, 0xD372, 0xD372, 0xD372, 0xD372, 0xD372, 0xD372, 0xD372, 0xD372, 0xD372, 0xD372, 0xD372, 0xD372, 0xD372,
    0xD372, 0xD372, 0xD372, 0xD372, 0xD372, 0xD372, 0xD372, 0xD372, 0xD372, 0xD372, 0xD372, 0xD372, 0xD372, 0xD372, 0xD372, 0xD372,
    0xD372, 0xD372, 0xD372, 0xD372, 0xD372, 0xD372, 0xD372, 0xD372, 0xD372, 0xD372, 0xD372, 0x8A56, 0x8A56, 0x8A56, 0x8A56, 0x8A56,
    0x8A56, 0x8A56, 0x8A56, 0x8A56, 0x8A56, 0x8A56, 0x8A56, 0x8A56, 0x8A56, 0x8A56, 0x8A56, 0x8A56, 0x8A56, 0x8A56, 0x8A56, 0x8A56,
    0x8A56, 0x8A56, 0x8A56, 0x8A56, 0x8A56, 0x8A56, 0x8A56, 0xD372, 0xD372, 0xD372, 0xD372, 0xD372, 0xD372, 0xD372, 0xD372, 0xD372,
    0xD372, 0xD372, 0xD372, 0xD372, 0xD372, 0xD372, 0xD372, 0xD372, 0xD372, 0xD372, 0xD372, 0xD372, 0xD372, 0xD372, 0xD372, 0xD372,
    0xD372, 0xD372, 0xD372, 0xD372, 0xD372, 0xD372, 0xD372, 0xD372, 0xD372, 0xD372, 0xD372, 0xD372, 0xD372, 0xD372, 0xD372, 0xD372,
    0xD372, 0xD372, 0xD372, 0xD372, 0xD372, 0xD372, 0xD372, 0xD372, 0xD372, 0xD372, 0xD372, 0xD372, 0xD372, 0xD372, 0xD372, 0xD372,
    0xD372, 0xD372, 0xD372, 0xD372, 0xD372, 0xD372, 0xD372, 0xD372, 0xD372, 0xD372, 0xD372, 0xD372, 0xD372, 0xD372, 0xD372, 0xD372,
    0xD372, 0xD372, 0xD372, 0xD372, 0xD372, 0xD372, 0xD372, 0xD372, 0xD372, 0xD372, 0xD372, 0xD372, 0xD372, 0xD372, 0xD372, 0xD372,
    0xD372, 0xD372, 0xD372, 0xD372, 0xD372, 0xD372, 0xD372, 0xD372, 0xD372, 0xD372, 0xD372, 0xD372, 0xD372, 0xD372, 0xD372, 0xD372,
    0xD372, 0xD372, 0xD372, 0xD372, 0xD372, 0xD372, 0xD372, 0xD372, 0xD372, 0xD372, 0xD372, 0xD372, 0xD372, 0xD372, 0xD372, 0xD372,
    0xD372, 0xD372, 0xD372, 0xD372, 0xD372, 0xD372, 0xD372, 0xD372, 0xD372, 0xD372, 0xD372, 0xD372, 0xD372, 0xD372, 0xD372, 0xD372,
    0xD372, 0xD372, 0xD372, 0xD372, 0xD372, 0xD372, 0xD372, 0x8A56, 0x8A56, 0x8A56, 0x8A56, 0x8A56, 0x8A56, 0x8A56, 0x8A56, 0x8A56,
    0x8A56, 0x8A56, 0x8A56, 0x8A56, 0x8A56, 0x8A56, 0x8A56, 0x8A56, 0x8A56, 0x8A56, 0x8A56, 0x8A56, 0x8A56, 0x8A56, 0x8A56, 0x8A56,
    0x8A56, 0x8A56, 0x8A56, 0x8A56, 0x8A56, 0xD372, 0xD372, 0xD372, 0xD372, 0xD372, 0xD372, 0xD372, 0xD372, 0xD372, 0xD372, 0xD372,
    0xD372, 0xD372, 0xD372, 0xD372, 0xD372, 0xD372, 0xD372, 0xD372, 0xD372, 0xD372, 0xD372, 0xD372, 0xD372, 0xD372, 0xD372, 0xD372,
    0xD372, 0xD372, 0xD372, 0xD372, 0xD372, 0xD372, 0xD372, 0xD372, 0xD372, 0x8A56, 0x8A56, 0x8A56, 0x8A56, 0x8A56, 0x8A56, 0x8A56,
    0x8A56, 0x8A56, 0x8A56, 0x8A56, 0x8A56, 0x8A56, 0x8A56, 0x8A56, 0x8A56, 0x8A56, 0x8A56, 0x8A56, 0x8A56, 0x8A56, 0x8A56, 0x8A56,
    0x8A56, 0x8A56, 0x8A56, 0x8A56, 0x8A56, 0x8A56, 0x8A56, 0xD372, 0xD372, 0xD372, 0xD372, 0xD372, 0xD372, 0xD372, 0xD372, 0xD372,
    0xD372, 0xD372, 0xD372, 0xD372, 0xD372, 0xD372, 0xD372, 0xD372, 0xD372, 0xD372, 0xD372, 0xD372, 0xD372, 0xD372, 0xD372, 0xD372,
    0xD372, 0xD372, 0xD372, 0xD372, 0xD372, 0xD372, 0xD372, 0xD372, 0xD372, 0xD372, 0xD372, 0xD372, 0xD372, 0xD372, 0xD372, 0xD372,
    0xD372, 0xD372, 0xD372, 0xD372, 0xD372, 0xD372, 0xD372, 0xD372, 0xD372, 0xD372, 0xD372, 0xD372, 0xD372, 0xD372, 0xD372, 0xD372,
    0xD372, 0xD372, 0xD372, 0xD372, 0xD372, 0xD372, 0xD372, 0xD372, 0xD372, 0xD372, 0xD372, 0xD372, 0xD372, 0xD372, 0xD372, 0xD372,
    0xD372, 0xD372, 0xD372, 0xD372, 0xD372, 0xD372, 0xD372, 0xD372, 0xD372, 0xD372, 0xD372, 0xD372, 0xD372, 0xD372, 0xD372, 0xD372,
    0xD372, 0xD372, 0xD372, 0xD372, 0xD372, 0xD372, 0xD372, 0xD372, 0xD372, 0xD372, 0xD372, 0xD372, 0xD372, 0xD372, 0xD372, 0xD372,
    0xD372, 0xD372, 0xD372, 0xD372, 0xD372, 0xD372, 0xD372, 0xD372, 0xD372, 0xD372, 0xD372, 0xD372, 0xD372, 0xD372, 0xD372, 0xD372,
    0xD372, 0xD372, 0xD372, 0xD372, 0xD372, 0xD372, 0xD372, 0xD372, 0xD372, 0xD372, 0xD372, 0xD372, 0xD372, 0xD372, 0xD372, 0xD372,
    0xD372, 0xD372, 0xD372, 0xD372, 0xD372, 0xD372, 0xD372, 0x8A56, 0x8A56, 0x8A56, 0x8A56, 0x8A56, 0x8A56, 0x8A56, 0x8A56, 0x8A56,
    0x8A56, 0x8A56, 0x8A56, 0x8A56, 0x8A56, 0x8A56, 0x8A56, 0x8A56, 0x8A56, 0x8A56, 0x8A56, 0x8A56, 0x8A56, 0x8A56, 0x8A56, 0x8A56,
    0x8A56, 0x8A56, 0x8A56, 0x8A56, 0x8A56, 0xD372, 0xD372, 0xD372, 0xD372, 0xD372, 0xD372, 0xD372, 0xD372, 0xD372, 0xD372, 0xD372,
    0xD372, 0xD372, 0xD372, 0xD372, 0xD372, 0xD372, 0xD372, 0xD372, 0xD372, 0xD372, 0xD372, 0xD372, 0xD372, 0xD372, 0xD372, 0xD372,
    0xD372, 0xD372, 0xD372, 0xD372, 0xD372, 0xD372, 0xD372, 0xD372, 0xD372, 0x8A56, 0x8A56, 0x8A56, 0x8A56, 0x8A56, 0x8A56, 0x8A56,
    0x8A56, 0x8A56, 0x8A56, 0x8A56, 0x8A56, 0x8A56, 0x8A56, 0x8A56, 0x8A56, 0x8A56, 0x8A56, 0x8A56, 0x8A56, 0x8A56, 0x8A56, 0x8A56,
    0x8A56, 0x8A56, 0x8A56, 0x8A56, 0x8A56, 0x8A56, 0x8A56, 0xD372, 0xD372, 0xD372, 0xD372, 0xD372, 0xD372, 0xD372, 0xD372, 0xD372,
    0xD372, 0xD372, 0xD372, 0xD372, 0xD372, 0xD372, 0xD372, 0xD372, 0xD372, 0xD372, 0xD372, 0xD372, 0xD372, 0xD372, 0xD372, 0xD372,
    0xD372, 0xD372, 0xD372, 0xD372, 0xD372, 0xD372, 0xD372, 0xD372, 0xD372, 0xD372, 0xD372, 0xD372, 0xD372, 0xD372, 0xD372, 0xD372,
    0xD372, 0xD372, 0xD372, 0xD372, 0xD372, 0xD372, 0xD372, 0xD372, 0xD372, 0xD372, 0xD372, 0xD372, 0xD372, 0xD372, 0xD372, 0xD372,
    0xD372, 0xD372, 0xD372, 0xD372, 0xD372, 0xD372, 0xD372, 0xD372, 0xD372, 0xD372, 0xD372, 0xD372, 0xD372, 0xD372, 0xD372, 0xD372,
    0xD372, 0xD372, 0xD372, 0xD372, 0xD372, 0xD372, 0xD372, 0xD372, 0xD372, 0xD372, 0xD372, 0xD372, 0xD372, 0xD372, 0xD372, 0xD372,
    0xD372, 0xD372, 0xD372, 0xD372, 0xD372, 0xD372, 0xD372, 0xD372, 0xD372, 0xD372, 0xD372, 0xD372, 0xD372, 0xD372, 0xD372, 0xD372,
    0xD372, 0xD372, 0xD372, 0xD372, 0xD372, 0xD372, 0xD372, 0xD372, 0xD372, 0xD372, 0xD372, 0xD372, 0xD372, 0xD372, 0xD372, 0xD372,
    0xD372, 0xD372, 0xD372, 0xD372, 0xD372, 0xD372, 0xD372, 0xD372, 0xD372, 0xD372, 0xD372, 0xD372, 0xD372, 0xD372, 0xD372, 0xD372,
    0xD372, 0xD372, 0xD372, 0xD372, 0xD372, 0xD372, 0xD372, 0x8A56, 0x8A56, 0x8A56, 0x8A56, 0xD372, 0xD372, 0x8A56, 0x8A56, 0x8A56,
    0x8A56, 0x8A56, 0x8A56, 0x8A56, 0x8A56, 0x8A56, 0x8A56, 0x8A56, 0x8A56, 0x8A56, 0x8A56, 0x8A56, 0x8A56, 0x8A56, 0x8A56, 0x8A56,
    0x8A56, 0x8A56, 0x8A56, 0xD372, 0xD372, 0xD372, 0xD372, 0xD372, 0xD372, 0xD372, 0xD372, 0xD372, 0xD372, 0xD372, 0xD372, 0xD372,
    0xD372, 0xD372, 0xD372, 0xD372, 0xD372, 0xD372, 0xD372, 0xD372, 0xD372, 0xD372, 0xD372, 0xD372, 0xD372, 0xD372, 0xD372, 0xD372,
    0xD372, 0xD372, 0xD372, 0xD372, 0xD372, 0xD372, 0xD372, 0xD372, 0xD372, 0xD372, 0xD372, 0x8A56, 0x8A56, 0x8A56, 0x8A56, 0x8A56,
    0x8A56, 0x8A56, 0x8A56, 0x8A56, 0x8A56, 0x8A56, 0x8A56, 0x8A56, 0x8A56, 0x8A56, 0x8A56, 0x8A56, 0x8A56, 0x8A56, 0x8A56, 0x8A56,
    0x8A56, 0x8A56, 0x8A56, 0x8A56, 0x8A56, 0x8A56, 0x8A56, 0xD372, 0xD372, 0xD372, 0xD372, 0xD372, 0xD372, 0xD372, 0xD372, 0xD372,
    0xD372, 0xD372, 0xD372, 0xD372, 0xD372, 0xD372, 0xD372, 0xD372, 0xD372, 0xD372, 0xD372, 0xD372, 0xD372, 0xD372, 0xD372, 0xD372,
    0xD372, 0xD372, 0xD372, 0xD372, 0xD372, 0xD372, 0xD372, 0xD372, 0xD372, 0xD372, 0xD372, 0xD372, 0xD372, 0xD372, 0xD372, 0xD372,
    0xD372, 0xD372, 0xD372, 0xD372, 0xD372, 0xD372, 0xD372, 0xD372, 0xD372, 0xD372, 0xD372, 0xD372, 0xD372, 0xD372, 0xD372, 0xD372,
    0xD372, 0xD372, 0xD372, 0xD372, 0xD372, 0xD372, 0xD372, 0xD372, 0xD372, 0xD372, 0xD372, 0xD372, 0xD372, 0xD372, 0xD372, 0xD372,
    0xD372, 0xD372, 0xD372, 0xD372, 0xD372, 0xD372, 0xD372, 0xD372, 0xD372, 0xD372, 0xD372, 0xD372, 0xD372, 0xD372, 0xD372, 0xD372,
    0xD372, 0xD372, 0xD372, 0xD372, 0xD372, 0xD372, 0xD372, 0xD372, 0xD372, 0xD372, 0xD372, 0xD372, 0xD372, 0xD372, 0xD372, 0xD372,
    0xD372, 0xD372, 0xD372, 0xD372, 0xD372, 0xD372, 0xD372, 0xD372, 0xD372, 0xD372, 0xD372, 0xD372, 0xD372, 0xD372, 0xD372, 0xD372,
    0xD372, 0xD372, 0xD372, 0xD372, 0xD372, 0xD372, 0xD372, 0xD372, 0xD372, 0xD372, 0xD372, 0xD372, 0xD372, 0xD372, 0xD372, 0xD372,
    0xD372, 0xD372, 0xD372, 0xD372, 0xD372, 0xD372, 0xD372, 0x8A56, 0x8A56, 0x8A56, 0x8A56, 0xD372, 0xD372, 0x8A56, 0x8A56, 0x8A56,
    0x8A56, 0x8A56, 0x8A56, 0x8A56, 0x8A56, 0x8A56, 0x8A56, 0x8A56, 0x8A56, 0x8A56, 0x8A56, 0x8A56, 0x8A56, 0x8A56, 0x8A56, 0x8A56,
    0x8A56, 0x8A56, 0x8A56, 0xD372, 0xD372, 0xD372, 0xD372, 0xD372, 0xD372, 0xD372, 0xD372, 0xD372, 0xD372, 0xD372, 0xD372, 0xD372,
    0xD372, 0xD372, 0xD372, 0xD372, 0xD372, 0xD372, 0xD372, 0xD372, 0xD372, 0xD372, 0xD372, 0xD372, 0xD372, 0xD372, 0xD372, 0xD372,
    0xD372, 0xD372, 0xD372, 0xD372, 0xD372, 0xD372, 0xD372, 0xD372, 0xD372, 0xD372, 0xD372, 0x8A56, 0x8A56, 0x8A56, 0x8A56, 0x8A56,
    0x8A56, 0x8A56, 0x8A56, 0x8A56, 0x8A56, 0x8A56, 0x8A56, 0x8A56, 0x8A56, 0x8A56, 0x8A56, 0x8A56, 0x8A56, 0x8A56, 0x8A56, 0x8A56,
    0x8A56, 0x8A56, 0x8A56, 0x8A56, 0x8A56, 0x8A56, 0x8A56, 0xD372, 0xD372, 0xD372, 0xD372, 0xD372, 0xD372, 0xD372, 0xD372, 0xD372,
    0xD372, 0xD372, 0xD372, 0xD372, 0xD372, 0xD372, 0xD372, 0xD372, 0xD372, 0xD372, 0xD372, 0xD372, 0xD372, 0xD372, 0xD372, 0xD372,
    0xD372, 0xD372, 0xD372, 0xD372, 0xD372, 0xD372, 0xD372, 0xD372, 0xD372, 0xD372, 0xD372, 0xD372, 0xD372, 0xD372, 0xD372, 0xD372,
    0xD372, 0xD372, 0xD372, 0xD372, 0xD372, 0xD372, 0xD372, 0xD372, 0xD372, 0xD372, 0xD372, 0xD372, 0xD372, 0xD372, 0xD372, 0xD372,
    0xD372, 0xD372, 0xD372, 0xD372, 0xD372, 0xD372, 0xD372, 0xD372, 0xD372, 0xD372, 0xD372, 0xD372, 0xD372, 0xD372, 0xD372, 0xD372,
    0xD372, 0xD372, 0xD372, 0xD372, 0xD372, 0xD372, 0xD372, 0xD372, 0xD372, 0xD372, 0xD372, 0xD372, 0xD372, 0xD372, 0xD372, 0xD372,
    0xD372, 0xD372, 0xD372, 0xD372, 0xD372, 0xD372, 0xD372, 0xD372, 0xD372, 0xD372, 0xD372, 0xD372, 0xD372, 0xD372, 0xD372, 0xD372,
    0xD372, 0xD372, 0xD372, 0xD372, 0xD372, 0xD372, 0xD372, 0xD372, 0xD372, 0xD372, 0xD372, 0xD372, 0xD372, 0xD372, 0xD372, 0xD372,
    0xD372, 0xD372, 0xD372, 0xD372, 0xD372, 0xD372, 0xD372, 0xD372, 0xD372, 0xD372, 0xD372, 0xD372, 0xD372, 0xD372, 0xD372, 0xD372,
    0xD372, 0xD372, 0xD372, 0xD372, 0xD372, 0xD372, 0xD372, 0x8A56, 0x8A56, 0x8A56, 0x8A56, 0x8A56, 0x8A56, 0x8A56, 0x8A56, 0x8A56,
    0x8A56, 0x8A56, 0x8A56, 0x8A56, 0x8A56, 0x8A56, 0x8A56, 0x8A56, 0x8A56, 0x8A56, 0x8A56, 0x8A56, 0x8A56, 0x8A56, 0x8A56, 0x8A56,
    0x8A56, 0x8A56, 0xD372, 0xD372, 0xD372, 0xD372, 0xD372, 0xD372, 0xD372, 0xD372, 0xD372, 0xD372, 0xD372, 0xD372, 0xD372, 0xD372,
    0xD372, 0xD372, 0xD372, 0xD372, 0xD372, 0xD372, 0xD372, 0xD372, 0xD372, 0xD372, 0xD372, 0xD372, 0xD372, 0xD372, 0xD372, 0xD372,
    0xD372, 0xD372, 0xD372, 0xD372, 0xD372, 0xD372, 0xD372, 0xD372, 0xD372, 0xD372, 0xD372, 0xD372, 0xD372, 0x8A56, 0x8A56, 0x8A56,
    0x8A56, 0x8A56, 0x8A56, 0x8A56, 0x8A56, 0x8A56, 0x8A56, 0x8A56, 0x8A56, 0x8A56, 0x8A56, 0x8A56, 0x8A56, 0x8A56, 0x8A56, 0x8A56,
    0x8A56, 0x8A56, 0x8A56, 0x8A56, 0x8A56, 0x8A56, 0x8A56, 0xD372, 0xD372, 0xD372, 0xD372, 0xD372, 0xD372, 0xD372, 0xD372, 0xD372,
    0xD372, 0xD372, 0xD372, 0xD372, 0xD372, 0xD372, 0xD372, 0xD372, 0xD372, 0xD372, 0xD372, 0xD372, 0xD372, 0xD372, 0xD372, 0xD372,
    0xD372, 0xD372, 0xD372, 0xD372, 0xD372, 0xD372, 0xD372, 0xD372, 0xD372, 0xD372, 0xD372, 0xD372, 0xD372, 0xD372, 0xD372, 0xD372,
    0xD372, 0xD372, 0xD372, 0xD372, 0xD372, 0xD372, 0xD372, 0xD372, 0xD372, 0xD372, 0xD372, 0xD372, 0xD372, 0xD372, 0xD372, 0xD372,
    0xD372, 0xD372, 0xD372, 0xD372, 0xD372, 0xD372, 0xD372, 0xD372, 0xD372, 0xD372, 0xD372, 0xD372, 0xD372, 0xD372, 0xD372, 0xD372,
    0xD372, 0xD372, 0xD372, 0xD372, 0xD372, 0xD372, 0xD372, 0xD372, 0xD372, 0xD372, 0xD372, 0xD372, 0xD372, 0xD372, 0xD372, 0xD372,
    0xD372, 0xD372, 0xD372, 0xD372, 0xD372, 0xD372, 0xD372, 0xD372, 0xD372, 0xD372, 0xD372, 0xD372, 0xD372, 0xD372, 0xD372, 0xD372,
    0xD372, 0xD372, 0xD372, 0xD372, 0xD372, 0xD372, 0xD372, 0xD372, 0xD372, 0xD372, 0xD372, 0xD372, 0xD372, 0xD372, 0xD372, 0xD372,
    0xD372, 0xD372, 0xD372, 0xD372, 0xD372, 0xD372, 0xD372, 0xD372, 0xD372, 0xD372, 0xD372, 0xD372, 0xD372, 0xD372, 0xD372, 0xD372,
    0xD372, 0xD372, 0xD372, 0xD372, 0xD372, 0xD372, 0xD372, 0x8A56, 0x8A56, 0x8A56, 0x8A56, 0x8A56, 0x8A56, 0x8A56, 0x8A56, 0x8A56,
    0x8A56, 0x8A56, 0x8A56, 0x8A56, 0x8A56, 0x8A56, 0x8A56, 0x8A56, 0x8A56, 0x8A56, 0x8A56, 0x8A56, 0x8A56, 0x8A56, 0x8A56, 0x8A56,
    0x8A56, 0x8A56, 0xD372, 0xD372, 0xD372, 0xD372, 0xD372, 0xD372, 0xD372, 0xD372, 0xD372, 0xD372, 0xD372, 0xD372, 0xD372, 0xD372,
    0xD372, 0xD372, 0xD372, 0xD372, 0xD372, 0xD372, 0xD372, 0xD372, 0xD372, 0xD372, 0xD372, 0xD372, 0xD372, 0xD372, 0xD372, 0xD372,
    0xD372, 0xD372, 0xD372, 0xD372, 0xD372, 0xD372, 0xD372, 0xD372, 0xD372, 0xD372, 0xD372, 0xD372, 0xD372, 0x8A56, 0x8A56, 0x8A56,
    0x8A56, 0x8A56, 0x8A56, 0x8A56, 0x8A56, 0x8A56, 0x8A56, 0x8A56, 0x8A56, 0x8A56, 0x8A56, 0x8A56, 0x8A56, 0x8A56, 0x8A56, 0x8A56,
    0x8A56, 0x8A56, 0x8A56, 0x8A56, 0x8A56, 0x8A56, 0x8A56, 0xD372, 0xD372, 0xD372, 0xD372, 0xD372, 0xD372, 0xD372, 0xD372, 0xD372,
    0xD372, 0xD372, 0xD372, 0xD372, 0xD372, 0xD372, 0xD372, 0xD372, 0xD372, 0xD372, 0xD372, 0xD372, 0xD372, 0xD372, 0xD372, 0xD372,
    0xD372, 0xD372, 0xD372, 0xD372, 0xD372, 0xD372, 0xD372, 0xD372, 0xD372, 0xD372, 0xD372, 0xD372, 0xD372, 0xD372, 0xD372, 0xD372,
    0xD372, 0xD372, 0xD372, 0xD372, 0xD372, 0xD372, 0xD372, 0xD372, 0xD372, 0xD372, 0xD372, 0xD372, 0xD372, 0xD372, 0xD372, 0xD372,
    0xD372, 0xD372, 0xD372, 0xD372, 0xD372, 0xD372, 0xD372, 0xD372, 0xD372, 0xD372, 0xD372, 0xD372, 0xD372, 0xD372, 0xD372, 0xD372,
    0xD372, 0xD372, 0xD372, 0xD372, 0xD372, 0xD372, 0xD372, 0xD372, 0xD372, 0xD372, 0xD372, 0xD372, 0xD372, 0xD372, 0xD372, 0xD372,
    0xD372, 0xD372, 0xD372, 0xD372, 0xD372, 0xD372, 0xD372, 0xD372, 0xD372, 0xD372, 0xD372, 0xD372, 0xD372, 0xD372, 0xD372, 0xD372,
    0xD372, 0xD372, 0xD372, 0xD372, 0xD372, 0xD372, 0xD372, 0xD372, 0xD372, 0xD372, 0xD372, 0xD372, 0xD372, 0xD372, 0xD372, 0xD372,
    0xD372, 0xD372, 0xD372, 0xD372, 0xD372, 0xD372, 0xD372, 0xD372, 0xD372, 0xD372, 0xD372, 0xD372, 0xD372, 0xD372, 0xD372, 0xD372,
    0xD372, 0xD372, 0xD372, 0xD372, 0xD372, 0xD372, 0xD372, 0x8A56, 0x8A56, 0x8A56, 0x8A56, 0xD372, 0xD372, 0x8A56, 0x8A56, 0x8A56,
    0x8A56, 0x8A56, 0x8A56, 0x8A56, 0x8A56, 0x8A56, 0x8A56, 0x8A56, 0x8A56, 0x8A56, 0x8A56, 0x8A56, 0x8A56, 0x8A56, 0x8A56, 0x8A56,
    0xD372, 0xD372, 0xD372, 0xD372, 0xD372, 0xD372, 0xD372, 0xD372, 0xD372, 0xD372, 0xD372, 0xD372, 0xD372, 0xD372, 0xD372, 0xD372,
    0xD372, 0xD372, 0xD372, 0xD372, 0xD372, 0xD372, 0xD372, 0xD372, 0xD372, 0xD372, 0xD372, 0xD372, 0xD372, 0xD372, 0xD372, 0xD372,
    0xD372, 0xD372, 0xD372, 0xD372, 0xD372, 0xD372, 0xD372, 0xD372, 0xD372, 0xD372, 0xD372, 0xD372, 0xD372, 0xD372, 0xD372, 0x8A56,
    0x8A56, 0x8A56, 0x8A56, 0x8A56, 0x8A56, 0x8A56, 0x8A56, 0x8A56, 0x8A56, 0x8A56, 0x8A56, 0x8A56, 0x8A56, 0x8A56, 0x8A56, 0x8A56,
    0x8A56, 0x8A56, 0x8A56, 0x8A56, 0x8A56, 0x8A56, 0x8A56, 0xD372, 0xD372, 0xD372, 0xD372, 0xD372, 0xD372, 0xD372, 0xD372, 0xD372,
    0xD372, 0xD372, 0xD372, 0xD372, 0xD372, 0xD372, 0xD372, 0xD372, 0xD372, 0xD372, 0xD372, 0xD372, 0xD372, 0xD372, 0xD372, 0xD372,
    0xD372, 0xD372, 0xD372, 0xD372, 0xD372, 0xD372, 0xD372, 0xD372, 0xD372, 0xD372, 0xD372, 0xD372, 0xD372, 0xD372, 0xD372, 0xD372,
    0xD372, 0xD372, 0xD372, 0xD372, 0xD372, 0xD372, 0xD372, 0xD372, 0xD372, 0xD372, 0xD372, 0xD372, 0xD372, 0xD372, 0xD372, 0xD372,
    0xD372, 0xD372, 0xD372, 0xD372, 0xD372, 0xD372, 0xD372, 0xD372, 0xD372, 0xD372, 0xD372, 0xD372, 0xD372, 0xD372, 0xD372, 0xD372,
    0xD372, 0xD372, 0xD372, 0xD372, 0xD372, 0xD372, 0xD372, 0xD372, 0xD372, 0xD372, 0xD372, 0xD372, 0xD372, 0xD372, 0xD372, 0xD372,
    0xD372, 0xD372, 0xD372, 0xD372, 0xD372, 0xD372, 0xD372, 0xD372, 0xD372, 0xD372, 0xD372, 0xD372, 0xD372, 0xD372, 0xD372, 0xD372,
    0xD372, 0xD372, 0xD372, 0xD372, 0xD372, 0xD372, 0xD372, 0xD372, 0xD372, 0xD372, 0xD372, 0xD372, 0xD372, 0xD372, 0xD372, 0xD372,
    0xD372, 0xD372, 0xD372, 0xD372, 0xD372, 0xD372, 0xD372, 0xD372, 0xD372, 0xD372, 0xD372, 0xD372, 0xD372, 0xD372, 0xD372, 0xD372,
    0xD372, 0xD372, 0xD372, 0xD372, 0xD372, 0xD372, 0xD372, 0x8A56, 0x8A56, 0x8A56, 0x8A56, 0xD372, 0xD372, 0x8A56, 0x8A56, 0x8A56,
    0x8A56, 0x8A56, 0x8A56, 0x8A56, 0x8A56, 0x8A56, 0x8A56, 0x8A56, 0x8A56, 0x8A56, 0x8A56, 0x8A56, 0x8A56, 0x8A56, 0x8A56, 0x8A56,
    0xD372, 0xD372, 0xD372, 0xD372, 0xD372, 0xD372, 0xD372, 0xD372, 0xD372, 0xD372, 0xD372, 0xD372, 0xD372, 0xD372, 0xD372, 0xD372,
    0xD372, 0xD372, 0xD372, 0xD372, 0xD372, 0xD372, 0xD372, 0xD372, 0xD372, 0xD372, 0xD372, 0xD372, 0xD372, 0xD372, 0xD372, 0xD372,
    0xD372, 0xD372, 0xD372, 0xD372, 0xD372, 0xD372, 0xD372, 0xD372, 0xD372, 0xD372, 0xD372, 0xD372, 0xD372, 0xD372, 0xD372, 0x8A56,
    0x8A56, 0x8A56, 0x8A56, 0x8A56, 0x8A56, 0x8A56, 0x8A56, 0x8A56, 0x8A56, 0x8A56, 0x8A56, 0x8A56, 0x8A56, 0x8A56, 0x8A56, 0x8A56,
    0x8A56, 0x8A56, 0x8A56, 0x8A56, 0x8A56, 0x8A56, 0x8A56, 0xD372, 0xD372, 0xD372, 0xD372, 0xD372, 0xD372, 0xD372, 0xD372, 0xD372,
    0xD372, 0xD372, 0xD372, 0xD372, 0xD372, 0xD372, 0xD372, 0xD372, 0xD372, 0xD372, 0xD372, 0xD372, 0xD372, 0xD372, 0xD372, 0xD372,
    0xD372, 0xD372, 0xD372, 0xD372, 0xD372, 0xD372, 0xD372, 0xD372, 0xD372, 0xD372, 0xD372, 0xD372, 0xD372, 0xD372, 0xD372, 0xD372,
    0xD372, 0xD372, 0xD372, 0xD372, 0xD372, 0xD372, 0xD372, 0xD372, 0xD372, 0xD372, 0xD372, 0xD372, 0xD372, 0xD372, 0xD372, 0xD372,
    0xD372, 0xD372, 0xD372, 0xD372, 0xD372, 0xD372, 0xD372, 0xD372, 0xD372, 0xD372, 0xD372, 0xD372, 0xD372, 0xD372, 0xD372, 0xD372,
    0xD372, 0xD372, 0xD372, 0xD372, 0xD372, 0xD372, 0xD372, 0xD372, 0xD372, 0xD372, 0xD372, 0xD372, 0xD372, 0xD372, 0xD372, 0xD372,
    0xD372, 0xD372, 0xD372, 0xD372, 0xD372, 0xD372, 0xD372, 0xD372, 0xD372, 0xD372, 0xD372, 0xD372, 0xD372, 0xD372, 0xD372, 0xD372,
    0xD372, 0xD372, 0xD372, 0xD372, 0xD372, 0xD372, 0xD372, 0xD372, 0xD372, 0xD372, 0xD372, 0xD372, 0xD372, 0xD372, 0xD372, 0xD372,
    0xD372, 0xD372, 0xD372, 0xD372, 0xD372, 0xD372, 0xD372, 0xD372, 0xD372, 0xD372, 0xD372, 0xD372, 0xD372, 0xD372, 0xD372, 0xD372,
    0xD372, 0xD372, 0xD372, 0xD372, 0xD372, 0xD372, 0xD372, 0x8A56, 0x8A56, 0x8A56, 0x8A56, 0x8A56, 0x8A56, 0x8A56, 0x8A56, 0x8A56,
    0x8A56, 0x8A56, 0x8A56, 0x8A56, 0x8A56, 0x8A56, 0x8A56, 0x8A56, 0x8A56, 0x8A56, 0x8A56, 0x8A56, 0x8A56, 0x8A56, 0xD372, 0xD372,
    0xD372, 0xD372, 0xD372, 0xD372, 0xD372, 0xD372, 0xD372, 0xD372, 0xD372, 0xD372, 0xD372, 0xD372, 0xD372, 0xD372, 0xD372, 0xD372,
    0xD372, 0xD372, 0xD372, 0xD372, 0xD372, 0xD372, 0xD372, 0xD372, 0xD372, 0xD372, 0xD372, 0xD372, 0xD372, 0xD372, 0xD372, 0xD372,
    0xD372, 0xD372, 0xD372, 0xD372, 0xD372, 0xD372, 0xD372, 0xD372, 0xD372, 0xD372, 0xD372, 0xD372, 0xD372, 0xD372, 0xD372, 0xD372,
    0x8A56, 0x8A56, 0x8A56, 0x8A56, 0x8A56, 0x8A56, 0x8A56, 0x8A56, 0x8A56, 0x8A56, 0x8A56, 0x8A56, 0x8A56, 0x8A56, 0x8A56, 0x8A56,
    0x8A56, 0x8A56, 0x8A56, 0x8A56, 0x8A56, 0x8A56, 0x8A56, 0xD372, 0xD372, 0xD372, 0xD372, 0xD372, 0xD372, 0xD372, 0xD372, 0xD372,
    0xD372, 0xD372, 0xD372, 0xD372, 0xD372, 0xD372, 0xD372, 0xD372, 0xD372, 0xD372, 0xD372, 0xD372, 0xD372, 0xD372, 0xD372, 0xD372,
    0xD372, 0xD372, 0xD372, 0xD372, 0xD372, 0xD372, 0xD372, 0xD372, 0xD372, 0xD372, 0xD372, 0xD372, 0xD372, 0xD372, 0xD372, 0xD372,
    0xD372, 0xD372, 0xD372, 0xD372, 0xD372, 0xD372, 0xD372, 0xD372, 0xD372, 0xD372, 0xD372, 0xD372, 0xD372, 0xD372, 0xD372, 0xD372,
    0xD372, 0xD372, 0xD372, 0xD372, 0xD372, 0xD372, 0xD372, 0xD372, 0xD372, 0xD372, 0xD372, 0xD372, 0xD372, 0xD372, 0xD372, 0xD372,
    0xD372, 0xD372, 0xD372, 0xD372, 0xD372, 0xD372, 0xD372, 0xD372, 0xD372, 0xD372, 0xD372, 0xD372, 0xD372, 0xD372, 0xD372, 0xD372,
    0xD372, 0xD372, 0xD372, 0xD372, 0xD372, 0xD372, 0xD372, 0xD372, 0xD372, 0xD372, 0xD372, 0xD372, 0xD372, 0xD372, 0xD372, 0xD372,
    0xD372, 0xD372, 0xD372, 0xD372, 0xD372, 0xD372, 0xD372, 0xD372, 0xD372, 0xD372, 0xD372, 0xD372, 0xD372, 0xD372, 0xD372, 0xD372,
    0xD372, 0xD372, 0xD372, 0xD372, 0xD372, 0xD372, 0xD372, 0xD372, 0xD372, 0xD372, 0xD372, 0xD372, 0xD372, 0xD372, 0xD372, 0xD372,
    0xD372, 0xD372, 0xD372, 0xD372, 0xD372, 0xD372, 0xD372, 0x8A56, 0x8A56, 0x8A56, 0x8A56, 0x8A56, 0x8A56, 0x8A56, 0x8A56, 0x8A56,
    0x8A56, 0x8A56, 0x8A56, 0x8A56, 0x8A56, 0x8A56, 0x8A56, 0x8A56, 0x8A56, 0x8A56, 0x8A56, 0x8A56, 0x8A56, 0x8A56, 0xD372, 0xD372,
    0xD372, 0xD372, 0xD372, 0xD372, 0xD372, 0xD372, 0xD372, 0xD372, 0xD372, 0xD372, 0xD372, 0xD372, 0xD372, 0xD372, 0xD372, 0xD372,
    0xD372, 0xD372, 0xD372, 0xD372, 0xD372, 0xD372, 0xD372, 0xD372, 0xD372, 0xD372, 0xD372, 0xD372, 0xD372, 0xD372, 0xD372, 0xD372,
    0xD372, 0xD372, 0xD372, 0xD372, 0xD372, 0xD372, 0xD372, 0xD372, 0xD372, 0xD372, 0xD372, 0xD372, 0xD372, 0xD372, 0xD372, 0xD372,
    0x8A56, 0x8A56, 0x8A56, 0x8A56, 0x8A56, 0x8A56, 0x8A56, 0x8A56, 0x8A56, 0x8A56, 0x8A56, 0x8A56, 0x8A56, 0x8A56, 0x8A56, 0x8A56,
    0x8A56, 0x8A56, 0x8A56, 0x8A56, 0x8A56, 0x8A56, 0x8A56, 0xD372, 0xD372, 0xD372, 0xD372, 0xD372, 0xD372, 0xD372, 0xD372, 0xD372,
    0xD372, 0xD372, 0xD372, 0xD372, 0xD372, 0xD372, 0xD372, 0xD372, 0xD372, 0xD372, 0xD372, 0xD372, 0xD372, 0xD372, 0xD372, 0xD372,
    0xD372, 0xD372, 0xD372, 0xD372, 0xD372, 0xD372, 0xD372, 0xD372, 0xD372, 0xD372, 0xD372, 0xD372, 0xD372, 0xD372, 0xD372, 0xD372,
    0xD372, 0xD372, 0xD372, 0xD372, 0xD372, 0xD372, 0xD372, 0xD372, 0xD372, 0xD372, 0xD372, 0xD372, 0xD372, 0xD372, 0xD372, 0xD372,
    0xD372, 0xD372, 0xD372, 0xD372, 0xD372, 0xD372, 0xD372, 0xD372, 0xD372, 0xD372, 0xD372, 0xD372, 0xD372, 0xD372, 0xD372, 0xD372,
    0xD372, 0xD372, 0xD372, 0xD372, 0xD372, 0xD372, 0xD372, 0xD372, 0xD372, 0xD372, 0xD372, 0xD372, 0xD372, 0xD372, 0xD372, 0xD372,
    0xD372, 0xD372, 0xD372, 0xD372, 0xD372, 0xD372, 0xD372, 0xD372, 0xD372, 0xD372, 0xD372, 0xD372, 0xD372, 0xD372, 0xD372, 0xD372,
    0xD372, 0xD372, 0xD372, 0xD372, 0xD372, 0xD372, 0xD372, 0xD372, 0xD372, 0xD372, 0xD372, 0xD372, 0xD372, 0xD372, 0xD372, 0xD372,
    0xD372, 0xD372, 0xD372, 0xD372, 0xD372, 0xD372, 0xD372, 0xD372, 0xD372, 0xD372, 0xD372, 0xD372, 0xD372, 0xD372, 0xD372, 0xD372,
    0xD372, 0xD372, 0xD372, 0xD372, 0xD372, 0xD372, 0xD372, 0x8A56, 0x8A56, 0x8A56, 0x8A56, 0xD372, 0xD372, 0x8A56, 0x8A56, 0x8A56,
    0x8A56, 0x8A56, 0x8A56, 0x8A56, 0x8A56, 0x8A56, 0x8A56, 0x8A56, 0x8A56, 0x8A56, 0x8A56, 0x8A56, 0xD372, 0xD372, 0xD372, 0xD372,
    0xD372, 0xD372, 0xD372, 0xD372, 0xD372, 0xD372, 0xD372, 0xD372, 0xD372, 0xD372, 0xD372, 0xD372, 0xD372, 0xD372, 0xD372, 0xD372,
    0xD372, 0xD372, 0xD372, 0xD372, 0xD372, 0xD372, 0xD372, 0xD372, 0xD372, 0xD372, 0xD372, 0xD372, 0xD372, 0xD372, 0xD372, 0xD372,
    0xD372, 0xD372, 0xD372, 0xD372, 0xD372, 0xD372, 0xD372, 0xD372, 0xD372, 0xD372, 0xD372, 0xD372, 0xD372, 0xD372, 0xD372, 0xD372,
    0xD372, 0xD372, 0x8A56, 0x8A56, 0x8A56, 0x8A56, 0x8A56, 0x8A56, 0x8A56, 0x8A56, 0x8A56, 0x8A56, 0x8A56, 0x8A56, 0x8A56, 0x8A56,
    0x8A56, 0x8A56, 0x8A56, 0x8A56, 0x8A56, 0x8A56, 0x8A56, 0xD372, 0xD372, 0xD372, 0xD372, 0xD372, 0xD372, 0xD372, 0xD372, 0xD372,
    0xD372, 0xD372, 0xD372, 0xD372, 0xD372, 0xD372, 0xD372, 0xD372, 0xD372, 0xD372, 0xD372, 0xD372, 0xD372, 0xD372, 0xD372, 0xD372,
    0xD372, 0xD372, 0xD372, 0xD372, 0xD372, 0xD372, 0xD372, 0xD372, 0xD372, 0xD372, 0xD372, 0xD372, 0xD372, 0xD372, 0xD372, 0xD372,
    0xD372, 0xD372, 0xD372, 0xD372, 0xD372, 0xD372, 0xD372, 0xD372, 0xD372, 0xD372, 0xD372, 0xD372, 0xD372, 0xD372, 0xD372, 0xD372,
    0xD372, 0xD372, 0xD372, 0xD372, 0xD372, 0xD372, 0xD372, 0xD372, 0xD372, 0xD372, 0xD372, 0xD372, 0xD372, 0xD372, 0xD372, 0xD372,
    0xD372, 0xD372, 0xD372, 0xD372, 0xD372, 0xD372, 0xD372, 0xD372, 0xD372, 0xD372, 0xD372, 0xD372, 0xD372, 0xD372, 0xD372, 0xD372,
    0xD372, 0xD372, 0xD372, 0xD372, 0xD372, 0xD372, 0xD372, 0xD372, 0xD372, 0xD372, 0xD372, 0xD372, 0xD372, 0xD372, 0xD372, 0xD372,
    0xD372, 0xD372, 0xD372, 0xD372, 0xD372, 0xD372, 0xD372, 0xD372, 0xD372, 0xD372, 0xD372, 0xD372, 0xD372, 0xD372, 0xD372, 0xD372,
    0xD372, 0xD372, 0xD372, 0xD372, 0xD372, 0xD372, 0xD372, 0xD372, 0xD372, 0xD372, 0xD372, 0xD372, 0xD372, 0xD372, 0xD372, 0xD372,
    0xD372, 0xD372, 0xD372, 0xD372, 0xD372, 0xD372, 0xD372, 0x8A56, 0x8A56, 0x8A56, 0x8A56, 0xD372, 0xD372, 0x8A56, 0x8A56, 0x8A56,
    0x8A56, 0x8A56, 0x8A56, 0x8A56, 0x8A56, 0x8A56, 0x8A56, 0x8A56, 0x8A56, 0x8A56, 0x8A56, 0x8A56, 0xD372, 0xD372, 0xD372, 0xD372,
    0xD372, 0xD372, 0xD372, 0xD372, 0xD372, 0xD372, 0xD372, 0xD372, 0xD372, 0xD372, 0xD372, 0xD372, 0xD372, 0xD372, 0xD372, 0xD372,
    0xD372, 0xD372, 0xD372, 0xD372, 0xD372, 0xD372, 0xD372, 0xD372, 0xD372, 0xD372, 0xD372, 0xD372, 0xD372, 0xD372, 0xD372, 0xD372,
    0xD372, 0xD372, 0xD372, 0xD372, 0xD372, 0xD372, 0xD372, 0xD372, 0xD372, 0xD372, 0xD372, 0xD372, 0xD372, 0xD372, 0xD372, 0xD372,
    0xD372, 0xD372, 0x8A56, 0x8A56, 0x8A56, 0x8A56, 0x8A56, 0x8A56, 0x8A56, 0x8A56, 0x8A56, 0x8A56, 0x8A56, 0x8A56, 0x8A56, 0x8A56,
    0x8A56, 0x8A56, 0x8A56, 0x8A56, 0x8A56, 0x8A56, 0x8A56, 0xD372, 0xD372, 0xD372, 0xD372, 0xD372, 0xD372, 0xD372, 0xD372, 0xD372,
    0xD372, 0xD372, 0xD372, 0xD372, 0xD372, 0xD372, 0xD372, 0xD372, 0xD372, 0xD372, 0xD372, 0xD372, 0xD372, 0xD372, 0xD372, 0xD372,
    0xD372, 0xD372, 0xD372, 0xD372, 0xD372, 0xD372, 0xD372, 0xD372, 0xD372, 0xD372, 0xD372, 0xD372, 0xD372, 0xD372, 0xD372, 0xD372,
    0xD372, 0xD372, 0xD372, 0xD372, 0xD372, 0xD372, 0xD372, 0xD372, 0xD372, 0xD372, 0xD372, 0xD372, 0xD372, 0xD372, 0xD372, 0xD372,
    0xD372, 0xD372, 0xD372, 0xD372, 0xD372, 0xD372, 0xD372, 0xD372, 0xD372, 0xD372, 0xD372, 0xD372, 0xD372, 0xD372, 0xD372, 0xD372,
    0xD372, 0xD372, 0xD372, 0xD372, 0xD372, 0xD372, 0xD372, 0xD372, 0xD372, 0xD372, 0xD372, 0xD372, 0xD372, 0xD372, 0xD372, 0xD372,
    0xD372, 0xD372, 0xD372, 0xD372, 0xD372, 0xD372, 0xD372, 0xD372, 0xD372, 0xD372, 0xD372, 0xD372, 0xD372, 0xD372, 0xD372, 0xD372,
    0xD372, 0xD372, 0xD372, 0xD372, 0xD372, 0xD372, 0xD372, 0xD372, 0xD372, 0xD372, 0xD372, 0xD372, 0xD372, 0xD372, 0xD372, 0xD372,
    0xD372, 0xD372, 0xD372, 0xD372, 0xD372, 0xD372, 0xD372, 0xD372, 0xD372, 0xD372, 0xD372, 0xD372, 0xD372, 0xD372, 0xD372, 0xD372,
    0xD372, 0xD372, 0xD372, 0xD372, 0xD372, 0x8A56, 0x8A56, 0x8A56, 0x8A56, 0x8A56, 0x8A56, 0x8A56, 0x8A56, 0x8A56, 0x8A56, 0x8A56,
    0x8A56, 0x8A56, 0x8A56, 0x8A56, 0x8A56, 0x8A56, 0x8A56, 0x8A56, 0x8A56, 0x8A56, 0x8A56, 0x8A56, 0x8A56, 0x8A56, 0xD372, 0xD372,
    0xD372, 0xD372, 0xD372, 0xD372, 0xD372, 0xD372, 0xD372, 0xD372, 0xD372, 0xD372, 0xD372, 0xD372, 0xD372, 0xD372, 0xD372, 0xD372,
    0xD372, 0xD372, 0xD372, 0xD372, 0xD372, 0xD372, 0xD372, 0xD372, 0xD372, 0xD372, 0xD372, 0xD372, 0xD372, 0xD372, 0xD372, 0xD372,
    0xD372, 0xD372, 0xD372, 0xD372, 0xD372, 0xD372, 0xD372, 0xD372, 0xD372, 0xD372, 0xD372, 0xD372, 0xD372, 0xD372, 0xD372, 0xD372,
    0x8A56, 0x8A56, 0x8A56, 0x8A56, 0x8A56, 0x8A56, 0x8A56, 0x8A56, 0x8A56, 0x8A56, 0x8A56, 0x8A56, 0x8A56, 0x8A56, 0x8A56, 0x8A56,
    0x8A56, 0x8A56, 0x8A56, 0x8A56, 0x8A56, 0x8A56, 0x8A56, 0x8A56, 0x8A56, 0xD372, 0xD372, 0xD372, 0xD372, 0xD372, 0xD372, 0xD372,
    0xD372, 0xD372, 0xD372, 0xD372, 0xD372, 0xD372, 0xD372, 0xD372, 0xD372, 0xD372, 0xD372, 0xD372, 0xD372, 0xD372, 0xD372, 0xD372,
    0xD372, 0xD372, 0xD372, 0xD372, 0xD372, 0xD372, 0xD372, 0xD372, 0xD372, 0xD372, 0xD372, 0xD372, 0xD372, 0xD372, 0xD372, 0xD372,
    0xD372, 0xD372, 0xD372, 0xD372, 0xD372, 0xD372, 0xD372, 0xD372, 0xD372, 0xD372, 0xD372, 0xD372, 0xD372, 0xD372, 0xD372, 0xD372,
    0xD372, 0xD372, 0xD372, 0xD372, 0xD372, 0xD372, 0xD372, 0xD372, 0xD372, 0xD372, 0xD372, 0xD372, 0xD372, 0xD372, 0xD372, 0xD372,
    0xD372, 0xD372, 0xD372, 0xD372, 0xD372, 0xD372, 0xD372, 0xD372, 0xD372, 0xD372, 0xD372, 0xD372, 0xD372, 0xD372, 0xD372, 0xD372,
    0xD372, 0xD372, 0xD372, 0xD372, 0xD372, 0xD372, 0xD372, 0xD372, 0xD372, 0xD372, 0xD372, 0xD372, 0xD372, 0xD372, 0xD372, 0xD372,
    0xD372, 0xD372, 0xD372, 0xD372, 0xD372, 0xD372, 0xD372, 0xD372, 0xD372, 0xD372, 0xD372, 0xD372, 0xD372, 0xD372, 0xD372, 0xD372,
    0xD372, 0xD372, 0xD372, 0xD372, 0xD372, 0xD372, 0xD372, 0xD372, 0xD372, 0xD372, 0xD372, 0xD372, 0xD372, 0xD372, 0xD372, 0xD372,
    0xD372, 0xD372, 0xD372, 0xD372, 0xD372, 0x8A56, 0x8A56, 0x8A56, 0x8A56, 0x8A56, 0x8A56, 0x8A56, 0x8A56, 0x8A56, 0x8A56, 0x8A56,
    0x8A56, 0x8A56, 0x8A56, 0x8A56, 0x8A56, 0x8A56, 0x8A56, 0x8A56, 0x8A56, 0x8A56, 0x8A56, 0x8A56, 0x8A56, 0x8A56, 0xD372, 0xD372,
    0xD372, 0xD372, 0xD372, 0xD372, 0xD372, 0xD372, 0xD372, 0xD372, 0xD372, 0xD372, 0xD372, 0xD372, 0xD372, 0xD372, 0xD372, 0xD372,
    0xD372, 0xD372, 0xD372, 0xD372, 0xD372, 0xD372, 0xD372, 0xD372, 0xD372, 0xD372, 0xD372, 0xD372, 0xD372, 0xD372, 0xD372, 0xD372,
    0xD372, 0xD372, 0xD372, 0xD372, 0xD372, 0xD372, 0xD372, 0xD372, 0xD372, 0xD372, 0xD372, 0xD372, 0xD372, 0xD372, 0xD372, 0xD372,
    0x8A56, 0x8A56, 0x8A56, 0x8A56, 0x8A56, 0x8A56, 0x8A56, 0x8A56, 0x8A56, 0x8A56, 0x8A56, 0x8A56, 0x8A56, 0x8A56, 0x8A56, 0x8A56,
    0x8A56, 0x8A56, 0x8A56, 0x8A56, 0x8A56, 0x8A56, 0x8A56, 0x8A56, 0x8A56, 0xD372, 0xD372, 0xD372, 0xD372, 0xD372, 0xD372, 0xD372,
    0xD372, 0xD372, 0xD372, 0xD372, 0xD372, 0xD372, 0xD372, 0xD372, 0xD372, 0xD372, 0xD372, 0xD372, 0xD372, 0xD372, 0xD372, 0xD372,
    0xD372, 0xD372, 0xD372, 0xD372, 0xD372, 0xD372, 0xD372, 0xD372, 0xD372, 0xD372, 0xD372, 0xD372, 0xD372, 0xD372, 0xD372, 0xD372,
    0xD372, 0xD372, 0xD372, 0xD372, 0xD372, 0xD372, 0xD372, 0xD372, 0xD372, 0xD372, 0xD372, 0xD372, 0xD372, 0xD372, 0xD372, 0xD372,
    0xD372, 0xD372, 0xD372, 0xD372, 0xD372, 0xD372, 0xD372, 0xD372, 0xD372, 0xD372, 0xD372, 0xD372, 0xD372, 0xD372, 0xD372, 0xD372,
    0xD372, 0xD372, 0xD372, 0xD372, 0xD372, 0xD372, 0xD372, 0xD372, 0xD372, 0xD372, 0xD372, 0xD372, 0xD372, 0xD372, 0xD372, 0xD372,
    0xD372, 0xD372, 0xD372, 0xD372, 0xD372, 0xD372, 0xD372, 0xD372, 0xD372, 0xD372, 0xD372, 0xD372, 0xD372, 0xD372, 0xD372, 0xD372,
    0xD372, 0xD372, 0xD372, 0xD372, 0xD372, 0xD372, 0xD372, 0xD372, 0xD372, 0xD372, 0xD372, 0xD372, 0xD372, 0xD372, 0xD372, 0xD372,
    0xD372, 0xD372, 0xD372, 0xD372, 0xD372, 0xD372, 0xD372, 0xD372, 0xD372, 0xD372, 0xD372, 0xD372, 0xD372, 0xD372, 0xD372, 0xD372,
    0xD372, 0xD372, 0xD372, 0xD372, 0xD372, 0x8A56, 0x8A56, 0xD372, 0xD372, 0x8A56, 0x8A56, 0xD372, 0xD372, 0x8A56, 0x8A56, 0x8A56,
    0x8A56, 0x8A56, 0x8A56, 0x8A56, 0x8A56, 0x8A56, 0x8A56, 0x8A56, 0x8A56, 0x8A56, 0x8A56, 0x8A56, 0x8A56, 0x8A56, 0x8A56, 0x8A56,
    0xD372, 0xD372, 0xD372, 0xD372, 0xD372, 0xD372, 0xD372, 0xD372, 0xD372, 0xD372, 0xD372, 0xD372, 0xD372, 0xD372, 0xD372, 0xD372,
    0xD372, 0xD372, 0xD372, 0xD372, 0xD372, 0xD372, 0xD372, 0xD372, 0xD372, 0xD372, 0xD372, 0xD372, 0xD372, 0xD372, 0xD372, 0xD372,
    0xD372, 0xD372, 0xD372, 0xD372, 0xD372, 0xD372, 0xD372, 0xD372, 0xD372, 0xD372, 0xD372, 0xD372, 0xD372, 0xD372, 0xD372, 0x8A56,
    0x8A56, 0x8A56, 0x8A56, 0x8A56, 0x8A56, 0x8A56, 0x8A56, 0x8A56, 0x8A56, 0x8A56, 0x8A56, 0x8A56, 0x8A56, 0x8A56, 0x8A56, 0x8A56,
    0x8A56, 0x8A56, 0x8A56, 0x8A56, 0x8A56, 0x8A56, 0x8A56, 0x8A56, 0x8A56, 0xD372, 0xD372, 0xD372, 0xD372, 0xD372, 0xD372, 0xD372,
    0xD372, 0xD372, 0xD372, 0xD372, 0xD372, 0xD372, 0xD372, 0xD372, 0xD372, 0xD372, 0xD372, 0xD372, 0xD372, 0xD372, 0xD372, 0xD372,
    0xD372, 0xD372, 0xD372, 0xD372, 0xD372, 0xD372, 0xD372, 0xD372, 0xD372, 0xD372, 0xD372, 0xD372, 0xD372, 0xD372, 0xD372, 0xD372,
    0xD372, 0xD372, 0xD372, 0xD372, 0xD372, 0xD372, 0xD372, 0xD372, 0xD372, 0xD372, 0xD372, 0xD372, 0xD372, 0xD372, 0xD372, 0xD372,
    0xD372, 0xD372, 0xD372, 0xD372, 0xD372, 0xD372, 0xD372, 0xD372, 0xD372, 0xD372, 0xD372, 0xD372, 0xD372, 0xD372, 0xD372, 0xD372,
    0xD372, 0xD372, 0xD372, 0xD372, 0xD372, 0xD372, 0xD372, 0xD372, 0xD372, 0xD372, 0xD372, 0xD372, 0xD372, 0xD372, 0xD372, 0xD372,
    0xD372, 0xD372, 0xD372, 0xD372, 0xD372, 0xD372, 0xD372, 0xD372, 0xD372, 0xD372, 0xD372, 0xD372, 0xD372, 0xD372, 0xD372, 0xD372,
    0xD372, 0xD372, 0xD372, 0xD372, 0xD372, 0xD372, 0xD372, 0xD372, 0xD372, 0xD372, 0xD372, 0xD372, 0xD372, 0xD372, 0xD372, 0xD372,
    0xD372, 0xD372, 0xD372, 0xD372, 0xD372, 0xD372, 0xD372, 0xD372, 0xD372, 0xD372, 0xD372, 0xD372, 0xD372, 0xD372, 0xD372, 0xD372,
    0xD372, 0xD372, 0xD372, 0xD372, 0xD372, 0x8A56, 0x8A56, 0x8A56, 0x8A56, 0x8A56, 0x8A56, 0x8A56, 0x8A56, 0x8A56, 0x8A56, 0x8A56,
    0x8A56, 0x8A56, 0x8A56, 0x8A56, 0x8A56, 0x8A56, 0x8A56, 0x8A56, 0x8A56, 0x8A56, 0x8A56, 0x8A56, 0x8A56, 0x8A56, 0x8A56, 0x8A56,
    0x8A56, 0x8A56, 0xD372, 0xD372, 0xD372, 0xD372, 0xD372, 0xD372, 0xD372, 0xD372, 0xD372, 0xD372, 0xD372, 0xD372, 0xD372, 0xD372,
    0xD372, 0xD372, 0xD372, 0xD372, 0xD372, 0xD372, 0xD372, 0xD372, 0xD372, 0xD372, 0xD372, 0xD372, 0xD372, 0xD372, 0xD372, 0xD372,
    0xD372, 0xD372, 0xD372, 0xD372, 0xD372, 0xD372, 0xD372, 0xD372, 0xD372, 0xD372, 0xD372, 0xD372, 0xD372, 0x8A56, 0x8A56, 0x8A56,
    0x8A56, 0x8A56, 0x8A56, 0x8A56, 0x8A56, 0x8A56, 0x8A56, 0x8A56, 0x8A56, 0x8A56, 0x8A56, 0x8A56, 0x8A56, 0x8A56, 0x8A56, 0x8A56,
    0x8A56, 0x8A56, 0x8A56, 0x8A56, 0x8A56, 0x8A56, 0x8A56, 0x8A56, 0x8A56, 0xD372, 0xD372, 0xD372, 0xD372, 0xD372, 0xD372, 0xD372,
    0xD372, 0xD372, 0xD372, 0xD372, 0xD372, 0xD372, 0xD372, 0xD372, 0xD372, 0xD372, 0xD372, 0xD372, 0xD372, 0xD372, 0xD372, 0xD372,
    0xD372, 0xD372, 0xD372, 0xD372, 0xD372, 0xD372, 0xD372, 0xD372, 0xD372, 0xD372, 0xD372, 0xD372, 0xD372, 0xD372, 0xD372, 0xD372,
    0xD372, 0xD372, 0xD372, 0xD372, 0xD372, 0xD372, 0xD372, 0xD372, 0xD372, 0xD372, 0xD372, 0xD372, 0xD372, 0xD372, 0xD372, 0xD372,
    0xD372, 0xD372, 0xD372, 0xD372, 0xD372, 0xD372, 0xD372, 0xD372, 0xD372, 0xD372, 0xD372, 0xD372, 0xD372, 0xD372, 0xD372, 0xD372,
    0xD372, 0xD372, 0xD372, 0xD372, 0xD372, 0xD372, 0xD372, 0xD372, 0xD372, 0xD372, 0xD372, 0xD372, 0xD372, 0xD372, 0xD372, 0xD372,
    0xD372, 0xD372, 0xD372, 0xD372, 0xD372, 0xD372, 0xD372, 0xD372, 0xD372, 0xD372, 0xD372, 0xD372, 0xD372, 0xD372, 0xD372, 0xD372,
    0xD372, 0xD372, 0xD372, 0xD372, 0xD372, 0xD372, 0xD372, 0xD372, 0xD372, 0xD372, 0xD372, 0xD372, 0xD372, 0xD372, 0xD372, 0xD372,
    0xD372, 0xD372, 0xD372, 0xD372, 0xD372, 0xD372, 0xD372, 0xD372, 0xD372, 0xD372, 0xD372, 0xD372, 0xD372, 0xD372, 0xD372, 0xD372,
    0xD372, 0xD372, 0xD372, 0xD372, 0xD372, 0x8A56, 0x8A56, 0x8A56, 0x8A56, 0x8A56, 0x8A56, 0x8A56, 0x8A56, 0x8A56, 0x8A56, 0x8A56,
    0x8A56, 0x8A56, 0x8A56, 0x8A56, 0x8A56, 0x8A56, 0x8A56, 0x8A56, 0x8A56, 0x8A56, 0x8A56, 0x8A56, 0x8A56, 0x8A56, 0x8A56, 0x8A56,
    0x8A56, 0x8A56, 0xD372, 0xD372, 0xD372, 0xD372, 0xD372, 0xD372, 0xD372, 0xD372, 0xD372, 0xD372, 0xD372, 0xD372, 0xD372, 0xD372,
    0xD372, 0xD372, 0xD372, 0xD372, 0xD372, 0xD372, 0xD372, 0xD372, 0xD372, 0xD372, 0xD372, 0xD372, 0xD372, 0xD372, 0xD372, 0xD372,
    0xD372, 0xD372, 0xD372, 0xD372, 0xD372, 0xD372, 0xD372, 0xD372, 0xD372, 0xD372, 0xD372, 0xD372, 0xD372, 0x8A56, 0x8A56, 0x8A56,
    0x8A56, 0x8A56, 0x8A56, 0x8A56, 0x8A56, 0x8A56, 0x8A56, 0x8A56, 0x8A56, 0x8A56, 0x8A56, 0x8A56, 0x8A56, 0x8A56, 0x8A56, 0x8A56,
    0x8A56, 0x8A56, 0x8A56, 0x8A56, 0x8A56, 0x8A56, 0x8A56, 0x8A56, 0x8A56, 0xD372, 0xD372, 0xD372, 0xD372, 0xD372, 0xD372, 0xD372,
    0xD372, 0xD372, 0xD372, 0xD372, 0xD372, 0xD372, 0xD372, 0xD372, 0xD372, 0xD372, 0xD372, 0xD372, 0xD372, 0xD372, 0xD372, 0xD372,
    0xD372, 0xD372, 0xD372, 0xD372, 0xD372, 0xD372, 0xD372, 0xD372, 0xD372, 0xD372, 0xD372, 0xD372, 0xD372, 0xD372, 0xD372, 0xD372,
    0xD372, 0xD372, 0xD372, 0xD372, 0xD372, 0xD372, 0xD372, 0xD372, 0xD372, 0xD372, 0xD372, 0xD372, 0xD372, 0xD372, 0xD372, 0xD372,
    0xD372, 0xD372, 0xD372, 0xD372, 0xD372, 0xD372, 0xD372, 0xD372, 0xD372, 0xD372, 0xD372, 0xD372, 0xD372, 0xD372, 0xD372, 0xD372,
    0xD372, 0xD372, 0xD372, 0xD372, 0xD372, 0xD372, 0xD372, 0xD372, 0xD372, 0xD372, 0xD372, 0xD372, 0xD372, 0xD372, 0xD372, 0xD372,
    0xD372, 0xD372, 0xD372, 0xD372, 0xD372, 0xD372, 0xD372, 0xD372, 0xD372, 0xD372, 0xD372, 0xD372, 0xD372, 0xD372, 0xD372, 0xD372,
    0xD372, 0xD372, 0xD372, 0xD372, 0xD372, 0xD372, 0xD372, 0xD372, 0xD372, 0xD372, 0xD372, 0xD372, 0xD372, 0xD372, 0xD372, 0xD372,
    0xD372, 0xD372, 0xD372, 0xD372, 0xD372, 0xD372, 0xD372, 0xD372, 0xD372, 0xD372, 0xD372, 0xD372, 0xD372, 0xD372, 0xD372, 0xD372,
    0xD372, 0xD372, 0xD372, 0xD372, 0xD372, 0x8A56, 0x8A56, 0xD372, 0xD372, 0x8A56, 0x8A56, 0xD372, 0xD372, 0x8A56, 0x8A56, 0x8A56,
    0x8A56, 0x8A56, 0x8A56, 0x8A56, 0x8A56, 0x8A56, 0x8A56, 0x8A56, 0x8A56, 0x8A56, 0x8A56, 0x8A56, 0x8A56, 0x8A56, 0x8A56, 0x8A56,
    0x8A56, 0x8A56, 0x8A56, 0xD372, 0xD372, 0xD372, 0xD372, 0xD372, 0xD372, 0xD372, 0xD372, 0xD372, 0xD372, 0xD372, 0xD372, 0xD372,
    0xD372, 0xD372, 0xD372, 0xD372, 0xD372, 0xD372, 0xD372, 0xD372, 0xD372, 0xD372, 0xD372, 0xD372, 0xD372, 0xD372, 0xD372, 0xD372,
    0xD372, 0xD372, 0xD372, 0xD372, 0xD372, 0xD372, 0xD372, 0xD372, 0xD372, 0xD372, 0xD372, 0x8A56, 0x8A56, 0x8A56, 0x8A56, 0x8A56,
    0x8A56, 0x8A56, 0x8A56, 0x8A56, 0x8A56, 0x8A56, 0x8A56, 0x8A56, 0x8A56, 0x8A56, 0x8A56, 0x8A56, 0x8A56, 0x8A56, 0x8A56, 0x8A56,
    0x8A56, 0x8A56, 0x8A56, 0x8A56, 0x8A56, 0x8A56, 0x8A56, 0x8A56, 0x8A56, 0xD372, 0xD372, 0xD372, 0xD372, 0xD372, 0xD372, 0xD372,
    0xD372, 0xD372, 0xD372, 0xD372, 0xD372, 0xD372, 0xD372, 0xD372, 0xD372, 0xD372, 0xD372, 0xD372, 0xD372, 0xD372, 0xD372, 0xD372,
    0xD372, 0xD372, 0xD372, 0xD372, 0xD372, 0xD372, 0xD372, 0xD372, 0xD372, 0xD372, 0xD372, 0xD372, 0xD372, 0xD372, 0xD372, 0xD372,
    0xD372, 0xD372, 0xD372, 0xD372, 0xD372, 0xD372, 0xD372, 0xD372, 0xD372, 0xD372, 0xD372, 0xD372, 0xD372, 0xD372, 0xD372, 0xD372,
    0xD372, 0xD372, 0xD372, 0xD372, 0xD372, 0xD372, 0xD372, 0xD372, 0xD372, 0xD372, 0xD372, 0xD372, 0xD372, 0xD372, 0xD372, 0xD372,
    0xD372, 0xD372, 0xD372, 0xD372, 0xD372, 0xD372, 0xD372, 0xD372, 0xD372, 0xD372, 0xD372, 0xD372, 0xD372, 0xD372, 0xD372, 0xD372,
    0xD372, 0xD372, 0xD372, 0xD372, 0xD372, 0xD372, 0xD372, 0xD372, 0xD372, 0xD372, 0xD372, 0xD372, 0xD372, 0xD372, 0xD372, 0xD372,
    0xD372, 0xD372, 0xD372, 0xD372, 0xD372, 0xD372, 0xD372, 0xD372, 0xD372, 0xD372, 0xD372, 0xD372, 0xD372, 0xD372, 0xD372, 0xD372,
    0xD372, 0xD372, 0xD372, 0xD372, 0xD372, 0xD372, 0xD372, 0xD372, 0xD372, 0xD372, 0xD372, 0xD372, 0xD372, 0xD372, 0xD372, 0xD372,
    0xD372, 0xD372, 0xD372, 0xD372, 0xD372, 0x8A56, 0x8A56, 0xD372, 0xD372, 0x8A56, 0x8A56, 0xD372, 0xD372, 0x8A56, 0x8A56, 0x8A56,
    0x8A56, 0x8A56, 0x8A56, 0x8A56, 0x8A56, 0x8A56, 0x8A56, 0x8A56, 0x8A56, 0x8A56, 0x8A56, 0x8A56, 0x8A56, 0x8A56, 0x8A56, 0x8A56,
    0x8A56, 0x8A56, 0x8A56, 0xD372, 0xD372, 0xD372, 0xD372, 0xD372, 0xD372, 0xD372, 0xD372, 0xD372, 0xD372, 0xD372, 0xD372, 0xD372,
    0xD372, 0xD372, 0xD372, 0xD372, 0xD372, 0xD372, 0xD372, 0xD372, 0xD372, 0xD372, 0xD372, 0xD372, 0xD372, 0xD372, 0xD372, 0xD372,
    0xD372, 0xD372, 0xD372, 0xD372, 0xD372, 0xD372, 0xD372, 0xD372, 0xD372, 0xD372, 0xD372, 0x8A56, 0x8A56, 0x8A56, 0x8A56, 0x8A56,
    0x8A56, 0x8A56, 0x8A56, 0x8A56, 0x8A56, 0x8A56, 0x8A56, 0x8A56, 0x8A56, 0x8A56, 0x8A56, 0x8A56, 0x8A56, 0x8A56, 0x8A56, 0x8A56,
    0x8A56, 0x8A56, 0x8A56, 0x8A56, 0x8A56, 0x8A56, 0x8A56, 0x8A56, 0x8A56, 0xD372, 0xD372, 0xD372, 0xD372, 0xD372, 0xD372, 0xD372,
    0xD372, 0xD372, 0xD372, 0xD372, 0xD372, 0xD372, 0xD372, 0xD372, 0xD372, 0xD372, 0xD372, 0xD372, 0xD372, 0xD372, 0xD372, 0xD372,
    0xD372, 0xD372, 0xD372, 0xD372, 0xD372, 0xD372, 0xD372, 0xD372, 0xD372, 0xD372, 0xD372, 0xD372, 0xD372, 0xD372, 0xD372, 0xD372,
    0xD372, 0xD372, 0xD372, 0xD372, 0xD372, 0xD372, 0xD372, 0xD372, 0xD372, 0xD372, 0xD372, 0xD372, 0xD372, 0xD372, 0xD372, 0xD372,
    0xD372, 0xD372, 0xD372, 0xD372, 0xD372, 0xD372, 0xD372, 0xD372, 0xD372, 0xD372, 0xD372, 0xD372, 0xD372, 0xD372, 0xD372, 0xD372,
    0xD372, 0xD372, 0xD372, 0xD372, 0xD372, 0xD372, 0xD372, 0xD372, 0xD372, 0xD372, 0xD372, 0xD372, 0xD372, 0xD372, 0xD372, 0xD372,
    0xD372, 0xD372, 0xD372, 0xD372, 0xD372, 0xD372, 0xD372, 0xD372, 0xD372, 0xD372, 0xD372, 0xD372, 0xD372, 0xD372, 0xD372, 0xD372,
    0xD372, 0xD372, 0xD372, 0xD372, 0xD372, 0xD372, 0xD372, 0xD372, 0xD372, 0xD372, 0xD372, 0xD372, 0xD372, 0xD372, 0xD372, 0xD372,
    0xD372, 0xD372, 0xD372, 0xD372, 0xD372, 0xD372, 0xD372, 0xD372, 0xD372, 0xD372, 0xD372, 0xD372, 0xD372, 0xD372, 0xD372, 0xD372,
    0xD372, 0xD372, 0xD372, 0xD372, 0xD372, 0x8A56, 0x8A56, 0x8A56, 0x8A56, 0x8A56, 0x8A56, 0x8A56, 0x8A56, 0x8A56, 0x8A56, 0x8A56,
    0x8A56, 0x8A56, 0x8A56, 0x8A56, 0x8A56, 0x8A56, 0x8A56, 0x8A56, 0x8A56, 0x8A56, 0x8A56, 0x8A56, 0x8A56, 0x8A56, 0x8A56, 0x8A56,
    0x8A56, 0x8A56, 0xD372, 0xD372, 0xD372, 0xD372, 0xD372, 0xD372, 0xD372, 0xD372, 0xD372, 0xD372, 0xD372, 0xD372, 0xD372, 0xD372,
    0xD372, 0xD372, 0xD372, 0xD372, 0xD372, 0xD372, 0xD372, 0xD372, 0xD372, 0xD372, 0xD372, 0xD372, 0xD372, 0xD372, 0xD372, 0xD372,
    0xD372, 0xD372, 0xD372, 0xD372, 0xD372, 0xD372, 0xD372, 0xD372, 0xD372, 0xD372, 0xD372, 0xD372, 0xD372, 0x8A56, 0x8A56, 0x8A56,
    0x8A56, 0x8A56, 0x8A56, 0x8A56, 0x8A56, 0x8A56, 0x8A56, 0x8A56, 0x8A56, 0x8A56, 0x8A56, 0x8A56, 0x8A56, 0x8A56, 0x8A56, 0x8A56,
    0x8A56, 0x8A56, 0x8A56, 0x8A56, 0x8A56, 0x8A56, 0x8A56, 0x8A56, 0x8A56, 0xD372, 0xD372, 0xD372, 0xD372, 0xD372, 0xD372, 0xD372,
    0xD372, 0xD372, 0xD372, 0xD372, 0xD372, 0xD372, 0xD372, 0xD372, 0xD372, 0xD372, 0xD372, 0xD372, 0xD372, 0xD372, 0xD372, 0xD372,
    0xD372, 0xD372, 0xD372, 0xD372, 0xD372, 0xD372, 0xD372, 0xD372, 0xD372, 0xD372, 0xD372, 0xD372, 0xD372, 0xD372, 0xD372, 0xD372,
    0xD372, 0xD372, 0xD372, 0xD372, 0xD372, 0xD372, 0xD372, 0xD372, 0xD372, 0xD372, 0xD372, 0xD372, 0xD372, 0xD372, 0xD372, 0xD372,
    0xD372, 0xD372, 0xD372, 0xD372, 0xD372, 0xD372, 0xD372, 0xD372, 0xD372, 0xD372, 0xD372, 0xD372, 0xD372, 0xD372, 0xD372, 0xD372,
    0xD372, 0xD372, 0xD372, 0xD372, 0xD372, 0xD372, 0xD372, 0xD372, 0xD372, 0xD372, 0xD372, 0xD372, 0xD372, 0xD372, 0xD372, 0xD372,
    0xD372, 0xD372, 0xD372, 0xD372, 0xD372, 0xD372, 0xD372, 0xD372, 0xD372, 0xD372, 0xD372, 0xD372, 0xD372, 0xD372, 0xD372, 0xD372,
    0xD372, 0xD372, 0xD372, 0xD372, 0xD372, 0xD372, 0xD372, 0xD372, 0xD372, 0xD372, 0xD372, 0xD372, 0xD372, 0xD372, 0xD372, 0xD372,
    0xD372, 0xD372, 0xD372, 0xD372, 0xD372, 0xD372, 0xD372, 0xD372, 0xD372, 0xD372, 0xD372, 0xD372, 0xD372, 0xD372, 0xD372, 0xD372,
    0xD372, 0xD372, 0xD372, 0xD372, 0xD372, 0x8A56, 0x8A56, 0x8A56, 0x8A56, 0x8A56, 0x8A56, 0x8A56, 0x8A56, 0x8A56, 0x8A56, 0x8A56,
    0x8A56, 0x8A56, 0x8A56, 0x8A56, 0x8A56, 0x8A56, 0x8A56, 0x8A56, 0x8A56, 0x8A56, 0x8A56, 0x8A56, 0x8A56, 0x8A56, 0x8A56, 0x8A56,
    0x8A56, 0x8A56, 0xD372, 0xD372, 0xD372, 0xD372, 0xD372, 0xD372, 0xD372, 0xD372, 0xD372, 0xD372, 0xD372, 0xD372, 0xD372, 0xD372,
    0xD372, 0xD372, 0xD372, 0xD372, 0xD372, 0xD372, 0xD372, 0xD372, 0xD372, 0xD372, 0xD372, 0xD372, 0xD372, 0xD372, 0xD372, 0xD372,
    0xD372, 0xD372, 0xD372, 0xD372, 0xD372, 0xD372, 0xD372, 0xD372, 0xD372, 0xD372, 0xD372, 0xD372, 0xD372, 0x8A56, 0x8A56, 0x8A56,
    0x8A56, 0x8A56, 0x8A56, 0x8A56, 0x8A56, 0x8A56, 0x8A56, 0x8A56, 0x8A56, 0x8A56, 0x8A56, 0x8A56, 0x8A56, 0x8A56, 0x8A56, 0x8A56,
    0x8A56, 0x8A56, 0x8A56, 0x8A56, 0x8A56, 0x8A56, 0x8A56, 0x8A56, 0x8A56, 0xD372, 0xD372, 0xD372, 0xD372, 0xD372, 0xD372, 0xD372,
    0xD372, 0xD372, 0xD372, 0xD372, 0xD372, 0xD372, 0xD372, 0xD372, 0xD372, 0xD372, 0xD372, 0xD372, 0xD372, 0xD372, 0xD372, 0xD372,
    0xD372, 0xD372, 0xD372, 0xD372, 0xD372, 0xD372, 0xD372, 0xD372, 0xD372, 0xD372, 0xD372, 0xD372, 0xD372, 0xD372, 0xD372, 0xD372,
    0xD372, 0xD372, 0xD372, 0xD372, 0xD372, 0xD372, 0xD372, 0xD372, 0xD372, 0xD372, 0xD372, 0xD372, 0xD372, 0xD372, 0xD372, 0xD372,
    0xD372, 0xD372, 0xD372, 0xD372, 0xD372, 0xD372, 0xD372, 0xD372, 0xD372, 0xD372, 0xD372, 0xD372, 0xD372, 0xD372, 0xD372, 0xD372,
    0xD372, 0xD372, 0xD372, 0xD372, 0xD372, 0xD372, 0xD372, 0xD372, 0xD372, 0xD372, 0xD372, 0xD372, 0xD372, 0xD372, 0xD372, 0xD372,
    0xD372, 0xD372, 0xD372, 0xD372, 0xD372, 0xD372, 0xD372, 0xD372, 0xD372, 0xD372, 0xD372, 0xD372, 0xD372, 0xD372, 0xD372, 0xD372,
    0xD372, 0xD372, 0xD372, 0xD372, 0xD372, 0xD372, 0xD372, 0xD372, 0xD372, 0xD372, 0xD372, 0xD372, 0xD372, 0xD372, 0xD372, 0xD372,
    0xD372, 0xD372, 0xD372, 0xD372, 0xD372, 0xD372, 0xD372, 0xD372, 0xD372, 0xD372, 0xD372, 0xD372, 0xD372, 0xD372, 0xD372, 0xD372,
    0xD372, 0xD372, 0xD372, 0xD372, 0xD372, 0x8A56, 0x8A56, 0xD372, 0xD372, 0x8A56, 0x8A56, 0xD372, 0xD372, 0x8A56, 0x8A56, 0x8A56,
    0x8A56, 0x8A56, 0x8A56, 0x8A56, 0x8A56, 0x8A56, 0x8A56, 0x8A56, 0x8A56, 0x8A56, 0x8A56, 0x8A56, 0x8A56, 0x8A56, 0x8A56, 0x8A56,
    0xD372, 0xD372, 0xD372, 0xD372, 0xD372, 0xD372, 0xD372, 0xD372, 0xD372, 0xD372, 0xD372, 0xD372, 0xD372, 0xD372, 0xD372, 0xD372,
    0xD372, 0xD372, 0xD372, 0xD372, 0xD372, 0xD372, 0xD372, 0xD372, 0xD372, 0xD372, 0xD372, 0xD372, 0xD372, 0xD372, 0xD372, 0xD372,
    0xD372, 0xD372, 0xD372, 0xD372, 0xD372, 0xD372, 0xD372, 0xD372, 0xD372, 0xD372, 0xD372, 0xD372, 0xD372, 0xD372, 0xD372, 0x8A56,
    0x8A56, 0x8A56, 0x8A56, 0x8A56, 0x8A56, 0x8A56, 0x8A56, 0x8A56, 0x8A56, 0x8A56, 0x8A56, 0x8A56, 0x8A56, 0x8A56, 0x8A56, 0x8A56,
    0x8A56, 0x8A56, 0x8A56, 0x8A56, 0x8A56, 0x8A56, 0x8A56, 0x8A56, 0x8A56, 0xD372, 0xD372, 0xD372, 0xD372, 0xD372, 0xD372, 0xD372,
    0xD372, 0xD372, 0xD372, 0xD372, 0xD372, 0xD372, 0xD372, 0xD372, 0xD372, 0xD372, 0xD372, 0xD372, 0xD372, 0xD372, 0xD372, 0xD372,
    0xD372, 0xD372, 0xD372, 0xD372, 0xD372, 0xD372, 0xD372, 0xD372, 0xD372, 0xD372, 0xD372, 0xD372, 0xD372, 0xD372, 0xD372, 0xD372,
    0xD372, 0xD372, 0xD372, 0xD372, 0xD372, 0xD372, 0xD372, 0xD372, 0xD372, 0xD372, 0xD372, 0xD372, 0xD372, 0xD372, 0xD372, 0xD372,
    0xD372, 0xD372, 0xD372, 0xD372, 0xD372, 0xD372, 0xD372, 0xD372, 0xD372, 0xD372, 0xD372, 0xD372, 0xD372, 0xD372, 0xD372, 0xD372,
    0xD372, 0xD372, 0xD372, 0xD372, 0xD372, 0xD372, 0xD372, 0xD372, 0xD372, 0xD372, 0xD372, 0xD372, 0xD372, 0xD372, 0xD372, 0xD372,
    0xD372, 0xD372, 0xD372, 0xD372, 0xD372, 0xD372, 0xD372, 0xD372, 0xD372, 0xD372, 0xD372, 0xD372, 0xD372, 0xD372, 0xD372, 0xD372,
    0xD372, 0xD372, 0xD372, 0xD372, 0xD372, 0xD372, 0xD372, 0xD372, 0xD372, 0xD372, 0xD372, 0xD372, 0xD372, 0xD372, 0xD372, 0xD372,
    0xD372, 0xD372, 0xD372, 0xD372, 0xD372, 0xD372, 0xD372, 0xD372, 0xD372, 0xD372, 0xD372, 0xD372, 0xD372, 0xD372, 0xD372, 0xD372,
    0xD372, 0xD372, 0xD372, 0xD372, 0xD372, 0x8A56, 0x8A56, 0xD372, 0xD372, 0x8A56, 0x8A56, 0xD372, 0xD372, 0x8A56, 0x8A56, 0x8A56,
    0x8A56, 0x8A56, 0x8A56, 0x8A56, 0x8A56, 0x8A56, 0x8A56, 0x8A56, 0x8A56, 0x8A56, 0x8A56, 0x8A56, 0x8A56, 0x8A56, 0x8A56, 0x8A56,
    0xD372, 0xD372, 0xD372, 0xD372, 0xD372, 0xD372, 0xD372, 0xD372, 0xD372, 0xD372, 0xD372, 0xD372, 0xD372, 0xD372, 0xD372, 0xD372,
    0xD372, 0xD372, 0xD372, 0xD372, 0xD372, 0xD372, 0xD372, 0xD372, 0xD372, 0xD372, 0xD372, 0xD372, 0xD372, 0xD372, 0xD372, 0xD372,
    0xD372, 0xD372, 0xD372, 0xD372, 0xD372, 0xD372, 0xD372, 0xD372, 0xD372, 0xD372, 0xD372, 0xD372, 0xD372, 0xD372, 0xD372, 0x8A56,
    0x8A56, 0x8A56, 0x8A56, 0x8A56, 0x8A56, 0x8A56, 0x8A56, 0x8A56, 0x8A56, 0x8A56, 0x8A56, 0x8A56, 0x8A56, 0x8A56, 0x8A56, 0x8A56,
    0x8A56, 0x8A56, 0x8A56, 0x8A56, 0x8A56, 0x8A56, 0x8A56, 0x8A56, 0x8A56, 0xD372, 0xD372, 0xD372, 0xD372, 0xD372, 0xD372, 0xD372,
    0xD372, 0xD372, 0xD372, 0xD372, 0xD372, 0xD372, 0xD372, 0xD372, 0xD372, 0xD372, 0xD372, 0xD372, 0xD372, 0xD372, 0xD372, 0xD372,
    0xD372, 0xD372, 0xD372, 0xD372, 0xD372, 0xD372, 0xD372, 0xD372, 0xD372, 0xD372, 0xD372, 0xD372, 0xD372, 0xD372, 0xD372, 0xD372,
    0xD372, 0xD372, 0xD372, 0xD372, 0xD372, 0xD372, 0xD372, 0xD372, 0xD372, 0xD372, 0xD372, 0xD372, 0xD372, 0xD372, 0xD372, 0xD372,
    0xD372, 0xD372, 0xD372, 0xD372, 0xD372, 0xD372, 0xD372, 0xD372, 0xD372, 0xD372, 0xD372, 0xD372, 0xD372, 0xD372, 0xD372, 0xD372,
    0xD372, 0xD372, 0xD372, 0xD372, 0xD372, 0xD372, 0xD372, 0xD372, 0xD372, 0xD372, 0xD372, 0xD372, 0xD372, 0xD372, 0xD372, 0xD372,
    0xD372, 0xD372, 0xD372, 0xD372, 0xD372, 0xD372, 0xD372, 0xD372, 0xD372, 0xD372, 0xD372, 0xD372, 0xD372, 0xD372, 0xD372, 0xD372,
    0xD372, 0xD372, 0xD372, 0xD372, 0xD372, 0xD372, 0xD372, 0xD372, 0xD372, 0xD372, 0xD372, 0xD372, 0xD372, 0xD372, 0xD372, 0xD372,
    0xD372, 0xD372, 0xD372, 0xD372, 0xD372, 0xD372, 0xD372, 0xD372, 0xD372, 0xD372, 0xD372, 0xD372, 0xD372, 0xD372, 0xD372, 0xD372,
    0xD372, 0xD372, 0xD372, 0xD372, 0xD372, 0x8A56, 0x8A56, 0x8A56, 0x8A56, 0x8A56, 0x8A56, 0x8A56, 0x8A56, 0x8A56, 0x8A56, 0x8A56,
    0x8A56, 0x8A56, 0x8A56, 0x8A56, 0x8A56, 0x8A56, 0x8A56, 0x8A56, 0x8A56, 0x8A56, 0x8A56, 0x8A56, 0x8A56, 0x8A56, 0xD372, 0xD372,
    0xD372, 0xD372, 0xD372, 0xD372, 0xD372, 0xD372, 0xD372, 0x8A56, 0x8A56, 0x8A56, 0x8A56, 0x8A56, 0x8A56, 0x8A56, 0x8A56, 0x8A56,
    0x8A56, 0x8A56, 0x8A56, 0x8A56, 0x8A56, 0x8A56, 0x8A56, 0x8A56, 0x8A56, 0x8A56, 0x8A56, 0x8A56, 0x8A56, 0x8A56, 0x8A56, 0x8A56,
    0x8A56, 0x8A56, 0x8A56, 0x8A56, 0x8A56, 0x8A56, 0x8A56, 0xD372, 0xD372, 0xD372, 0xD372, 0xD372, 0xD372, 0xD372, 0xD372, 0xD372,
    0x8A56, 0x8A56, 0x8A56, 0x8A56, 0x8A56, 0x8A56, 0x8A56, 0x8A56, 0x8A56, 0x8A56, 0x8A56, 0x8A56, 0x8A56, 0x8A56, 0x8A56, 0x8A56,
    0x8A56, 0x8A56, 0x8A56, 0x8A56, 0x8A56, 0x8A56, 0x8A56, 0x8A56, 0x8A56, 0xD372, 0xD372, 0xD372, 0xD372, 0xD372, 0xD372, 0xD372,
    0xD372, 0xD372, 0xD372, 0xD372, 0xD372, 0xD372, 0xD372, 0xD372, 0xD372, 0xD372, 0xD372, 0xD372, 0xD372, 0xD372, 0xD372, 0xD372,
    0xD372, 0xD372, 0xD372, 0xD372, 0xD372, 0xD372, 0xD372, 0xD372, 0xD372, 0xD372, 0xD372, 0xD372, 0xD372, 0xD372, 0xD372, 0xD372,
    0xD372, 0xD372, 0xD372, 0xD372, 0xD372, 0xD372, 0xD372, 0xD372, 0xD372, 0xD372, 0xD372, 0xD372, 0xD372, 0xD372, 0xD372, 0xD372,
    0xD372, 0xD372, 0xD372, 0xD372, 0xD372, 0xD372, 0xD372, 0xD372, 0xD372, 0xD372, 0xD372, 0xD372, 0xD372, 0xD372, 0xD372, 0xD372,
    0xD372, 0xD372, 0xD372, 0xD372, 0xD372, 0xD372, 0xD372, 0xD372, 0xD372, 0xD372, 0xD372, 0xD372, 0xD372, 0xD372, 0xD372, 0xD372,
    0xD372, 0xD372, 0xD372, 0xD372, 0xD372, 0xD372, 0xD372, 0xD372, 0xD372, 0xD372, 0xD372, 0xD372, 0xD372, 0xD372, 0xD372, 0xD372,
    0xD372, 0xD372, 0xD372, 0xD372, 0xD372, 0xD372, 0xD372, 0xD372, 0xD372, 0xD372, 0xD372, 0xD372, 0xD372, 0xD372, 0xD372, 0xD372,
    0xD372, 0xD372, 0xD372, 0xD372, 0xD372, 0xD372, 0xD372, 0xD372, 0xD372, 0xD372, 0xD372, 0xD372, 0xD372, 0xD372, 0xD372, 0xD372,
    0xD372, 0xD372, 0xD372, 0xD372, 0xD372, 0x8A56, 0x8A56, 0x8A56, 0x8A56, 0x8A56, 0x8A56, 0x8A56, 0x8A56, 0x8A56, 0x8A56, 0x8A56,
    0x8A56, 0x8A56, 0x8A56, 0x8A56, 0x8A56, 0x8A56, 0x8A56, 0x8A56, 0x8A56, 0x8A56, 0x8A56, 0x8A56, 0x8A56, 0x8A56, 0xD372, 0xD372,
    0xD372, 0xD372, 0xD372, 0xD372, 0xD372, 0xD372, 0xD372, 0x8A56, 0x8A56, 0x8A56, 0x8A56, 0x8A56, 0x8A56, 0x8A56, 0x8A56, 0x8A56,
    0x8A56, 0x8A56, 0x8A56, 0x8A56, 0x8A56, 0x8A56, 0x8A56, 0x8A56, 0x8A56, 0x8A56, 0x8A56, 0x8A56, 0x8A56, 0x8A56, 0x8A56, 0x8A56,
    0x8A56, 0x8A56, 0x8A56, 0x8A56, 0x8A56, 0x8A56, 0x8A56, 0xD372, 0xD372, 0xD372, 0xD372, 0xD372, 0xD372, 0xD372, 0xD372, 0xD372,
    0x8A56, 0x8A56, 0x8A56, 0x8A56, 0x8A56, 0x8A56, 0x8A56, 0x8A56, 0x8A56, 0x8A56, 0x8A56, 0x8A56, 0x8A56, 0x8A56, 0x8A56, 0x8A56,
    0x8A56, 0x8A56, 0x8A56, 0x8A56, 0x8A56, 0x8A56, 0x8A56, 0x8A56, 0x8A56, 0xD372, 0xD372, 0xD372, 0xD372, 0xD372, 0xD372, 0xD372,
    0xD372, 0xD372, 0xD372, 0xD372, 0xD372, 0xD372, 0xD372, 0xD372, 0xD372, 0xD372, 0xD372, 0xD372, 0xD372, 0xD372, 0xD372, 0xD372,
    0xD372, 0xD372, 0xD372, 0xD372, 0xD372, 0xD372, 0xD372, 0xD372, 0xD372, 0xD372, 0xD372, 0xD372, 0xD372, 0xD372, 0xD372, 0xD372,
    0xD372, 0xD372, 0xD372, 0xD372, 0xD372, 0xD372, 0xD372, 0xD372, 0xD372, 0xD372, 0xD372, 0xD372, 0xD372, 0xD372, 0xD372, 0xD372,
    0xD372, 0xD372, 0xD372, 0xD372, 0xD372, 0xD372, 0xD372, 0xD372, 0xD372, 0xD372, 0xD372, 0xD372, 0xD372, 0xD372, 0xD372, 0xD372,
    0xD372, 0xD372, 0xD372, 0xD372, 0xD372, 0xD372, 0xD372, 0xD372, 0xD372, 0xD372, 0xD372, 0xD372, 0xD372, 0xD372, 0xD372, 0xD372,
    0xD372, 0xD372, 0xD372, 0xD372, 0xD372, 0xD372, 0xD372, 0xD372, 0xD372, 0xD372, 0xD372, 0xD372, 0xD372, 0xD372, 0xD372, 0xD372,
    0xD372, 0xD372, 0xD372, 0xD372, 0xD372, 0xD372, 0xD372, 0xD372, 0xD372, 0xD372, 0xD372, 0xD372, 0xD372, 0xD372, 0xD372, 0xD372,
    0xD372, 0xD372, 0xD372, 0xD372, 0xD372, 0xD372, 0xD372, 0xD372, 0xD372, 0xD372, 0xD372, 0xD372, 0xD372, 0xD372, 0xD372, 0xD372,
    0xD372, 0xD372, 0xD372, 0xD372, 0xD372, 0x8A56, 0x8A56, 0xD372, 0xD372, 0x8A56, 0x8A56, 0xD372, 0xD372, 0x8A56, 0x8A56, 0x8A56,
    0x8A56, 0x8A56, 0x8A56, 0x8A56, 0x8A56, 0x8A56, 0x8A56, 0x8A56, 0x8A56, 0x8A56, 0xD372, 0xD372, 0xD372, 0xD372, 0xD372, 0xD372,
    0xD372, 0xD372, 0xD372, 0x8A56, 0x8A56, 0x8A56, 0x8A56, 0xD372, 0xD372, 0xD372, 0xD372, 0xD372, 0xD372, 0xD372, 0xD372, 0x8A56,
    0x8A56, 0xD372, 0x8A56, 0x8A56, 0xD372, 0xD372, 0x8A56, 0x8A56, 0xD372, 0xD372, 0x8A56, 0x8A56, 0xD372, 0xD372, 0x8A56, 0x8A56,
    0x8A56, 0x8A56, 0x8A56, 0x8A56, 0x8A56, 0x8A56, 0x8A56, 0x8A56, 0x8A56, 0x8A56, 0x8A56, 0xD372, 0xD372, 0xD372, 0xD372, 0xD372,
    0xD372, 0xD372, 0xD372, 0xD372, 0x8A56, 0x8A56, 0x8A56, 0x8A56, 0x8A56, 0x8A56, 0x8A56, 0x8A56, 0x8A56, 0x8A56, 0x8A56, 0x8A56,
    0x8A56, 0x8A56, 0x8A56, 0x8A56, 0x8A56, 0x8A56, 0x8A56, 0x8A56, 0x8A56, 0xD372, 0xD372, 0xD372, 0xD372, 0xD372, 0xD372, 0xD372,
    0xD372, 0xD372, 0xD372, 0xD372, 0xD372, 0xD372, 0xD372, 0xD372, 0xD372, 0xD372, 0xD372, 0xD372, 0xD372, 0xD372, 0xD372, 0xD372,
    0xD372, 0xD372, 0xD372, 0xD372, 0xD372, 0xD372, 0xD372, 0xD372, 0xD372, 0xD372, 0xD372, 0xD372, 0xD372, 0xD372, 0xD372, 0xD372,
    0xD372, 0xD372, 0xD372, 0xD372, 0xD372, 0xD372, 0xD372, 0xD372, 0xD372, 0xD372, 0xD372, 0xD372, 0xD372, 0xD372, 0xD372, 0xD372,
    0xD372, 0xD372, 0xD372, 0xD372, 0xD372, 0xD372, 0xD372, 0xD372, 0xD372, 0xD372, 0xD372, 0xD372, 0xD372, 0xD372, 0xD372, 0xD372,
    0xD372, 0xD372, 0xD372, 0xD372, 0xD372, 0xD372, 0xD372, 0xD372, 0xD372, 0xD372, 0xD372, 0xD372, 0xD372, 0xD372, 0xD372, 0xD372,
    0xD372, 0xD372, 0xD372, 0xD372, 0xD372, 0xD372, 0xD372, 0xD372, 0xD372, 0xD372, 0xD372, 0xD372, 0xD372, 0xD372, 0xD372, 0xD372,
    0xD372, 0xD372, 0xD372, 0xD372, 0xD372, 0xD372, 0xD372, 0xD372, 0xD372, 0xD372, 0xD372, 0xD372, 0xD372, 0xD372, 0xD372, 0xD372,
    0xD372, 0xD372, 0xD372, 0xD372, 0xD372, 0xD372, 0xD372, 0xD372, 0xD372, 0xD372, 0xD372, 0xD372, 0xD372, 0xD372, 0xD372, 0xD372,
    0xD372, 0xD372, 0xD372, 0xD372, 0xD372, 0x8A56, 0x8A56, 0xD372, 0xD372, 0x8A56, 0x8A56, 0xD372, 0xD372, 0x8A56, 0x8A56, 0x8A56,
    0x8A56, 0x8A56, 0x8A56, 0x8A56, 0x8A56, 0x8A56, 0x8A56, 0x8A56, 0x8A56, 0x8A56, 0xD372, 0xD372, 0xD372, 0xD372, 0xD372, 0xD372,
    0xD372, 0xD372, 0xD372, 0x8A56, 0x8A56, 0x8A56, 0x8A56, 0xD372, 0xD372, 0xD372, 0xD372, 0xD372, 0xD372, 0xD372, 0xD372, 0x8A56,
    0x8A56, 0xD372, 0x8A56, 0x8A56, 0xD372, 0xD372, 0x8A56, 0x8A56, 0xD372, 0xD372, 0x8A56, 0x8A56, 0xD372, 0xD372, 0x8A56, 0x8A56,
    0x8A56, 0x8A56, 0x8A56, 0x8A56, 0x8A56, 0x8A56, 0x8A56, 0x8A56, 0x8A56, 0x8A56, 0x8A56, 0xD372, 0xD372, 0xD372, 0xD372, 0xD372,
    0xD372, 0xD372, 0xD372, 0xD372, 0x8A56, 0x8A56, 0x8A56, 0x8A56, 0x8A56, 0x8A56, 0x8A56, 0x8A56, 0x8A56, 0x8A56, 0x8A56, 0x8A56,
    0x8A56, 0x8A56, 0x8A56, 0x8A56, 0x8A56, 0x8A56, 0x8A56, 0x8A56, 0x8A56, 0xD372, 0xD372, 0xD372, 0xD372, 0xD372, 0xD372, 0xD372,
    0xD372, 0xD372, 0xD372, 0xD372, 0xD372, 0xD372, 0xD372, 0xD372, 0xD372, 0xD372, 0xD372, 0xD372, 0xD372, 0xD372, 0xD372, 0xD372,
    0xD372, 0xD372, 0xD372, 0xD372, 0xD372, 0xD372, 0xD372, 0xD372, 0xD372, 0xD372, 0xD372, 0xD372, 0xD372, 0xD372, 0xD372, 0xD372,
    0xD372, 0xD372, 0xD372, 0xD372, 0xD372, 0xD372, 0xD372, 0xD372, 0xD372, 0xD372, 0xD372, 0xD372, 0xD372, 0xD372, 0xD372, 0xD372,
    0xD372, 0xD372, 0xD372, 0xD372, 0xD372, 0xD372, 0xD372, 0xD372, 0xD372, 0xD372, 0xD372, 0xD372, 0xD372, 0xD372, 0xD372, 0xD372,
    0xD372, 0xD372, 0xD372, 0xD372, 0xD372, 0xD372, 0xD372, 0xD372, 0xD372, 0xD372, 0xD372, 0xD372, 0xD372, 0xD372, 0xD372, 0xD372,
    0xD372, 0xD372, 0xD372, 0xD372, 0xD372, 0xD372, 0xD372, 0xD372, 0xD372, 0xD372, 0xD372, 0xD372, 0xD372, 0xD372, 0xD372, 0xD372,
    0xD372, 0xD372, 0xD372, 0xD372, 0xD372, 0xD372, 0xD372, 0xD372, 0xD372, 0xD372, 0xD372, 0xD372, 0xD372, 0xD372, 0xD372, 0xD372,
    0xD372, 0xD372, 0xD372, 0xD372, 0xD372, 0xD372, 0xD372, 0xD372, 0xD372, 0xD372, 0xD372, 0xD372, 0xD372, 0xD372, 0xD372, 0xD372,
    0xD372, 0xD372, 0xD372, 0xD372, 0xD372, 0x8A56, 0x8A56, 0x8A56, 0x8A56, 0x8A56, 0x8A56, 0x8A56, 0x8A56, 0x8A56, 0x8A56, 0x8A56,
    0x8A56, 0x8A56, 0x8A56, 0x8A56, 0x8A56, 0x8A56, 0x8A56, 0x8A56, 0xD372, 0xD372, 0xD372, 0xD372, 0xD372, 0xD372, 0xD372, 0xD372,
    0x8A56, 0x8A56, 0x8A56, 0xD372, 0xD372, 0x8A56, 0x8A56, 0xD372, 0xD372, 0x8A56, 0x8A56, 0xD372, 0xD372, 0x8A56, 0x8A56, 0xD372,
    0xD372, 0x8A56, 0x8A56, 0x8A56, 0x8A56, 0x8A56, 0x8A56, 0x8A56, 0x8A56, 0x8A56, 0x8A56, 0x8A56, 0x8A56, 0x8A56, 0x8A56, 0x8A56,
    0x8A56, 0x8A56, 0x8A56, 0x8A56, 0x8A56, 0x8A56, 0x8A56, 0x8A56, 0x8A56, 0x8A56, 0x8A56, 0x8A56, 0x8A56, 0x8A56, 0x8A56, 0xD372,
    0xD372, 0xD372, 0xD372, 0xD372, 0xD372, 0xD372, 0x8A56, 0x8A56, 0x8A56, 0x8A56, 0x8A56, 0x8A56, 0x8A56, 0x8A56, 0x8A56, 0x8A56,
    0x8A56, 0x8A56, 0x8A56, 0x8A56, 0x8A56, 0x8A56, 0x8A56, 0x8A56, 0x8A56, 0xD372, 0xD372, 0xD372, 0xD372, 0xD372, 0xD372, 0xD372,
    0xD372, 0xD372, 0xD372, 0xD372, 0xD372, 0xD372, 0xD372, 0xD372, 0xD372, 0xD372, 0xD372, 0xD372, 0xD372, 0xD372, 0xD372, 0xD372,
    0xD372, 0xD372, 0xD372, 0xD372, 0xD372, 0xD372, 0xD372, 0xD372, 0xD372, 0xD372, 0xD372, 0xD372, 0xD372, 0xD372, 0xD372, 0xD372,
    0xD372, 0xD372, 0xD372, 0xD372, 0xD372, 0xD372, 0xD372, 0xD372, 0xD372, 0xD372, 0xD372, 0xD372, 0xD372, 0xD372, 0xD372, 0xD372,
    0xD372, 0xD372, 0xD372, 0xD372, 0xD372, 0xD372, 0xD372, 0xD372, 0xD372, 0xD372, 0xD372, 0xD372, 0xD372, 0xD372, 0xD372, 0xD372,
    0xD372, 0xD372, 0xD372, 0xD372, 0xD372, 0xD372, 0xD372, 0xD372, 0xD372, 0xD372, 0xD372, 0xD372, 0xD372, 0xD372, 0xD372, 0xD372,
    0xD372, 0xD372, 0xD372, 0xD372, 0xD372, 0xD372, 0xD372, 0xD372, 0xD372, 0xD372, 0xD372, 0xD372, 0xD372, 0xD372, 0xD372, 0xD372,
    0xD372, 0xD372, 0xD372, 0xD372, 0xD372, 0xD372, 0xD372, 0xD372, 0xD372, 0xD372, 0xD372, 0xD372, 0xD372, 0xD372, 0xD372, 0xD372,
    0xD372, 0xD372, 0xD372, 0xD372, 0xD372, 0xD372, 0xD372, 0xD372, 0xD372, 0xD372, 0xD372, 0xD372, 0xD372, 0xD372, 0xD372, 0xD372,
    0xD372, 0xD372, 0xD372, 0xD372, 0xD372, 0x8A56, 0x8A56, 0x8A56, 0x8A56, 0x8A56, 0x8A56, 0x8A56, 0x8A56, 0x8A56, 0x8A56, 0x8A56,
    0x8A56, 0x8A56, 0x8A56, 0x8A56, 0x8A56, 0x8A56, 0x8A56, 0x8A56, 0xD372, 0xD372, 0xD372, 0xD372, 0xD372, 0xD372, 0xD372, 0xD372,
    0x8A56, 0x8A56, 0x8A56, 0xD372, 0xD372, 0x8A56, 0x8A56, 0xD372, 0xD372, 0x8A56, 0x8A56, 0xD372, 0xD372, 0x8A56, 0x8A56, 0xD372,
    0xD372, 0x8A56, 0x8A56, 0x8A56, 0x8A56, 0x8A56, 0x8A56, 0x8A56, 0x8A56, 0x8A56, 0x8A56, 0x8A56, 0x8A56, 0x8A56, 0x8A56, 0x8A56,
    0x8A56, 0x8A56, 0x8A56, 0x8A56, 0x8A56, 0x8A56, 0x8A56, 0x8A56, 0x8A56, 0x8A56, 0x8A56, 0x8A56, 0x8A56, 0x8A56, 0x8A56, 0xD372,
    0xD372, 0xD372, 0xD372, 0xD372, 0xD372, 0xD372, 0x8A56, 0x8A56, 0x8A56, 0x8A56, 0x8A56, 0x8A56, 0x8A56, 0x8A56, 0x8A56, 0x8A56,
    0x8A56, 0x8A56, 0x8A56, 0x8A56, 0x8A56, 0x8A56, 0x8A56, 0x8A56, 0x8A56, 0xD372, 0xD372, 0xD372, 0xD372, 0xD372, 0xD372, 0xD372,
    0xD372, 0xD372, 0xD372, 0xD372, 0xD372, 0xD372, 0xD372, 0xD372, 0xD372, 0xD372, 0xD372, 0xD372, 0xD372, 0xD372, 0xD372, 0xD372,
    0xD372, 0xD372, 0xD372, 0xD372, 0xD372, 0xD372, 0xD372, 0xD372, 0xD372, 0xD372, 0xD372, 0xD372, 0xD372, 0xD372, 0xD372, 0xD372,
    0xD372, 0xD372, 0xD372, 0xD372, 0xD372, 0xD372, 0xD372, 0xD372, 0xD372, 0xD372, 0xD372, 0xD372, 0xD372, 0xD372, 0xD372, 0xD372,
    0xD372, 0xD372, 0xD372, 0xD372, 0xD372, 0xD372, 0xD372, 0xD372, 0xD372, 0xD372, 0xD372, 0xD372, 0xD372, 0xD372, 0xD372, 0xD372,
    0xD372, 0xD372, 0xD372, 0xD372, 0xD372, 0xD372, 0xD372, 0xD372, 0xD372, 0xD372, 0xD372, 0xD372, 0xD372, 0xD372, 0xD372, 0xD372,
    0xD372, 0xD372, 0xD372, 0xD372, 0xD372, 0xD372, 0xD372, 0xD372, 0xD372, 0xD372, 0xD372, 0xD372, 0xD372, 0xD372, 0xD372, 0xD372,
    0xD372, 0xD372, 0xD372, 0xD372, 0xD372, 0xD372, 0xD372, 0xD372, 0xD372, 0xD372, 0xD372, 0xD372, 0xD372, 0xD372, 0xD372, 0xD372,
    0xD372, 0xD372, 0xD372, 0xD372, 0xD372, 0xD372, 0xD372, 0xD372, 0xD372, 0xD372, 0xD372, 0xD372, 0xD372, 0xD372, 0xD372, 0xD372,
    0xD372, 0xD372, 0xD372, 0xD372, 0xD372, 0x8A56, 0x8A56, 0xD372, 0xD372, 0x8A56, 0x8A56, 0xD372, 0xD372, 0x8A56, 0x8A56, 0x8A56,
    0x8A56, 0x8A56, 0x8A56, 0x8A56, 0x8A56, 0x8A56, 0xD372, 0xD372, 0xD372, 0xD372, 0xD372, 0xD372, 0x8A56, 0x8A56, 0x8A56, 0x8A56,
    0xD372, 0xD372, 0xD372, 0xD372, 0xD372, 0xD372, 0xD372, 0x8A56, 0x8A56, 0xD372, 0xD372, 0x8A56, 0x8A56, 0xD372, 0xD372, 0x8A56,
    0x8A56, 0xD372, 0x8A56, 0x8A56, 0xD372, 0xD372, 0x8A56, 0x8A56, 0x8A56, 0x8A56, 0x8A56, 0x8A56, 0x8A56, 0x8A56, 0x8A56, 0x8A56,
    0x8A56, 0x8A56, 0x8A56, 0x8A56, 0x8A56, 0x8A56, 0x8A56, 0x8A56, 0x8A56, 0x8A56, 0x8A56, 0x8A56, 0x8A56, 0x8A56, 0x8A56, 0x8A56,
    0x8A56, 0x8A56, 0xD372, 0xD372, 0xD372, 0xD372, 0xD372, 0xD372, 0x8A56, 0x8A56, 0x8A56, 0x8A56, 0x8A56, 0x8A56, 0x8A56, 0x8A56,
    0x8A56, 0x8A56, 0x8A56, 0x8A56, 0x8A56, 0x8A56, 0x8A56, 0x8A56, 0x8A56, 0xD372, 0xD372, 0xD372, 0xD372, 0xD372, 0xD372, 0xD372,
    0xD372, 0xD372, 0xD372, 0xD372, 0xD372, 0xD372, 0xD372, 0xD372, 0xD372, 0xD372, 0xD372, 0xD372, 0xD372, 0xD372, 0xD372, 0xD372,
    0xD372, 0xD372, 0xD372, 0xD372, 0xD372, 0xD372, 0xD372, 0xD372, 0xD372, 0xD372, 0xD372, 0xD372, 0xD372, 0xD372, 0xD372, 0xD372,
    0xD372, 0xD372, 0xD372, 0xD372, 0xD372, 0xD372, 0xD372, 0xD372, 0xD372, 0xD372, 0xD372, 0xD372, 0xD372, 0xD372, 0xD372, 0xD372,
    0xD372, 0xD372, 0xD372, 0xD372, 0xD372, 0xD372, 0xD372, 0xD372, 0xD372, 0xD372, 0xD372, 0xD372, 0xD372, 0xD372, 0xD372, 0xD372,
    0xD372, 0xD372, 0xD372, 0xD372, 0xD372, 0xD372, 0xD372, 0xD372, 0xD372, 0xD372, 0xD372, 0xD372, 0xD372, 0xD372, 0xD372, 0xD372,
    0xD372, 0xD372, 0xD372, 0xD372, 0xD372, 0xD372, 0xD372, 0xD372, 0xD372, 0xD372, 0xD372, 0xD372, 0xD372, 0xD372, 0xD372, 0xD372,
    0xD372, 0xD372, 0xD372, 0xD372, 0xD372, 0xD372, 0xD372, 0xD372, 0xD372, 0xD372, 0xD372, 0xD372, 0xD372, 0xD372, 0xD372, 0xD372,
    0xD372, 0xD372, 0xD372, 0xD372, 0xD372, 0xD372, 0xD372, 0xD372, 0xD372, 0xD372, 0xD372, 0xD372, 0xD372, 0xD372, 0xD372, 0xD372,
    0xD372, 0xD372, 0xD372, 0xD372, 0xD372, 0x8A56, 0x8A56, 0x8A56, 0x8A56, 0x8A56, 0x8A56, 0x8A56, 0x8A56, 0x8A56, 0x8A56, 0x8A56,
    0x8A56, 0x8A56, 0x8A56, 0x8A56, 0xD372, 0xD372, 0xD372, 0xD372, 0x8A56, 0x8A56, 0x8A56, 0x8A56, 0xD372, 0xD372, 0x8A56, 0x8A56,
    0xD372, 0xD372, 0x8A56, 0xD372, 0xD372, 0x8A56, 0x8A56, 0xD372, 0xD372, 0x8A56, 0x8A56, 0xD372, 0xD372, 0x8A56, 0x8A56, 0x8A56,
    0x8A56, 0x8A56, 0x8A56, 0x8A56, 0x8A56, 0x8A56, 0x8A56, 0x8A56, 0x8A56, 0x8A56, 0x8A56, 0x8A56, 0x8A56, 0x8A56, 0x8A56, 0x8A56,
    0x8A56, 0x8A56, 0x8A56, 0x8A56, 0x8A56, 0x8A56, 0x8A56, 0x8A56, 0x8A56, 0x8A56, 0x8A56, 0x8A56, 0x8A56, 0x8A56, 0x8A56, 0x8A56,
    0x8A56, 0x8A56, 0x8A56, 0x8A56, 0x8A56, 0x8A56, 0xD372, 0xD372, 0xD372, 0xD372, 0x8A56, 0x8A56, 0x8A56, 0x8A56, 0x8A56, 0x8A56,
    0x8A56, 0x8A56, 0x8A56, 0x8A56, 0x8A56, 0x8A56, 0x8A56, 0x8A56, 0x8A56, 0xD372, 0xD372, 0xD372, 0xD372, 0xD372, 0xD372, 0xD372,
    0xD372, 0xD372, 0xD372, 0xD372, 0xD372, 0xD372, 0xD372, 0xD372, 0xD372, 0xD372, 0xD372, 0xD372, 0xD372, 0xD372, 0xD372, 0xD372,
    0xD372, 0xD372, 0xD372, 0xD372, 0xD372, 0xD372, 0xD372, 0xD372, 0xD372, 0xD372, 0xD372, 0xD372, 0xD372, 0xD372, 0xD372, 0xD372,
    0xD372, 0xD372, 0xD372, 0xD372, 0xD372, 0xD372, 0xD372, 0xD372, 0xD372, 0xD372, 0xD372, 0xD372, 0xD372, 0xD372, 0xD372, 0xD372,
    0xD372, 0xD372, 0xD372, 0xD372, 0xD372, 0xD372, 0xD372, 0xD372, 0xD372, 0xD372, 0xD372, 0xD372, 0xD372, 0xD372, 0xD372, 0xD372,
    0xD372, 0xD372, 0xD372, 0xD372, 0xD372, 0xD372, 0xD372, 0xD372, 0xD372, 0xD372, 0xD372, 0xD372, 0xD372, 0xD372, 0xD372, 0xD372,
    0xD372, 0xD372, 0xD372, 0xD372, 0xD372, 0xD372, 0xD372, 0xD372, 0xD372, 0xD372, 0xD372, 0xD372, 0xD372, 0xD372, 0xD372, 0xD372,
    0xD372, 0xD372, 0xD372, 0xD372, 0xD372, 0xD372, 0xD372, 0xD372, 0xD372, 0xD372, 0xD372, 0xD372, 0xD372, 0xD372, 0xD372, 0xD372,
    0xD372, 0xD372, 0xD372, 0xD372, 0xD372, 0xD372, 0xD372, 0xD372, 0xD372, 0xD372, 0xD372, 0xD372, 0xD372, 0xD372, 0xD372, 0xD372,
    0xD372, 0xD372, 0xD372, 0xD372, 0xD372, 0x8A56, 0x8A56, 0x8A56, 0x8A56, 0x8A56, 0x8A56, 0x8A56, 0x8A56, 0x8A56, 0x8A56, 0x8A56,
    0x8A56, 0x8A56, 0x8A56, 0x8A56, 0xD372, 0xD372, 0xD372, 0xD372, 0x8A56, 0x8A56, 0x8A56, 0x8A56, 0xD372, 0xD372, 0x8A56, 0x8A56,
    0xD372, 0xD372, 0x8A56, 0xD372, 0xD372, 0x8A56, 0x8A56, 0xD372, 0xD372, 0x8A56, 0x8A56, 0xD372, 0xD372, 0x8A56, 0x8A56, 0x8A56,
    0x8A56, 0x8A56, 0x8A56, 0x8A56, 0x8A56, 0x8A56, 0x8A56, 0x8A56, 0x8A56, 0x8A56, 0x8A56, 0x8A56, 0x8A56, 0x8A56, 0x8A56, 0x8A56,
    0x8A56, 0x8A56, 0x8A56, 0x8A56, 0x8A56, 0x8A56, 0x8A56, 0x8A56, 0x8A56, 0x8A56, 0x8A56, 0x8A56, 0x8A56, 0x8A56, 0x8A56, 0x8A56,
    0x8A56, 0x8A56, 0x8A56, 0x8A56, 0x8A56, 0x8A56, 0xD372, 0xD372, 0xD372, 0xD372, 0x8A56, 0x8A56, 0x8A56, 0x8A56, 0x8A56, 0x8A56,
    0x8A56, 0x8A56, 0x8A56, 0x8A56, 0x8A56, 0x8A56, 0x8A56, 0x8A56, 0x8A56, 0xD372, 0xD372, 0xD372, 0xD372, 0xD372, 0xD372, 0xD372,
    0xD372, 0xD372, 0xD372, 0xD372, 0xD372, 0xD372, 0xD372, 0xD372, 0xD372, 0xD372, 0xD372, 0xD372, 0xD372, 0xD372, 0xD372, 0xD372,
    0xD372, 0xD372, 0xD372, 0xD372, 0xD372, 0xD372, 0xD372, 0xD372, 0xD372, 0xD372, 0xD372, 0xD372, 0xD372, 0xD372, 0xD372, 0xD372,
    0xD372, 0xD372, 0xD372, 0xD372, 0xD372, 0xD372, 0xD372, 0xD372, 0xD372, 0xD372, 0xD372, 0xD372, 0xD372, 0xD372, 0xD372, 0xD372,
    0xD372, 0xD372, 0xD372, 0xD372, 0xD372, 0xD372, 0xD372, 0xD372, 0xD372, 0xD372, 0xD372, 0xD372, 0xD372, 0xD372, 0xD372, 0xD372,
    0xD372, 0xD372, 0xD372, 0xD372, 0xD372, 0xD372, 0xD372, 0xD372, 0xD372, 0xD372, 0xD372, 0xD372, 0xD372, 0xD372, 0xD372, 0xD372,
    0xD372, 0xD372, 0xD372, 0xD372, 0xD372, 0xD372, 0xD372, 0xD372, 0xD372, 0xD372, 0xD372, 0xD372, 0xD372, 0xD372, 0xD372, 0xD372,
    0xD372, 0xD372, 0xD372, 0xD372, 0xD372, 0xD372, 0xD372, 0xD372, 0xD372, 0xD372, 0xD372, 0xD372, 0xD372, 0xD372, 0xD372, 0xD372,
    0xD372, 0xD372, 0xD372, 0xD372, 0xD372, 0xD372, 0xD372, 0xD372, 0xD372, 0xD372, 0xD372, 0xD372, 0xD372, 0xD372, 0xD372, 0xD372,
    0xD372, 0xD372, 0xD372, 0xD372, 0xD372, 0x8A56, 0x8A56, 0xD372, 0xD372, 0x8A56, 0x8A56, 0xD372, 0xD372, 0x8A56, 0x8A56, 0x8A56,
    0x8A56, 0x8A56, 0xD372, 0xD372, 0xD372, 0xD372, 0x8A56, 0x8A56, 0xD372, 0xD372, 0xD372, 0xD372, 0xD372, 0xD372, 0xD372, 0xD372,
    0xD372, 0xD372, 0xD372, 0x8A56, 0x8A56, 0xD372, 0xD372, 0x8A56, 0x8A56, 0xD372, 0xD372, 0x8A56, 0x8A56, 0xD372, 0xD372, 0x8A56,
    0x8A56, 0xD372, 0x8A56, 0x8A56, 0x8A56, 0x8A56, 0x8A56, 0x8A56, 0x8A56, 0x8A56, 0x8A56, 0x8A56, 0x8A56, 0x8A56, 0x8A56, 0x8A56,
    0x8A56, 0x8A56, 0x8A56, 0x8A56, 0x8A56, 0x8A56, 0x8A56, 0x8A56, 0x8A56, 0x8A56, 0x8A56, 0x8A56, 0x8A56, 0x8A56, 0x8A56, 0x8A56,
    0x8A56, 0x8A56, 0x8A56, 0x8A56, 0x8A56, 0x8A56, 0x8A56, 0x8A56, 0xD372, 0xD372, 0xD372, 0xD372, 0x8A56, 0x8A56, 0x8A56, 0x8A56,
    0x8A56, 0x8A56, 0x8A56, 0x8A56, 0x8A56, 0x8A56, 0x8A56, 0x8A56, 0x8A56, 0xD372, 0xD372, 0xD372, 0xD372, 0xD372, 0xD372, 0xD372,
    0xD372, 0xD372, 0xD372, 0xD372, 0xD372, 0xD372, 0xD372, 0xD372, 0xD372, 0xD372, 0xD372, 0xD372, 0xD372, 0xD372, 0xD372, 0xD372,
    0xD372, 0xD372, 0xD372, 0xD372, 0xD372, 0xD372, 0xD372, 0xD372, 0xD372, 0xD372, 0xD372, 0xD372, 0xD372, 0xD372, 0xD372, 0xD372,
    0xD372, 0xD372, 0xD372, 0xD372, 0xD372, 0xD372, 0xD372, 0xD372, 0xD372, 0xD372, 0xD372, 0xD372, 0xD372, 0xD372, 0xD372, 0xD372,
    0xD372, 0xD372, 0xD372, 0xD372, 0xD372, 0xD372, 0xD372, 0xD372, 0xD372, 0xD372, 0xD372, 0xD372, 0xD372, 0xD372, 0xD372, 0xD372,
    0xD372, 0xD372, 0xD372, 0xD372, 0xD372, 0xD372, 0xD372, 0xD372, 0xD372, 0xD372, 0xD372, 0xD372, 0xD372, 0xD372, 0xD372, 0xD372,
    0xD372, 0xD372, 0xD372, 0xD372, 0xD372, 0xD372, 0xD372, 0xD372, 0xD372, 0xD372, 0xD372, 0xD372, 0xD372, 0xD372, 0xD372, 0xD372,
    0xD372, 0xD372, 0xD372, 0xD372, 0xD372, 0xD372, 0xD372, 0xD372, 0xD372, 0xD372, 0xD372, 0xD372, 0xD372, 0xD372, 0xD372, 0xD372,
    0xD372, 0xD372, 0xD372, 0xD372, 0xD372, 0xD372, 0xD372, 0xD372, 0xD372, 0xD372, 0xD372, 0xD372, 0xD372, 0xD372, 0xD372, 0xD372,
    0xD372, 0xD372, 0xD372, 0xD372, 0xD372, 0x8A56, 0x8A56, 0xD372, 0xD372, 0x8A56, 0x8A56, 0xD372, 0xD372, 0x8A56, 0x8A56, 0x8A56,
    0x8A56, 0x8A56, 0xD372, 0xD372, 0xD372, 0xD372, 0x8A56, 0x8A56, 0xD372, 0xD372, 0xD372, 0xD372, 0xD372, 0xD372, 0xD372, 0xD372,
    0xD372, 0xD372, 0xD372, 0x8A56, 0x8A56, 0xD372, 0xD372, 0x8A56, 0x8A56, 0xD372, 0xD372, 0x8A56, 0x8A56, 0xD372, 0xD372, 0x8A56,
    0x8A56, 0xD372, 0x8A56, 0x8A56, 0x8A56, 0x8A56, 0x8A56, 0x8A56, 0x8A56, 0x8A56, 0x8A56, 0x8A56, 0x8A56, 0x8A56, 0x8A56, 0x8A56,
    0x8A56, 0x8A56, 0x8A56, 0x8A56, 0x8A56, 0x8A56, 0x8A56, 0x8A56, 0x8A56, 0x8A56, 0x8A56, 0x8A56, 0x8A56, 0x8A56, 0x8A56, 0x8A56,
    0x8A56, 0x8A56, 0x8A56, 0x8A56, 0x8A56, 0x8A56, 0x8A56, 0x8A56, 0xD372, 0xD372, 0xD372, 0xD372, 0x8A56, 0x8A56, 0x8A56, 0x8A56,
    0x8A56, 0x8A56, 0x8A56, 0x8A56, 0x8A56, 0x8A56, 0x8A56, 0x8A56, 0x8A56, 0xD372, 0xD372, 0xD372, 0xD372, 0xD372, 0xD372, 0xD372,
    0xD372, 0xD372, 0xD372, 0xD372, 0xD372, 0xD372, 0xD372, 0xD372, 0xD372, 0xD372, 0xD372, 0xD372, 0xD372, 0xD372, 0xD372, 0xD372,
    0xD372, 0xD372, 0xD372, 0xD372, 0xD372, 0xD372, 0xD372, 0xD372, 0xD372, 0xD372, 0xD372, 0xD372, 0xD372, 0xD372, 0xD372, 0xD372,
    0xD372, 0xD372, 0xD372, 0xD372, 0xD372, 0xD372, 0xD372, 0xD372, 0xD372, 0xD372, 0xD372, 0xD372, 0xD372, 0xD372, 0xD372, 0xD372,
    0xD372, 0xD372, 0xD372, 0xD372, 0xD372, 0xD372, 0xD372, 0xD372, 0xD372, 0xD372, 0xD372, 0xD372, 0xD372, 0xD372, 0xD372, 0xD372,
    0xD372, 0xD372, 0xD372, 0xD372, 0xD372, 0xD372, 0xD372, 0xD372, 0xD372, 0xD372, 0xD372, 0xD372, 0xD372, 0xD372, 0xD372, 0xD372,
    0xD372, 0xD372, 0xD372, 0xD372, 0xD372, 0xD372, 0xD372, 0xD372, 0xD372, 0xD372, 0xD372, 0xD372, 0xD372, 0xD372, 0xD372, 0xD372,
    0xD372, 0xD372, 0xD372, 0xD372, 0xD372, 0xD372, 0xD372, 0xD372, 0xD372, 0xD372, 0xD372, 0xD372, 0xD372, 0xD372, 0xD372, 0xD372,
    0xD372, 0xD372, 0xD372, 0xD372, 0xD372, 0xD372, 0xD372, 0xD372, 0xD372, 0xD372, 0xD372, 0xD372, 0xD372, 0xD372, 0xD372, 0xD372,
    0xD372, 0xD372, 0xD372, 0xD372, 0xD372, 0x8A56, 0x8A56, 0x8A56, 0x8A56, 0x8A56, 0x8A56, 0x8A56, 0x8A56, 0x8A56, 0x8A56, 0x8A56,
    0x8A56, 0xD372, 0xD372, 0xD372, 0x8A56, 0x8A56, 0x8A56, 0x8A56, 0xD372, 0xD372, 0x8A56, 0x8A56, 0xD372, 0xD372, 0x8A56, 0x8A56,
    0xD372, 0xD372, 0x8A56, 0xD372, 0xD372, 0x8A56, 0x8A56, 0x8A56, 0x8A56, 0x8A56, 0x8A56, 0x8A56, 0x8A56, 0x8A56, 0x8A56, 0x8A56,
    0x8A56, 0x8A56, 0x8A56, 0x8A56, 0x8A56, 0x8A56, 0x8A56, 0x8A56, 0x8A56, 0x8A56, 0x8A56, 0x8A56, 0x8A56, 0x8A56, 0x8A56, 0x8A56,
    0x8A56, 0x8A56, 0x8A56, 0x8A56, 0x8A56, 0x8A56, 0x8A56, 0x8A56, 0x8A56, 0x8A56, 0x8A56, 0x8A56, 0x8A56, 0x8A56, 0x8A56, 0x8A56,
    0x8A56, 0x8A56, 0x8A56, 0x8A56, 0x8A56, 0x8A56, 0x8A56, 0x8A56, 0x8A56, 0x8A56, 0xD372, 0xD372, 0xD372, 0xD372, 0x8A56, 0x8A56,
    0x8A56, 0x8A56, 0x8A56, 0x8A56, 0x8A56, 0x8A56, 0x8A56, 0x8A56, 0x8A56, 0xD372, 0xD372, 0xD372, 0xD372, 0xD372, 0xD372, 0xD372,
    0xD372, 0xD372, 0xD372, 0xD372, 0xD372, 0xD372, 0xD372, 0xD372, 0xD372, 0xD372, 0xD372, 0xD372, 0xD372, 0xD372, 0xD372, 0xD372,
    0xD372, 0xD372, 0xD372, 0xD372, 0xD372, 0xD372, 0xD372, 0xD372, 0xD372, 0xD372, 0xD372, 0xD372, 0xD372, 0xD372, 0xD372, 0xD372,
    0xD372, 0xD372, 0xD372, 0xD372, 0xD372, 0xD372, 0xD372, 0xD372, 0xD372, 0xD372, 0xD372, 0xD372, 0xD372, 0xD372, 0xD372, 0xD372,
    0xD372, 0xD372, 0xD372, 0xD372, 0xD372, 0xD372, 0xD372, 0xD372, 0xD372, 0xD372, 0xD372, 0xD372, 0xD372, 0xD372, 0xD372, 0xD372,
    0xD372, 0xD372, 0xD372, 0xD372, 0xD372, 0xD372, 0xD372, 0xD372, 0xD372, 0xD372, 0xD372, 0xD372, 0xD372, 0xD372, 0xD372, 0xD372,
    0xD372, 0xD372, 0xD372, 0xD372, 0xD372, 0xD372, 0xD372, 0xD372, 0xD372, 0xD372, 0xD372, 0xD372, 0xD372, 0xD372, 0xD372, 0xD372,
    0xD372, 0xD372, 0xD372, 0xD372, 0xD372, 0xD372, 0xD372, 0xD372, 0xD372, 0xD372, 0xD372, 0xD372, 0xD372, 0xD372, 0xD372, 0xD372,
    0xD372, 0xD372, 0xD372, 0xD372, 0xD372, 0xD372, 0xD372, 0xD372, 0xD372, 0xD372, 0xD372, 0xD372, 0xD372, 0xD372, 0xD372, 0xD372,
    0xD372, 0xD372, 0xD372, 0xD372, 0xD372, 0x8A56, 0x8A56, 0x8A56, 0x8A56, 0x8A56, 0x8A56, 0x8A56, 0x8A56, 0x8A56, 0x8A56, 0x8A56,
    0x8A56, 0xD372, 0xD372, 0xD372, 0x8A56, 0x8A56, 0x8A56, 0x8A56, 0xD372, 0xD372, 0x8A56, 0x8A56, 0xD372, 0xD372, 0x8A56, 0x8A56,
    0xD372, 0xD372, 0x8A56, 0xD372, 0xD372, 0x8A56, 0x8A56, 0x8A56, 0x8A56, 0x8A56, 0x8A56, 0x8A56, 0x8A56, 0x8A56, 0x8A56, 0x8A56,
    0x8A56, 0x8A56, 0x8A56, 0x8A56, 0x8A56, 0x8A56, 0x8A56, 0x8A56, 0x8A56, 0x8A56, 0x8A56, 0x8A56, 0x8A56, 0x8A56, 0x8A56, 0x8A56,
    0x8A56, 0x8A56, 0x8A56, 0x8A56, 0x8A56, 0x8A56, 0x8A56, 0x8A56, 0x8A56, 0x8A56, 0x8A56, 0x8A56, 0x8A56, 0x8A56, 0x8A56, 0x8A56,
    0x8A56, 0x8A56, 0x8A56, 0x8A56, 0x8A56, 0x8A56, 0x8A56, 0x8A56, 0x8A56, 0x8A56, 0xD372, 0xD372, 0xD372, 0xD372, 0x8A56, 0x8A56,
    0x8A56, 0x8A56, 0x8A56, 0x8A56, 0x8A56, 0x8A56, 0x8A56, 0x8A56, 0x8A56, 0xD372, 0xD372, 0xD372, 0xD372, 0xD372, 0xD372, 0xD372,
    0xD372, 0xD372, 0xD372, 0xD372, 0xD372, 0xD372, 0xD372, 0xD372, 0xD372, 0xD372, 0xD372, 0xD372, 0xD372, 0xD372, 0xD372, 0xD372,
    0xD372, 0xD372, 0xD372, 0xD372, 0xD372, 0xD372, 0xD372, 0xD372, 0xD372, 0xD372, 0xD372, 0xD372, 0xD372, 0xD372, 0xD372, 0xD372,
    0xD372, 0xD372, 0xD372, 0xD372, 0xD372, 0xD372, 0xD372, 0xD372, 0xD372, 0xD372, 0xD372, 0xD372, 0xD372, 0xD372, 0xD372, 0xD372,
    0xD372, 0xD372, 0xD372, 0xD372, 0xD372, 0xD372, 0xD372, 0xD372, 0xD372, 0xD372, 0xD372, 0xD372, 0xD372, 0xD372, 0xD372, 0xD372,
    0xD372, 0xD372, 0xD372, 0xD372, 0xD372, 0xD372, 0xD372, 0xD372, 0xD372, 0xD372, 0xD372, 0xD372, 0xD372, 0xD372, 0xD372, 0xD372,
    0xD372, 0xD372, 0xD372, 0xD372, 0xD372, 0xD372, 0xD372, 0xD372, 0xD372, 0xD372, 0xD372, 0xD372, 0xD372, 0xD372, 0xD372, 0xD372,
    0xD372, 0xD372, 0xD372, 0xD372, 0xD372, 0xD372, 0xD372, 0xD372, 0xD372, 0xD372, 0xD372, 0xD372, 0xD372, 0xD372, 0xD372, 0xD372,
    0xD372, 0xD372, 0xD372, 0xD372, 0xD372, 0xD372, 0xD372, 0xD372, 0xD372, 0xD372, 0xD372, 0xD372, 0xD372, 0xD372, 0xD372, 0xD372,
    0xD372, 0xD372, 0xD372, 0xD372, 0xD372, 0x8A56, 0x8A56, 0xD372, 0xD372, 0x8A56, 0x8A56, 0xD372, 0xD372, 0x8A56, 0x8A56, 0xD372,
    0xD372, 0xD372, 0x8A56, 0x8A56, 0xD372, 0xD372, 0xD372, 0xD372, 0xD372, 0xD372, 0xD372, 0xD372, 0x8A56, 0x8A56, 0xD372, 0xD372,
    0x8A56, 0x8A56, 0xD372, 0x8A56, 0x8A56, 0xD372, 0xD372, 0x8A56, 0x8A56, 0xD372, 0xD372, 0x8A56, 0x8A56, 0xD372, 0xD372, 0x8A56,
    0x8A56, 0x8A56, 0x8A56, 0x8A56, 0x8A56, 0x8A56, 0x8A56, 0x8A56, 0x8A56, 0x8A56, 0x8A56, 0x8A56, 0x8A56, 0x8A56, 0x8A56, 0x8A56,
    0x8A56, 0x8A56, 0x8A56, 0x8A56, 0x8A56, 0x8A56, 0x8A56, 0x8A56, 0x8A56, 0x8A56, 0x8A56, 0x8A56, 0x8A56, 0x8A56, 0x8A56, 0x8A56,
    0x8A56, 0x8A56, 0x8A56, 0x8A56, 0x8A56, 0x8A56, 0x8A56, 0x8A56, 0x8A56, 0x8A56, 0x8A56, 0x8A56, 0xD372, 0xD372, 0xD372, 0x8A56,
    0x8A56, 0x8A56, 0x8A56, 0x8A56, 0x8A56, 0x8A56, 0x8A56, 0x8A56, 0x8A56, 0xD372, 0xD372, 0xD372, 0xD372, 0xD372, 0xD372, 0xD372,
    0xD372, 0xD372, 0xD372, 0xD372, 0xD372, 0xD372, 0xD372, 0xD372, 0xD372, 0xD372, 0xD372, 0xD372, 0xD372, 0xD372, 0xD372, 0xD372,
    0xD372, 0xD372, 0xD372, 0xD372, 0xD372, 0xD372, 0xD372, 0xD372, 0xD372, 0xD372, 0xD372, 0xD372, 0xD372, 0xD372, 0xD372, 0xD372,
    0xD372, 0xD372, 0xD372, 0xD372, 0xD372, 0xD372, 0xD372, 0xD372, 0xD372, 0xD372, 0xD372, 0xD372, 0xD372, 0xD372, 0xD372, 0xD372,
    0xD372, 0xD372, 0xD372, 0xD372, 0xD372, 0xD372, 0xD372, 0xD372, 0xD372, 0xD372, 0xD372, 0xD372, 0xD372, 0xD372, 0xD372, 0xD372,
    0xD372, 0xD372, 0xD372, 0xD372, 0xD372, 0xD372, 0xD372, 0xD372, 0xD372, 0xD372, 0xD372, 0xD372, 0xD372, 0xD372, 0xD372, 0xD372,
    0xD372, 0xD372, 0xD372, 0xD372, 0xD372, 0xD372, 0xD372, 0xD372, 0xD372, 0xD372, 0xD372, 0xD372, 0xD372, 0xD372, 0xD372, 0xD372,
    0xD372, 0xD372, 0xD372, 0xD372, 0xD372, 0xD372, 0xD372, 0xD372, 0xD372, 0xD372, 0xD372, 0xD372, 0xD372, 0xD372, 0xD372, 0xD372,
    0xD372, 0xD372, 0xD372, 0xD372, 0xD372, 0xD372, 0xD372, 0xD372, 0xD372, 0xD372, 0xD372, 0xD372, 0xD372, 0xD372, 0xD372, 0xD372,
    0xD372, 0xD372, 0xD372, 0xD372, 0xD372, 0x8A56, 0x8A56, 0xD372, 0xD372, 0x8A56, 0x8A56, 0xD372, 0xD372, 0x8A56, 0x8A56, 0xD372,
    0xD372, 0xD372, 0x8A56, 0x8A56, 0xD372, 0xD372, 0xD372, 0xD372, 0xD372, 0xD372, 0xD372, 0xD372, 0x8A56, 0x8A56, 0xD372, 0xD372,
    0x8A56, 0x8A56, 0xD372, 0x8A56, 0x8A56, 0xD372, 0xD372, 0x8A56, 0x8A56, 0xD372, 0xD372, 0x8A56, 0x8A56, 0xD372, 0xD372, 0x8A56,
    0x8A56, 0x8A56, 0x8A56, 0x8A56, 0x8A56, 0x8A56, 0x8A56, 0x8A56, 0x8A56, 0x8A56, 0x8A56, 0x8A56, 0x8A56, 0x8A56, 0x8A56, 0x8A56,
    0x8A56, 0x8A56, 0x8A56, 0x8A56, 0x8A56, 0x8A56, 0x8A56, 0x8A56, 0x8A56, 0x8A56, 0x8A56, 0x8A56, 0x8A56, 0x8A56, 0x8A56, 0x8A56,
    0x8A56, 0x8A56, 0x8A56, 0x8A56, 0x8A56, 0x8A56, 0x8A56, 0x8A56, 0x8A56, 0x8A56, 0x8A56, 0x8A56, 0xD372, 0xD372, 0xD372, 0x8A56,
    0x8A56, 0x8A56, 0x8A56, 0x8A56, 0x8A56, 0x8A56, 0x8A56, 0x8A56, 0x8A56, 0xD372, 0xD372, 0xD372, 0xD372, 0xD372, 0xD372, 0xD372,
    0xD372, 0xD372, 0xD372, 0xD372, 0xD372, 0xD372, 0xD372, 0xD372, 0xD372, 0xD372, 0xD372, 0xD372, 0xD372, 0xD372, 0xD372, 0xD372,
    0xD372, 0xD372, 0xD372, 0xD372, 0xD372, 0xD372, 0xD372, 0xD372, 0xD372, 0xD372, 0xD372, 0xD372, 0xD372, 0xD372, 0xD372, 0xD372,
    0xD372, 0xD372, 0xD372, 0xD372, 0xD372, 0xD372, 0xD372, 0xD372, 0xD372, 0xD372, 0xD372, 0xD372, 0xD372, 0xD372, 0xD372, 0xD372,
    0xD372, 0xD372, 0xD372, 0xD372, 0xD372, 0xD372, 0xD372, 0xD372, 0xD372, 0xD372, 0xD372, 0xD372, 0xD372, 0xD372, 0xD372, 0xD372,
    0xD372, 0xD372, 0xD372, 0xD372, 0xD372, 0xD372, 0xD372, 0xD372, 0xD372, 0xD372, 0xD372, 0xD372, 0xD372, 0xD372, 0xD372, 0xD372,
    0xD372, 0xD372, 0xD372, 0xD372, 0xD372, 0xD372, 0xD372, 0xD372, 0xD372, 0xD372, 0xD372, 0xD372, 0xD372, 0xD372, 0xD372, 0xD372,
    0xD372, 0xD372, 0xD372, 0xD372, 0xD372, 0xD372, 0xD372, 0xD372, 0xD372, 0xD372, 0xD372, 0xD372, 0xD372, 0xD372, 0xD372, 0xD372,
    0xD372, 0xD372, 0xD372, 0xD372, 0xD372, 0xD372, 0xD372, 0xD372, 0xD372, 0xD372, 0xD372, 0xD372, 0xD372, 0xD372, 0xD372, 0xD372,
    0xD372, 0xD372, 0xD372, 0xD372, 0xD372, 0x8A56, 0x8A56, 0x8A56, 0x8A56, 0x8A56, 0x8A56, 0x8A56, 0x8A56, 0xD372, 0xD372, 0xD372,
    0xD372, 0x8A56, 0x8A56, 0x8A56, 0xD372, 0xD372, 0x8A56, 0x8A56, 0xD372, 0xD372, 0x8A56, 0x8A56, 0xD372, 0xD372, 0x8A56, 0x8A56,
    0xD372, 0xD372, 0x8A56, 0x8A56, 0x8A56, 0x8A56, 0x8A56, 0x8A56, 0x8A56, 0x8A56, 0x8A56, 0x8A56, 0x8A56, 0x8A56, 0x8A56, 0x8A56,
    0x8A56, 0x8A56, 0x8A56, 0x8A56, 0x8A56, 0x8A56, 0x8A56, 0x8A56, 0x8A56, 0x8A56, 0x8A56, 0x8A56, 0x8A56, 0x8A56, 0x8A56, 0x8A56,
    0x8A56, 0x8A56, 0x8A56, 0x8A56, 0x8A56, 0x8A56, 0x8A56, 0x8A56, 0x8A56, 0x8A56, 0x8A56, 0x8A56, 0x8A56, 0x8A56, 0x8A56, 0x8A56,
    0x8A56, 0x8A56, 0x8A56, 0x8A56, 0x8A56, 0x8A56, 0x8A56, 0x8A56, 0x8A56, 0x8A56, 0x8A56, 0x8A56, 0x8A56, 0x8A56, 0xD372, 0xD372,
    0xD372, 0x8A56, 0x8A56, 0x8A56, 0x8A56, 0x8A56, 0x8A56, 0x8A56, 0x8A56, 0xD372, 0xD372, 0xD372, 0xD372, 0xD372, 0xD372, 0xD372,
    0xD372, 0xD372, 0xD372, 0xD372, 0xD372, 0xD372, 0xD372, 0xD372, 0xD372, 0xD372, 0xD372, 0xD372, 0xD372, 0xD372, 0xD372, 0xD372,
    0xD372, 0xD372, 0xD372, 0xD372, 0xD372, 0xD372, 0xD372, 0xD372, 0xD372, 0xD372, 0xD372, 0xD372, 0xD372, 0xD372, 0xD372, 0xD372,
    0xD372, 0xD372, 0xD372, 0xD372, 0xD372, 0xD372, 0xD372, 0xD372, 0xD372, 0xD372, 0xD372, 0xD372, 0xD372, 0xD372, 0xD372, 0xD372,
    0xD372, 0xD372, 0xD372, 0xD372, 0xD372, 0xD372, 0xD372, 0xD372, 0xD372, 0xD372, 0xD372, 0xD372, 0xD372, 0xD372, 0xD372, 0xD372,
    0xD372, 0xD372, 0xD372, 0xD372, 0xD372, 0xD372, 0xD372, 0xD372, 0xD372, 0xD372, 0xD372, 0xD372, 0xD372, 0xD372, 0xD372, 0xD372,
    0xD372, 0xD372, 0xD372, 0xD372, 0xD372, 0xD372, 0xD372, 0xD372, 0xD372, 0xD372, 0xD372, 0xD372, 0xD372, 0xD372, 0xD372, 0xD372,
    0xD372, 0xD372, 0xD372, 0xD372, 0xD372, 0xD372, 0xD372, 0xD372, 0xD372, 0xD372, 0xD372, 0xD372, 0xD372, 0xD372, 0xD372, 0xD372,
    0xD372, 0xD372, 0xD372, 0xD372, 0xD372, 0xD372, 0xD372, 0xD372, 0xD372, 0xD372, 0xD372, 0xD372, 0xD372, 0xD372, 0xD372, 0xD372,
    0xD372, 0xD372, 0xD372, 0xD372, 0xD372, 0x8A56, 0x8A56, 0x8A56, 0x8A56, 0x8A56, 0x8A56, 0x8A56, 0x8A56, 0xD372, 0xD372, 0xD372,
    0xD372, 0x8A56, 0x8A56, 0x8A56, 0xD372, 0xD372, 0x8A56, 0x8A56, 0xD372, 0xD372, 0x8A56, 0x8A56, 0xD372, 0xD372, 0x8A56, 0x8A56,
    0xD372, 0xD372, 0x8A56, 0x8A56, 0x8A56, 0x8A56, 0x8A56, 0x8A56, 0x8A56, 0x8A56, 0x8A56, 0x8A56, 0x8A56, 0x8A56, 0x8A56, 0x8A56,
    0x8A56, 0x8A56, 0x8A56, 0x8A56, 0x8A56, 0x8A56, 0x8A56, 0x8A56, 0x8A56, 0x8A56, 0x8A56, 0x8A56, 0x8A56, 0x8A56, 0x8A56, 0x8A56,
    0x8A56, 0x8A56, 0x8A56, 0x8A56, 0x8A56, 0x8A56, 0x8A56, 0x8A56, 0x8A56, 0x8A56, 0x8A56, 0x8A56, 0x8A56, 0x8A56, 0x8A56, 0x8A56,
    0x8A56, 0x8A56, 0x8A56, 0x8A56, 0x8A56, 0x8A56, 0x8A56, 0x8A56, 0x8A56, 0x8A56, 0x8A56, 0x8A56, 0x8A56, 0x8A56, 0xD372, 0xD372,
    0xD372, 0x8A56, 0x8A56, 0x8A56, 0x8A56, 0x8A56, 0x8A56, 0x8A56, 0x8A56, 0xD372, 0xD372, 0xD372, 0xD372, 0xD372, 0xD372, 0xD372,
    0xD372, 0xD372, 0xD372, 0xD372, 0xD372, 0xD372, 0xD372, 0xD372, 0xD372, 0xD372, 0xD372, 0xD372, 0xD372, 0xD372, 0xD372, 0xD372,
    0xD372, 0xD372, 0xD372, 0xD372, 0xD372, 0xD372, 0xD372, 0xD372, 0xD372, 0xD372, 0xD372, 0xD372, 0xD372, 0xD372, 0xD372, 0xD372,
    0xD372, 0xD372, 0xD372, 0xD372, 0xD372, 0xD372, 0xD372, 0xD372, 0xD372, 0xD372, 0xD372, 0xD372, 0xD372, 0xD372, 0xD372, 0xD372,
    0xD372, 0xD372, 0xD372, 0xD372, 0xD372, 0xD372, 0xD372, 0xD372, 0xD372, 0xD372, 0xD372, 0xD372, 0xD372, 0xD372, 0xD372, 0xD372,
    0xD372, 0xD372, 0xD372, 0xD372, 0xD372, 0xD372, 0xD372, 0xD372, 0xD372, 0xD372, 0xD372, 0xD372, 0xD372, 0xD372, 0xD372, 0xD372,
    0xD372, 0xD372, 0xD372, 0xD372, 0xD372, 0xD372, 0xD372, 0xD372, 0xD372, 0xD372, 0xD372, 0xD372, 0xD372, 0xD372, 0xD372, 0xD372,
    0xD372, 0xD372, 0xD372, 0xD372, 0xD372, 0xD372, 0xD372, 0xD372, 0xD372, 0xD372, 0xD372, 0xD372, 0xD372, 0xD372, 0xD372, 0xD372,
    0xD372, 0xD372, 0xD372, 0xD372, 0xD372, 0xD372, 0xD372, 0xD372, 0xD372, 0xD372, 0xD372, 0xD372, 0xD372, 0xD372, 0xD372, 0xD372,
    0xD372, 0xD372, 0xD372, 0xD372, 0xD372, 0x8A56, 0x8A56, 0xD372, 0xD372, 0x8A56, 0x8A56, 0xD372, 0xD372, 0xD372, 0xD372, 0x8A56,
    0x8A56, 0xD372, 0xD372, 0xD372, 0xD372, 0xD372, 0xD372, 0xD372, 0x8A56, 0x8A56, 0xD372, 0xD372, 0x8A56, 0x8A56, 0xD372, 0xD372,
    0x8A56, 0x8A56, 0xD372, 0x8A56, 0x8A56, 0xD372, 0xD372, 0x8A56, 0x8A56, 0x8A56, 0x8A56, 0x8A56, 0x8A56, 0x8A56, 0x8A56, 0x8A56,
    0x8A56, 0x8A56, 0x8A56, 0x8A56, 0x8A56, 0x8A56, 0x8A56, 0x8A56, 0x8A56, 0x8A56, 0x8A56, 0x8A56, 0x8A56, 0x8A56, 0x8A56, 0x8A56,
    0x8A56, 0x8A56, 0x8A56, 0x8A56, 0x8A56, 0x8A56, 0x8A56, 0x8A56, 0x8A56, 0x8A56, 0x8A56, 0x8A56, 0x8A56, 0x8A56, 0x8A56, 0x8A56,
    0x8A56, 0x8A56, 0x8A56, 0x8A56, 0x8A56, 0x8A56, 0x8A56, 0x8A56, 0x8A56, 0x8A56, 0x8A56, 0x8A56, 0x8A56, 0x8A56, 0x8A56, 0xD372,
    0xD372, 0xD372, 0xD372, 0x8A56, 0x8A56, 0x8A56, 0x8A56, 0x8A56, 0x8A56, 0xD372, 0xD372, 0xD372, 0xD372, 0xD372, 0xD372, 0xD372,
    0xD372, 0xD372, 0xD372, 0xD372, 0xD372, 0xD372, 0xD372, 0xD372, 0xD372, 0xD372, 0xD372, 0xD372, 0xD372, 0xD372, 0xD372, 0xD372,
    0xD372, 0xD372, 0xD372, 0xD372, 0xD372, 0xD372, 0xD372, 0xD372, 0xD372, 0xD372, 0xD372, 0xD372, 0xD372, 0xD372, 0xD372, 0xD372,
    0xD372, 0xD372, 0xD372, 0xD372, 0xD372, 0xD372, 0xD372, 0xD372, 0xD372, 0xD372, 0xD372, 0xD372, 0xD372, 0xD372, 0xD372, 0xD372,
    0xD372, 0xD372, 0xD372, 0xD372, 0xD372, 0xD372, 0xD372, 0xD372, 0xD372, 0xD372, 0xD372, 0xD372, 0xD372, 0xD372, 0xD372, 0xD372,
    0xD372, 0xD372, 0xD372, 0xD372, 0xD372, 0xD372, 0xD372, 0xD372, 0xD372, 0xD372, 0xD372, 0xD372, 0xD372, 0xD372, 0xD372, 0xD372,
    0xD372, 0xD372, 0xD372, 0xD372, 0xD372, 0xD372, 0xD372, 0xD372, 0xD372, 0xD372, 0xD372, 0xD372, 0xD372, 0xD372, 0xD372, 0xD372,
    0xD372, 0xD372, 0xD372, 0xD372, 0xD372, 0xD372, 0xD372, 0xD372, 0xD372, 0xD372, 0xD372, 0xD372, 0xD372, 0xD372, 0xD372, 0xD372,
    0xD372, 0xD372, 0xD372, 0xD372, 0xD372, 0xD372, 0xD372, 0xD372, 0xD372, 0xD372, 0xD372, 0xD372, 0xD372, 0xD372, 0xD372, 0xD372,
    0xD372, 0xD372, 0xD372, 0xD372, 0xD372, 0x8A56, 0x8A56, 0xD372, 0xD372, 0x8A56, 0x8A56, 0xD372, 0xD372, 0xD372, 0xD372, 0x8A56,
    0x8A56, 0xD372, 0xD372, 0xD372, 0xD372, 0xD372, 0xD372, 0xD372, 0x8A56, 0x8A56, 0xD372, 0xD372, 0x8A56, 0x8A56, 0xD372, 0xD372,
    0x8A56, 0x8A56, 0xD372, 0x8A56, 0x8A56, 0xD372, 0xD372, 0x8A56, 0x8A56, 0x8A56, 0x8A56, 0x8A56, 0x8A56, 0x8A56, 0x8A56, 0x8A56,
    0x8A56, 0x8A56, 0x8A56, 0x8A56, 0x8A56, 0x8A56, 0x8A56, 0x8A56, 0x8A56, 0x8A56, 0x8A56, 0x8A56, 0x8A56, 0x8A56, 0x8A56, 0x8A56,
    0x8A56, 0x8A56, 0x8A56, 0x8A56, 0x8A56, 0x8A56, 0x8A56, 0x8A56, 0x8A56, 0x8A56, 0x8A56, 0x8A56, 0x8A56, 0x8A56, 0x8A56, 0x8A56,
    0x8A56, 0x8A56, 0x8A56, 0x8A56, 0x8A56, 0x8A56, 0x8A56, 0x8A56, 0x8A56, 0x8A56, 0x8A56, 0x8A56, 0x8A56, 0x8A56, 0x8A56, 0xD372,
    0xD372, 0xD372, 0xD372, 0x8A56, 0x8A56, 0x8A56, 0x8A56, 0x8A56, 0x8A56, 0xD372, 0xD372, 0xD372, 0xD372, 0xD372, 0xD372, 0xD372,
    0xD372, 0xD372, 0xD372, 0xD372, 0xD372, 0xD372, 0xD372, 0xD372, 0xD372, 0xD372, 0xD372, 0xD372, 0xD372, 0xD372, 0xD372, 0xD372,
    0xD372, 0xD372, 0xD372, 0xD372, 0xD372, 0xD372, 0xD372, 0xD372, 0xD372, 0xD372, 0xD372, 0xD372, 0xD372, 0xD372, 0xD372, 0xD372,
    0xD372, 0xD372, 0xD372, 0xD372, 0xD372, 0xD372, 0xD372, 0xD372, 0xD372, 0xD372, 0xD372, 0xD372, 0xD372, 0xD372, 0xD372, 0xD372,
    0xD372, 0xD372, 0xD372, 0xD372, 0xD372, 0xD372, 0xD372, 0xD372, 0xD372, 0xD372, 0xD372, 0xD372, 0xD372, 0xD372, 0xD372, 0xD372,
    0xD372, 0xD372, 0xD372, 0xD372, 0xD372, 0xD372, 0xD372, 0xD372, 0xD372, 0xD372, 0xD372, 0xD372, 0xD372, 0xD372, 0xD372, 0xD372,
    0xD372, 0xD372, 0xD372, 0xD372, 0xD372, 0xD372, 0xD372, 0xD372, 0xD372, 0xD372, 0xD372, 0xD372, 0xD372, 0xD372, 0xD372, 0xD372,
    0xD372, 0xD372, 0xD372, 0xD372, 0xD372, 0xD372, 0xD372, 0xD372, 0xD372, 0xD372, 0xD372, 0xD372, 0xD372, 0xD372, 0xD372, 0xD372,
    0xD372, 0xD372, 0xD372, 0xD372, 0xD372, 0xD372, 0xD372, 0xD372, 0xD372, 0xD372, 0xD372, 0xD372, 0xD372, 0xD372, 0xD372, 0xD372,
    0xD372, 0xD372, 0xD372, 0xD372, 0xD372, 0x8A56, 0x8A56, 0x8A56, 0x8A56, 0xD372, 0xD372, 0xD372, 0xD372, 0x8A56, 0x8A56, 0x8A56,
    0x8A56, 0xD372, 0x8A56, 0x8A56, 0xD372, 0xD372, 0x8A56, 0x8A56, 0x8A56, 0x8A56, 0x8A56, 0x8A56, 0x8A56, 0x8A56, 0x8A56, 0x8A56,
    0x8A56, 0x8A56, 0x8A56, 0x8A56, 0x8A56, 0x8A56, 0x8A56, 0x8A56, 0x8A56, 0x8A56, 0x8A56, 0x8A56, 0x8A56, 0x8A56, 0x8A56, 0x8A56,
    0x8A56, 0x8A56, 0x8A56, 0x8A56, 0x8A56, 0x8A56, 0x8A56, 0x8A56, 0x8A56, 0x8A56, 0x8A56, 0x8A56, 0x8A56, 0x8A56, 0x8A56, 0x8A56,
    0x8A56, 0x8A56, 0x8A56, 0x8A56, 0x8A56, 0x8A56, 0x8A56, 0x8A56, 0x8A56, 0x8A56, 0x8A56, 0x8A56, 0x8A56, 0x8A56, 0x8A56, 0x8A56,
    0x8A56, 0x8A56, 0x8A56, 0x8A56, 0x8A56, 0x8A56, 0x8A56, 0x8A56, 0x8A56, 0x8A56, 0x8A56, 0x8A56, 0x8A56, 0x8A56, 0x8A56, 0x8A56,
    0x8A56, 0xD372, 0xD372, 0xD372, 0xD372, 0x8A56, 0x8A56, 0x8A56, 0x8A56, 0xD372, 0xD372, 0xD372, 0xD372, 0xD372, 0xD372, 0xD372,
    0xD372, 0xD372, 0xD372, 0xD372, 0xD372, 0xD372, 0xD372, 0xD372, 0xD372, 0xD372, 0xD372, 0xD372, 0xD372, 0xD372, 0xD372, 0xD372,
    0xD372, 0xD372, 0xD372, 0xD372, 0xD372, 0xD372, 0xD372, 0xD372, 0xD372, 0xD372, 0xD372, 0xD372, 0xD372, 0xD372, 0xD372, 0xD372,
    0xD372, 0xD372, 0xD372, 0xD372, 0xD372, 0xD372, 0xD372, 0xD372, 0xD372, 0xD372, 0xD372, 0xD372, 0xD372, 0xD372, 0xD372, 0xD372,
    0xD372, 0xD372, 0xD372, 0xD372, 0xD372, 0xD372, 0xD372, 0xD372, 0xD372, 0xD372, 0xD372, 0xD372, 0xD372, 0xD372, 0xD372, 0xD372,
    0xD372, 0xD372, 0xD372, 0xD372, 0xD372, 0xD372, 0xD372, 0xD372, 0xD372, 0xD372, 0xD372, 0xD372, 0xD372, 0xD372, 0xD372, 0xD372,
    0xD372, 0xD372, 0xD372, 0xD372, 0xD372, 0xD372, 0xD372, 0xD372, 0xD372, 0xD372, 0xD372, 0xD372, 0xD372, 0xD372, 0xD372, 0xD372,
    0xD372, 0xD372, 0xD372, 0xD372, 0xD372, 0xD372, 0xD372, 0xD372, 0xD372, 0xD372, 0xD372, 0xD372, 0xD372, 0xD372, 0xD372, 0xD372,
    0xD372, 0xD372, 0xD372, 0xD372, 0xD372, 0xD372, 0xD372, 0xD372, 0xD372, 0xD372, 0xD372, 0xD372, 0xD372, 0xD372, 0xD372, 0xD372,
    0xD372, 0xD372, 0xD372, 0xD372, 0xD372, 0x8A56, 0x8A56, 0x8A56, 0x8A56, 0xD372, 0xD372, 0xD372, 0xD372, 0x8A56, 0x8A56, 0x8A56,
    0x8A56, 0xD372, 0x8A56, 0x8A56, 0xD372, 0xD372, 0x8A56, 0x8A56, 0x8A56, 0x8A56, 0x8A56, 0x8A56, 0x8A56, 0x8A56, 0x8A56, 0x8A56,
    0x8A56, 0x8A56, 0x8A56, 0x8A56, 0x8A56, 0x8A56, 0x8A56, 0x8A56, 0x8A56, 0x8A56, 0x8A56, 0x8A56, 0x8A56, 0x8A56, 0x8A56, 0x8A56,
    0x8A56, 0x8A56, 0x8A56, 0x8A56, 0x8A56, 0x8A56, 0x8A56, 0x8A56, 0x8A56, 0x8A56, 0x8A56, 0x8A56, 0x8A56, 0x8A56, 0x8A56, 0x8A56,
    0x8A56, 0x8A56, 0x8A56, 0x8A56, 0x8A56, 0x8A56, 0x8A56, 0x8A56, 0x8A56, 0x8A56, 0x8A56, 0x8A56, 0x8A56, 0x8A56, 0x8A56, 0x8A56,
    0x8A56, 0x8A56, 0x8A56, 0x8A56, 0x8A56, 0x8A56, 0x8A56, 0x8A56, 0x8A56, 0x8A56, 0x8A56, 0x8A56, 0x8A56, 0x8A56, 0x8A56, 0x8A56,
    0x8A56, 0xD372, 0xD372, 0xD372, 0xD372, 0x8A56, 0x8A56, 0x8A56, 0x8A56, 0xD372, 0xD372, 0xD372, 0xD372, 0xD372, 0xD372, 0xD372,
    0xD372, 0xD372, 0xD372, 0xD372, 0xD372, 0xD372, 0xD372, 0xD372, 0xD372, 0xD372, 0xD372, 0xD372, 0xD372, 0xD372, 0xD372, 0xD372,
    0xD372, 0xD372, 0xD372, 0xD372, 0xD372, 0xD372, 0xD372, 0xD372, 0xD372, 0xD372, 0xD372, 0xD372, 0xD372, 0xD372, 0xD372, 0xD372,
    0xD372, 0xD372, 0xD372, 0xD372, 0xD372, 0xD372, 0xD372, 0xD372, 0xD372, 0xD372, 0xD372, 0xD372, 0xD372, 0xD372, 0xD372, 0xD372,
    0xD372, 0xD372, 0xD372, 0xD372, 0xD372, 0xD372, 0xD372, 0xD372, 0xD372, 0xD372, 0xD372, 0xD372, 0xD372, 0xD372, 0xD372, 0xD372,
    0xD372, 0xD372, 0xD372, 0xD372, 0xD372, 0xD372, 0xD372, 0xD372, 0xD372, 0xD372, 0xD372, 0xD372, 0xD372, 0xD372, 0xD372, 0xD372,
    0xD372, 0xD372, 0xD372, 0xD372, 0xD372, 0xD372, 0xD372, 0xD372, 0xD372, 0xD372, 0xD372, 0xD372, 0xD372, 0xD372, 0xD372, 0xD372,
    0xD372, 0xD372, 0xD372, 0xD372, 0xD372, 0xD372, 0xD372, 0xD372, 0xD372, 0xD372, 0xD372, 0xD372, 0xD372, 0xD372, 0xD372, 0xD372,
    0xD372, 0xD372, 0xD372, 0xD372, 0xD372, 0xD372, 0xD372, 0xD372, 0xD372, 0xD372, 0xD372, 0xD372, 0xD372, 0xD372, 0xD372, 0xD372,
    0xD372, 0xD372, 0xD372, 0xD372, 0xD372, 0xD372, 0xD372, 0xD372, 0xD372, 0xD372, 0xD372, 0x8A56, 0x8A56, 0xD372, 0xD372, 0xD372,
    0xD372, 0xD372, 0xD372, 0xD372, 0x8A56, 0x8A56, 0x8A56, 0x8A56, 0xD372, 0xD372, 0xD372, 0xD372, 0xD372, 0xD372, 0xD372, 0xD372,
    0x8A56, 0x8A56, 0x8A56, 0x8A56, 0x8A56, 0x8A56, 0x8A56, 0x8A56, 0x8A56, 0x8A56, 0x8A56, 0x8A56, 0x8A56, 0x8A56, 0x8A56, 0x8A56,
    0x8A56, 0x8A56, 0x8A56, 0x8A56, 0x8A56, 0x8A56, 0x8A56, 0x8A56, 0x8A56, 0x8A56, 0x8A56, 0x8A56, 0x8A56, 0x8A56, 0x8A56, 0x8A56,
    0x8A56, 0x8A56, 0x8A56, 0x8A56, 0x8A56, 0x8A56, 0x8A56, 0x8A56, 0x8A56, 0x8A56, 0x8A56, 0x8A56, 0x8A56, 0x8A56, 0x8A56, 0xD372,
    0xD372, 0xD372, 0xD372, 0xD372, 0xD372, 0xD372, 0x8A56, 0x8A56, 0x8A56, 0x8A56, 0x8A56, 0x8A56, 0x8A56, 0x8A56, 0x8A56, 0x8A56,
    0x8A56, 0x8A56, 0x8A56, 0xD372, 0xD372, 0xD372, 0xD372, 0xD372, 0xD372, 0xD372, 0xD372, 0xD372, 0xD372, 0xD372, 0xD372, 0xD372,
    0xD372, 0xD372, 0xD372, 0xD372, 0xD372, 0xD372, 0xD372, 0xD372, 0xD372, 0xD372, 0xD372, 0xD372, 0xD372, 0xD372, 0xD372, 0xD372,
    0xD372, 0xD372, 0xD372, 0xD372, 0xD372, 0xD372, 0xD372, 0xD372, 0xD372, 0xD372, 0xD372, 0xD372, 0xD372, 0xD372, 0xD372, 0xD372,
    0xD372, 0xD372, 0xD372, 0xD372, 0xD372, 0xD372, 0xD372, 0xD372, 0xD372, 0xD372, 0xD372, 0xD372, 0xD372, 0xD372, 0xD372, 0xD372,
    0xD372, 0xD372, 0xD372, 0xD372, 0xD372, 0xD372, 0xD372, 0xD372, 0xD372, 0xD372, 0xD372, 0xD372, 0xD372, 0xD372, 0xD372, 0xD372,
    0xD372, 0xD372, 0xD372, 0xD372, 0xD372, 0xD372, 0xD372, 0xD372, 0xD372, 0xD372, 0xD372, 0xD372, 0xD372, 0xD372, 0xD372, 0xD372,
    0xD372, 0xD372, 0xD372, 0xD372, 0xD372, 0xD372, 0xD372, 0xD372, 0xD372, 0xD372, 0xD372, 0xD372, 0xD372, 0xD372, 0xD372, 0xD372,
    0xD372, 0xD372, 0xD372, 0xD372, 0xD372, 0xD372, 0xD372, 0xD372, 0xD372, 0xD372, 0xD372, 0xD372, 0xD372, 0xD372, 0xD372, 0xD372,
    0xD372, 0xD372, 0xD372, 0xD372, 0xD372, 0xD372, 0xD372, 0xD372, 0xD372, 0xD372, 0xD372, 0xD372, 0xD372, 0xD372, 0xD372, 0xD372,
    0xD372, 0xD372, 0xD372, 0xD372, 0xD372, 0xD372, 0xD372, 0xD372, 0xD372, 0xD372, 0xD372, 0x8A56, 0x8A56, 0xD372, 0xD372, 0xD372,
    0xD372, 0xD372, 0xD372, 0xD372, 0x8A56, 0x8A56, 0x8A56, 0x8A56, 0xD372, 0xD372, 0xD372, 0xD372, 0xD372, 0xD372, 0xD372, 0xD372,
    0x8A56, 0x8A56, 0x8A56, 0x8A56, 0x8A56, 0x8A56, 0x8A56, 0x8A56, 0x8A56, 0x8A56, 0x8A56, 0x8A56, 0x8A56, 0x8A56, 0x8A56, 0x8A56,
    0x8A56, 0x8A56, 0x8A56, 0x8A56, 0x8A56, 0x8A56, 0x8A56, 0x8A56, 0x8A56, 0x8A56, 0x8A56, 0x8A56, 0x8A56, 0x8A56, 0x8A56, 0x8A56,
    0x8A56, 0x8A56, 0x8A56, 0x8A56, 0x8A56, 0x8A56, 0x8A56, 0x8A56, 0x8A56, 0x8A56, 0x8A56, 0x8A56, 0x8A56, 0x8A56, 0x8A56, 0xD372,
    0xD372, 0xD372, 0xD372, 0xD372, 0xD372, 0xD372, 0x8A56, 0x8A56, 0x8A56, 0x8A56, 0x8A56, 0x8A56, 0x8A56, 0x8A56, 0x8A56, 0x8A56,
    0x8A56, 0x8A56, 0x8A56, 0xD372, 0xD372, 0xD372, 0xD372, 0xD372, 0xD372, 0xD372, 0xD372, 0xD372, 0xD372, 0xD372, 0xD372, 0xD372,
    0xD372, 0xD372, 0xD372, 0xD372, 0xD372, 0xD372, 0xD372, 0xD372, 0xD372, 0xD372, 0xD372, 0xD372, 0xD372, 0xD372, 0xD372, 0xD372,
    0xD372, 0xD372, 0xD372, 0xD372, 0xD372, 0xD372, 0xD372, 0xD372, 0xD372, 0xD372, 0xD372, 0xD372, 0xD372, 0xD372, 0xD372, 0xD372,
    0xD372, 0xD372, 0xD372, 0xD372, 0xD372, 0xD372, 0xD372, 0xD372, 0xD372, 0xD372, 0xD372, 0xD372, 0xD372, 0xD372, 0xD372, 0xD372,
    0xD372, 0xD372, 0xD372, 0xD372, 0xD372, 0xD372, 0xD372, 0xD372, 0xD372, 0xD372, 0xD372, 0xD372, 0xD372, 0xD372, 0xD372, 0xD372,
    0xD372, 0xD372, 0xD372, 0xD372, 0xD372, 0xD372, 0xD372, 0xD372, 0xD372, 0xD372, 0xD372, 0xD372, 0xD372, 0xD372, 0xD372, 0xD372,
    0xD372, 0xD372, 0xD372, 0xD372, 0xD372, 0xD372, 0xD372, 0xD372, 0xD372, 0xD372, 0xD372, 0xD372, 0xD372, 0xD372, 0xD372, 0xD372,
    0xD372, 0xD372, 0xD372, 0xD372, 0xD372, 0xD372, 0xD372, 0xD372, 0xD372, 0xD372, 0xD372, 0xD372, 0xD372, 0xD372, 0xD372, 0xD372,
    0xD372, 0xD372, 0xD372, 0xD372, 0xD372, 0xD372, 0xD372, 0xD372, 0xD372, 0xD372, 0xD372, 0xD372, 0xD372, 0xD372, 0xD372, 0xD372,
    0xD372, 0xD372, 0xD372, 0xD372, 0xD372, 0xD372, 0xD372, 0xD372, 0xD372, 0x8A56, 0x8A56, 0x8A56, 0x8A56, 0xD372, 0xD372, 0x8A56,
    0x8A56, 0xD372, 0x8A56, 0x8A56, 0xD372, 0xD372, 0xD372, 0xD372, 0xD372, 0xD372, 0xD372, 0xD372, 0xD372, 0xD372, 0xD372, 0xD372,
    0xD372, 0xD372, 0xD372, 0x8A56, 0x8A56, 0x8A56, 0x8A56, 0x8A56, 0x8A56, 0x8A56, 0x8A56, 0x8A56, 0x8A56, 0x8A56, 0x8A56, 0x8A56,
    0x8A56, 0x8A56, 0x8A56, 0x8A56, 0x8A56, 0x8A56, 0x8A56, 0x8A56, 0x8A56, 0x8A56, 0x8A56, 0x8A56, 0x8A56, 0x8A56, 0x8A56, 0x8A56,
    0x8A56, 0x8A56, 0x8A56, 0x8A56, 0x8A56, 0x8A56, 0x8A56, 0x8A56, 0x8A56, 0x8A56, 0x8A56, 0xD372, 0xD372, 0xD372, 0xD372, 0xD372,
    0xD372, 0xD372, 0xD372, 0xD372, 0xD372, 0xD372, 0xD372, 0xD372, 0xD372, 0xD372, 0x8A56, 0x8A56, 0x8A56, 0x8A56, 0x8A56, 0x8A56,
    0x8A56, 0x8A56, 0x8A56, 0x8A56, 0x8A56, 0xD372, 0xD372, 0xD372, 0xD372, 0xD372, 0xD372, 0xD372, 0xD372, 0xD372, 0xD372, 0xD372,
    0xD372, 0xD372, 0xD372, 0xD372, 0xD372, 0xD372, 0xD372, 0xD372, 0xD372, 0xD372, 0xD372, 0xD372, 0xD372, 0xD372, 0xD372, 0xD372,
    0xD372, 0xD372, 0xD372, 0xD372, 0xD372, 0xD372, 0xD372, 0xD372, 0xD372, 0xD372, 0xD372, 0xD372, 0xD372, 0xD372, 0xD372, 0xD372,
    0xD372, 0xD372, 0xD372, 0xD372, 0xD372, 0xD372, 0xD372, 0xD372, 0xD372, 0xD372, 0xD372, 0xD372, 0xD372, 0xD372, 0xD372, 0xD372,
    0xD372, 0xD372, 0xD372, 0xD372, 0xD372, 0xD372, 0xD372, 0xD372, 0xD372, 0xD372, 0xD372, 0xD372, 0xD372, 0xD372, 0xD372, 0xD372,
    0xD372, 0xD372, 0xD372, 0xD372, 0xD372, 0xD372, 0xD372, 0xD372, 0xD372, 0xD372, 0xD372, 0xD372, 0xD372, 0xD372, 0xD372, 0xD372,
    0xD372, 0xD372, 0xD372, 0xD372, 0xD372, 0xD372, 0xD372, 0xD372, 0xD372, 0xD372, 0xD372, 0xD372, 0xD372, 0xD372, 0xD372, 0xD372,
    0xD372, 0xD372, 0xD372, 0xD372, 0xD372, 0xD372, 0xD372, 0xD372, 0xD372, 0xD372, 0xD372, 0xD372, 0xD372, 0xD372, 0xD372, 0xD372,
    0xD372, 0xD372, 0xD372, 0xD372, 0xD372, 0xD372, 0xD372, 0xD372, 0xD372, 0xD372, 0xD372, 0xD372, 0xD372, 0xD372, 0xD372, 0xD372,
    0xD372, 0xD372, 0xD372, 0xD372, 0xD372, 0xD372, 0xD372, 0x8A56, 0x8A56, 0xD372, 0xD372, 0xD372, 0xD372, 0x8A56, 0x8A56, 0xD372,
    0xD372, 0x8A56, 0xD372, 0xD372, 0xD372, 0xD372, 0xD372, 0xD372, 0xD372, 0xD372, 0xD372, 0xD372, 0xD372, 0xD372, 0xD372, 0xD372,
    0xD372, 0xD372, 0xD372, 0xD372, 0xD372, 0x8A56, 0x8A56, 0x8A56, 0x8A56, 0x8A56, 0x8A56, 0x8A56, 0x8A56, 0x8A56, 0x8A56, 0x8A56,
    0x8A56, 0x8A56, 0x8A56, 0x8A56, 0x8A56, 0x8A56, 0x8A56, 0x8A56, 0x8A56, 0x8A56, 0x8A56, 0x8A56, 0x8A56, 0x8A56, 0x8A56, 0x8A56,
    0x8A56, 0x8A56, 0x8A56, 0x8A56, 0x8A56, 0x8A56, 0x8A56, 0x8A56, 0x8A56, 0xD372, 0xD372, 0xD372, 0xD372, 0xD372, 0xD372, 0xD372,
    0xD372, 0xD372, 0xD372, 0xD372, 0xD372, 0xD372, 0xD372, 0xD372, 0xD372, 0xD372, 0xD372, 0xD372, 0x8A56, 0x8A56, 0x8A56, 0x8A56,
    0x8A56, 0x8A56, 0x8A56, 0x8A56, 0x8A56, 0x8A56, 0x8A56, 0xD372, 0xD372, 0xD372, 0xD372, 0xD372, 0xD372, 0xD372, 0xD372, 0xD372,
    0xD372, 0xD372, 0xD372, 0xD372, 0xD372, 0xD372, 0xD372, 0xD372, 0xD372, 0xD372, 0xD372, 0xD372, 0xD372, 0xD372, 0xD372, 0xD372,
    0xD372, 0xD372, 0xD372, 0xD372, 0xD372, 0xD372, 0xD372, 0xD372, 0xD372, 0xD372, 0xD372, 0xD372, 0xD372, 0xD372, 0xD372, 0xD372,
    0xD372, 0xD372, 0xD372, 0xD372, 0xD372, 0xD372, 0xD372, 0xD372, 0xD372, 0xD372, 0xD372, 0xD372, 0xD372, 0xD372, 0xD372, 0xD372,
    0xD372, 0xD372, 0xD372, 0xD372, 0xD372, 0xD372, 0xD372, 0xD372, 0xD372, 0xD372, 0xD372, 0xD372, 0xD372, 0xD372, 0xD372, 0xD372,
    0xD372, 0xD372, 0xD372, 0xD372, 0xD372, 0xD372, 0xD372, 0xD372, 0xD372, 0xD372, 0xD372, 0xD372, 0xD372, 0xD372, 0xD372, 0xD372,
    0xD372, 0xD372, 0xD372, 0xD372, 0xD372, 0xD372, 0xD372, 0xD372, 0xD372, 0xD372, 0xD372, 0xD372, 0xD372, 0xD372, 0xD372, 0xD372,
    0xD372, 0xD372, 0xD372, 0xD372, 0xD372, 0xD372, 0xD372, 0xD372, 0xD372, 0xD372, 0xD372, 0xD372, 0xD372, 0xD372, 0xD372, 0xD372,
    0xD372, 0xD372, 0xD372, 0xD372, 0xD372, 0xD372, 0xD372, 0xD372, 0xD372, 0xD372, 0xD372, 0xD372, 0xD372, 0xD372, 0xD372, 0xD372,
    0xD372, 0xD372, 0xD372, 0xD372, 0xD372, 0xD372, 0xD372, 0x8A56, 0x8A56, 0xD372, 0xD372, 0xD372, 0xD372, 0x8A56, 0x8A56, 0xD372,
    0xD372, 0x8A56, 0xD372, 0xD372, 0xD372, 0xD372, 0xD372, 0xD372, 0xD372, 0xD372, 0xD372, 0xD372, 0xD372, 0xD372, 0xD372, 0xD372,
    0xD372, 0xD372, 0xD372, 0xD372, 0xD372, 0x8A56, 0x8A56, 0x8A56, 0x8A56, 0x8A56, 0x8A56, 0x8A56, 0x8A56, 0x8A56, 0x8A56, 0x8A56,
    0x8A56, 0x8A56, 0x8A56, 0x8A56, 0x8A56, 0x8A56, 0x8A56, 0x8A56, 0x8A56, 0x8A56, 0x8A56, 0x8A56, 0x8A56, 0x8A56, 0x8A56, 0x8A56,
    0x8A56, 0x8A56, 0x8A56, 0x8A56, 0x8A56, 0x8A56, 0x8A56, 0x8A56, 0x8A56, 0xD372, 0xD372, 0xD372, 0xD372, 0xD372, 0xD372, 0xD372,
    0xD372, 0xD372, 0xD372, 0xD372, 0xD372, 0xD372, 0xD372, 0xD372, 0xD372, 0xD372, 0xD372, 0xD372, 0x8A56, 0x8A56, 0x8A56, 0x8A56,
    0x8A56, 0x8A56, 0x8A56, 0x8A56, 0x8A56, 0x8A56, 0x8A56, 0xD372, 0xD372, 0xD372, 0xD372, 0xD372, 0xD372, 0xD372, 0xD372, 0xD372,
    0xD372, 0xD372, 0xD372, 0xD372, 0xD372, 0xD372, 0xD372, 0xD372, 0xD372, 0xD372, 0xD372, 0xD372, 0xD372, 0xD372, 0xD372, 0xD372,
    0xD372, 0xD372, 0xD372, 0xD372, 0xD372, 0xD372, 0xD372, 0xD372, 0xD372, 0xD372, 0xD372, 0xD372, 0xD372, 0xD372, 0xD372, 0xD372,
    0xD372, 0xD372, 0xD372, 0xD372, 0xD372, 0xD372, 0xD372, 0xD372, 0xD372, 0xD372, 0xD372, 0xD372, 0xD372, 0xD372, 0xD372, 0xD372,
    0xD372, 0xD372, 0xD372, 0xD372, 0xD372, 0xD372, 0xD372, 0xD372, 0xD372, 0xD372, 0xD372, 0xD372, 0xD372, 0xD372, 0xD372, 0xD372,
    0xD372, 0xD372, 0xD372, 0xD372, 0xD372, 0xD372, 0xD372, 0xD372, 0xD372, 0xD372, 0xD372, 0xD372, 0xD372, 0xD372, 0xD372, 0xD372,
    0xD372, 0xD372, 0xD372, 0xD372, 0xD372, 0xD372, 0xD372, 0xD372, 0xD372, 0xD372, 0xD372, 0xD372, 0xD372, 0xD372, 0xD372, 0xD372,
    0xD372, 0xD372, 0xD372, 0xD372, 0xD372, 0xD372, 0xD372, 0xD372, 0xD372, 0xD372, 0xD372, 0xD372, 0xD372, 0xD372, 0xD372, 0xD372,
    0xD372, 0xD372, 0xD372, 0xD372, 0xD372, 0xD372, 0xD372, 0xD372, 0xD372, 0xD372, 0xD372, 0xD372, 0xD372, 0xD372, 0xD372, 0xD372,
    0xD372, 0xD372, 0xD372, 0xD372, 0xD372, 0x8A56, 0x8A56, 0x8A56, 0x8A56, 0xD372, 0xD372, 0x8A56, 0x8A56, 0xD372, 0xD372, 0x8A56,
    0x8A56, 0x8A56, 0xD372, 0xD372, 0xD372, 0xD372, 0xD372, 0xD372, 0x8A56, 0x8A56, 0x8A56, 0x8A56, 0x8A56, 0x8A56, 0x8A56, 0x8A56,
    0xD372, 0xD372, 0xD372, 0xD372, 0xD372, 0x8A56, 0x8A56, 0x8A56, 0x8A56, 0x8A56, 0x8A56, 0x8A56, 0x8A56, 0x8A56, 0x8A56, 0x8A56,
    0x8A56, 0x8A56, 0x8A56, 0x8A56, 0x8A56, 0x8A56, 0x8A56, 0x8A56, 0x8A56, 0x8A56, 0x8A56, 0x8A56, 0x8A56, 0x8A56, 0x8A56, 0x8A56,
    0x8A56, 0x8A56, 0x8A56, 0x8A56, 0x8A56, 0x8A56, 0x8A56, 0x8A56, 0x8A56, 0xD372, 0xD372, 0xD372, 0xD372, 0xD372, 0xD372, 0x8A56,
    0x8A56, 0x8A56, 0x8A56, 0x8A56, 0x8A56, 0x8A56, 0xD372, 0xD372, 0xD372, 0xD372, 0xD372, 0xD372, 0x8A56, 0x8A56, 0x8A56, 0x8A56,
    0x8A56, 0x8A56, 0x8A56, 0x8A56, 0x8A56, 0x8A56, 0x8A56, 0x8A56, 0x8A56, 0xD372, 0xD372, 0xD372, 0xD372, 0xD372, 0xD372, 0xD372,
    0xD372, 0xD372, 0xD372, 0xD372, 0xD372, 0xD372, 0xD372, 0xD372, 0xD372, 0xD372, 0xD372, 0xD372, 0xD372, 0xD372, 0xD372, 0xD372,
    0xD372, 0xD372, 0xD372, 0xD372, 0xD372, 0xD372, 0xD372, 0xD372, 0xD372, 0xD372, 0xD372, 0xD372, 0xD372, 0xD372, 0xD372, 0xD372,
    0xD372, 0xD372, 0xD372, 0xD372, 0xD372, 0xD372, 0xD372, 0xD372, 0xD372, 0xD372, 0xD372, 0xD372, 0xD372, 0xD372, 0xD372, 0xD372,
    0xD372, 0xD372, 0xD372, 0xD372, 0xD372, 0xD372, 0xD372, 0xD372, 0xD372, 0xD372, 0xD372, 0xD372, 0xD372, 0xD372, 0xD372, 0xD372,
    0xD372, 0xD372, 0xD372, 0xD372, 0xD372, 0xD372, 0xD372, 0xD372, 0xD372, 0xD372, 0xD372, 0xD372, 0xD372, 0xD372, 0xD372, 0xD372,
    0xD372, 0xD372, 0xD372, 0xD372, 0xD372, 0xD372, 0xD372, 0xD372, 0xD372, 0xD372, 0xD372, 0xD372, 0xD372, 0xD372, 0xD372, 0xD372,
    0xD372, 0xD372, 0xD372, 0xD372, 0xD372, 0xD372, 0xD372, 0xD372, 0xD372, 0xD372, 0xD372, 0xD372, 0xD372, 0xD372, 0xD372, 0xD372,
    0xD372, 0xD372, 0xD372, 0xD372, 0xD372, 0xD372, 0xD372, 0xD372, 0xD372, 0xD372, 0xD372, 0xD372, 0xD372, 0xD372, 0xD372, 0xD372,
    0xD372, 0xD372, 0xD372, 0xD372, 0xD372, 0x8A56, 0x8A56, 0x8A56, 0x8A56, 0xD372, 0xD372, 0x8A56, 0x8A56, 0xD372, 0xD372, 0x8A56,
    0x8A56, 0x8A56, 0xD372, 0xD372, 0xD372, 0xD372, 0xD372, 0xD372, 0x8A56, 0x8A56, 0x8A56, 0x8A56, 0x8A56, 0x8A56, 0x8A56, 0x8A56,
    0xD372, 0xD372, 0xD372, 0xD372, 0xD372, 0x8A56, 0x8A56, 0x8A56, 0x8A56, 0x8A56, 0x8A56, 0x8A56, 0x8A56, 0x8A56, 0x8A56, 0x8A56,
    0x8A56, 0x8A56, 0x8A56, 0x8A56, 0x8A56, 0x8A56, 0x8A56, 0x8A56, 0x8A56, 0x8A56, 0x8A56, 0x8A56, 0x8A56, 0x8A56, 0x8A56, 0x8A56,
    0x8A56, 0x8A56, 0x8A56, 0x8A56, 0x8A56, 0x8A56, 0x8A56, 0x8A56, 0x8A56, 0xD372, 0xD372, 0xD372, 0xD372, 0xD372, 0xD372, 0x8A56,
    0x8A56, 0x8A56, 0x8A56, 0x8A56, 0x8A56, 0x8A56, 0xD372, 0xD372, 0xD372, 0xD372, 0xD372, 0xD372, 0x8A56, 0x8A56, 0x8A56, 0x8A56,
    0x8A56, 0x8A56, 0x8A56, 0x8A56, 0x8A56, 0x8A56, 0x8A56, 0x8A56, 0x8A56, 0xD372, 0xD372, 0xD372, 0xD372, 0xD372, 0xD372, 0xD372,
    0xD372, 0xD372, 0xD372, 0xD372, 0xD372, 0xD372, 0xD372, 0xD372, 0xD372, 0xD372, 0xD372, 0xD372, 0xD372, 0xD372, 0xD372, 0xD372,
    0xD372, 0xD372, 0xD372, 0xD372, 0xD372, 0xD372, 0xD372, 0xD372, 0xD372, 0xD372, 0xD372, 0xD372, 0xD372, 0xD372, 0xD372, 0xD372,
    0xD372, 0xD372, 0xD372, 0xD372, 0xD372, 0xD372, 0xD372, 0xD372, 0xD372, 0xD372, 0xD372, 0xD372, 0xD372, 0xD372, 0xD372, 0xD372,
    0xD372, 0xD372, 0xD372, 0xD372, 0xD372, 0xD372, 0xD372, 0xD372, 0xD372, 0xD372, 0xD372, 0xD372, 0xD372, 0xD372, 0xD372, 0xD372,
    0xD372, 0xD372, 0xD372, 0xD372, 0xD372, 0xD372, 0xD372, 0xD372, 0xD372, 0xD372, 0xD372, 0xD372, 0xD372, 0xD372, 0xD372, 0xD372,
    0xD372, 0xD372, 0xD372, 0xD372, 0xD372, 0xD372, 0xD372, 0xD372, 0xD372, 0xD372, 0xD372, 0xD372, 0xD372, 0xD372, 0xD372, 0xD372,
    0xD372, 0xD372, 0xD372, 0xD372, 0xD372, 0xD372, 0xD372, 0xD372, 0xD372, 0xD372, 0xD372, 0xD372, 0xD372, 0xD372, 0xD372, 0xD372,
    0xD372, 0xD372, 0xD372, 0xD372, 0xD372, 0xD372, 0xD372, 0xD372, 0xD372, 0xD372, 0xD372, 0xD372, 0xD372, 0xD372, 0xD372, 0xD372,
    0xD372, 0xD372, 0xD372, 0xD372, 0xD372, 0x8A56, 0x8A56, 0xD372, 0xD372, 0x8A56, 0x8A56, 0xD372, 0xD372, 0x8A56, 0x8A56, 0x8A56,
    0x8A56, 0xD372, 0xD372, 0xD372, 0xD372, 0xD372, 0x8A56, 0x8A56, 0x8A56, 0x8A56, 0x8A56, 0x8A56, 0x8A56, 0x8A56, 0x8A56, 0x8A56,
    0x8A56, 0x8A56, 0xD372, 0xD372, 0xD372, 0xD372, 0xD372, 0x8A56, 0x8A56, 0x8A56, 0x8A56, 0x8A56, 0x8A56, 0x8A56, 0x8A56, 0x8A56,
    0x8A56, 0x8A56, 0x8A56, 0x8A56, 0x8A56, 0x8A56, 0x8A56, 0x8A56, 0x8A56, 0x8A56, 0x8A56, 0x8A56, 0x8A56, 0x8A56, 0x8A56, 0x8A56,
    0x8A56, 0x8A56, 0x8A56, 0x8A56, 0x8A56, 0x8A56, 0x8A56, 0xD372, 0xD372, 0xD372, 0xD372, 0xD372, 0xD372, 0x8A56, 0x8A56, 0x8A56,
    0x8A56, 0x8A56, 0x8A56, 0x8A56, 0x8A56, 0x8A56, 0x8A56, 0x8A56, 0xD372, 0xD372, 0xD372, 0xD372, 0xD372, 0xD372, 0x8A56, 0x8A56,
    0x8A56, 0x8A56, 0x8A56, 0x8A56, 0x8A56, 0x8A56, 0x8A56, 0x8A56, 0x8A56, 0xD372, 0xD372, 0xD372, 0xD372, 0xD372, 0xD372, 0xD372,
    0xD372, 0xD372, 0xD372, 0xD372, 0xD372, 0xD372, 0xD372, 0xD372, 0xD372, 0xD372, 0xD372, 0xD372, 0xD372, 0xD372, 0xD372, 0xD372,
    0xD372, 0xD372, 0xD372, 0xD372, 0xD372, 0xD372, 0xD372, 0xD372, 0xD372, 0xD372, 0xD372, 0xD372, 0xD372, 0xD372, 0xD372, 0xD372,
    0xD372, 0xD372, 0xD372, 0xD372, 0xD372, 0xD372, 0xD372, 0xD372, 0xD372, 0xD372, 0xD372, 0xD372, 0xD372, 0xD372, 0xD372, 0xD372,
    0xD372, 0xD372, 0xD372, 0xD372, 0xD372, 0xD372, 0xD372, 0xD372, 0xD372, 0xD372, 0xD372, 0xD372, 0xD372, 0xD372, 0xD372, 0xD372,
    0xD372, 0xD372, 0xD372, 0xD372, 0xD372, 0xD372, 0xD372, 0xD372, 0xD372, 0xD372, 0xD372, 0xD372, 0xD372, 0xD372, 0xD372, 0xD372,
    0xD372, 0xD372, 0xD372, 0xD372, 0xD372, 0xD372, 0xD372, 0xD372, 0xD372, 0xD372, 0xD372, 0xD372, 0xD372, 0xD372, 0xD372, 0xD372,
    0xD372, 0xD372, 0xD372, 0xD372, 0xD372, 0xD372, 0xD372, 0xD372, 0xD372, 0xD372, 0xD372, 0xD372, 0xD372, 0xD372, 0xD372, 0xD372,
    0xD372, 0xD372, 0xD372, 0xD372, 0xD372, 0xD372, 0xD372, 0xD372, 0xD372, 0xD372, 0xD372, 0xD372, 0xD372, 0xD372, 0xD372, 0xD372,
    0xD372, 0xD372, 0xD372, 0xD372, 0xD372, 0x8A56, 0x8A56, 0xD372, 0xD372, 0x8A56, 0x8A56, 0xD372, 0xD372, 0x8A56, 0x8A56, 0x8A56,
    0x8A56, 0xD372, 0xD372, 0xD372, 0xD372, 0xD372, 0x8A56, 0x8A56, 0x8A56, 0x8A56, 0x8A56, 0x8A56, 0x8A56, 0x8A56, 0x8A56, 0x8A56,
    0x8A56, 0x8A56, 0xD372, 0xD372, 0xD372, 0xD372, 0xD372, 0x8A56, 0x8A56, 0x8A56, 0x8A56, 0x8A56, 0x8A56, 0x8A56, 0x8A56, 0x8A56,
    0x8A56, 0x8A56, 0x8A56, 0x8A56, 0x8A56, 0x8A56, 0x8A56, 0x8A56, 0x8A56, 0x8A56, 0x8A56, 0x8A56, 0x8A56, 0x8A56, 0x8A56, 0x8A56,
    0x8A56, 0x8A56, 0x8A56, 0x8A56, 0x8A56, 0x8A56, 0x8A56, 0xD372, 0xD372, 0xD372, 0xD372, 0xD372, 0xD372, 0x8A56, 0x8A56, 0x8A56,
    0x8A56, 0x8A56, 0x8A56, 0x8A56, 0x8A56, 0x8A56, 0x8A56, 0x8A56, 0xD372, 0xD372, 0xD372, 0xD372, 0xD372, 0xD372, 0x8A56, 0x8A56,
    0x8A56, 0x8A56, 0x8A56, 0x8A56, 0x8A56, 0x8A56, 0x8A56, 0x8A56, 0x8A56, 0xD372, 0xD372, 0xD372, 0xD372, 0xD372, 0xD372, 0xD372,
    0xD372, 0xD372, 0xD372, 0xD372, 0xD372, 0xD372, 0xD372, 0xD372, 0xD372, 0xD372, 0xD372, 0xD372, 0xD372, 0xD372, 0xD372, 0xD372,
    0xD372, 0xD372, 0xD372, 0xD372, 0xD372, 0xD372, 0xD372, 0xD372, 0xD372, 0xD372, 0xD372, 0xD372, 0xD372, 0xD372, 0xD372, 0xD372,
    0xD372, 0xD372, 0xD372, 0xD372, 0xD372, 0xD372, 0xD372, 0xD372, 0xD372, 0xD372, 0xD372, 0xD372, 0xD372, 0xD372, 0xD372, 0xD372,
    0xD372, 0xD372, 0xD372, 0xD372, 0xD372, 0xD372, 0xD372, 0xD372, 0xD372, 0xD372, 0xD372, 0xD372, 0xD372, 0xD372, 0xD372, 0xD372,
    0xD372, 0xD372, 0xD372, 0xD372, 0xD372, 0xD372, 0xD372, 0xD372, 0xD372, 0xD372, 0xD372, 0xD372, 0xD372, 0xD372, 0xD372, 0xD372,
    0xD372, 0xD372, 0xD372, 0xD372, 0xD372, 0xD372, 0xD372, 0xD372, 0xD372, 0xD372, 0xD372, 0xD372, 0xD372, 0xD372, 0xD372, 0xD372,
    0xD372, 0xD372, 0xD372, 0xD372, 0xD372, 0xD372, 0xD372, 0xD372, 0xD372, 0xD372, 0xD372, 0xD372, 0xD372, 0xD372, 0xD372, 0xD372,
    0xD372, 0xD372, 0xD372, 0xD372, 0xD372, 0xD372, 0xD372, 0xD372, 0xD372, 0xD372, 0xD372, 0xD372, 0xD372, 0xD372, 0xD372, 0xD372,
    0xD372, 0xD372, 0xD372, 0xD372, 0xD372, 0x8A56, 0x8A56, 0x8A56, 0x8A56, 0xD372, 0xD372, 0x8A56, 0x8A56, 0xD372, 0xD372, 0x8A56,
    0x8A56, 0xD372, 0xD372, 0xD372, 0xD372, 0xD372, 0x8A56, 0x8A56, 0x8A56, 0x8A56, 0x8A56, 0x8A56, 0x8A56, 0x8A56, 0x8A56, 0x8A56,
    0x8A56, 0x8A56, 0xD372, 0xD372, 0xD372, 0xD372, 0xD372, 0x8A56, 0x8A56, 0x8A56, 0x8A56, 0x8A56, 0x8A56, 0x8A56, 0x8A56, 0x8A56,
    0x8A56, 0x8A56, 0x8A56, 0x8A56, 0x8A56, 0x8A56, 0x8A56, 0x8A56, 0x8A56, 0x8A56, 0x8A56, 0x8A56, 0x8A56, 0x8A56, 0x8A56, 0x8A56,
    0x8A56, 0x8A56, 0x8A56, 0x8A56, 0x8A56, 0x8A56, 0x8A56, 0xD372, 0xD372, 0xD372, 0xD372, 0xD372, 0xD372, 0x8A56, 0x8A56, 0x8A56,
    0x8A56, 0x8A56, 0x8A56, 0x8A56, 0x8A56, 0x8A56, 0x8A56, 0x8A56, 0xD372, 0xD372, 0xD372, 0xD372, 0xD372, 0xD372, 0x8A56, 0x8A56,
    0x8A56, 0x8A56, 0x8A56, 0x8A56, 0x8A56, 0x8A56, 0x8A56, 0x8A56, 0x8A56, 0xD372, 0xD372, 0xD372, 0xD372, 0xD372, 0xD372, 0xD372,
    0xD372, 0xD372, 0xD372, 0xD372, 0xD372, 0xD372, 0xD372, 0xD372, 0xD372, 0xD372, 0xD372, 0xD372, 0xD372, 0xD372, 0xD372, 0xD372,
    0xD372, 0xD372, 0xD372, 0xD372, 0xD372, 0xD372, 0xD372, 0xD372, 0xD372, 0xD372, 0xD372, 0xD372, 0xD372, 0xD372, 0xD372, 0xD372,
    0xD372, 0xD372, 0xD372, 0xD372, 0xD372, 0xD372, 0xD372, 0xD372, 0xD372, 0xD372, 0xD372, 0xD372, 0xD372, 0xD372, 0xD372, 0xD372,
    0xD372, 0xD372, 0xD372, 0xD372, 0xD372, 0xD372, 0xD372, 0xD372, 0xD372, 0xD372, 0xD372, 0xD372, 0xD372, 0xD372, 0xD372, 0xD372,
    0xD372, 0xD372, 0xD372, 0xD372, 0xD372, 0xD372, 0xD372, 0xD372, 0xD372, 0xD372, 0xD372, 0xD372, 0xD372, 0xD372, 0xD372, 0xD372,
    0xD372, 0xD372, 0xD372, 0xD372, 0xD372, 0xD372, 0xD372, 0xD372, 0xD372, 0xD372, 0xD372, 0xD372, 0xD372, 0xD372, 0xD372, 0xD372,
    0xD372, 0xD372, 0xD372, 0xD372, 0xD372, 0xD372, 0xD372, 0xD372, 0xD372, 0xD372, 0xD372, 0xD372, 0xD372, 0xD372, 0xD372, 0xD372,
    0xD372, 0xD372, 0xD372, 0xD372, 0xD372, 0xD372, 0xD372, 0xD372, 0xD372, 0xD372, 0xD372, 0xD372, 0xD372, 0xD372, 0xD372, 0xD372,
    0xD372, 0xD372, 0xD372, 0xD372, 0xD372, 0x8A56, 0x8A56, 0x8A56, 0x8A56, 0xD372, 0xD372, 0x8A56, 0x8A56, 0xD372, 0xD372, 0x8A56,
    0x8A56, 0xD372, 0xD372, 0xD372, 0xD372, 0xD372, 0x8A56, 0x8A56, 0x8A56, 0x8A56, 0x8A56, 0x8A56, 0x8A56, 0x8A56, 0x8A56, 0x8A56,
    0x8A56, 0x8A56, 0xD372, 0xD372, 0xD372, 0xD372, 0xD372, 0x8A56, 0x8A56, 0x8A56, 0x8A56, 0x8A56, 0x8A56, 0x8A56, 0x8A56, 0x8A56,
    0x8A56, 0x8A56, 0x8A56, 0x8A56, 0x8A56, 0x8A56, 0x8A56, 0x8A56, 0x8A56, 0x8A56, 0x8A56, 0x8A56, 0x8A56, 0x8A56, 0x8A56, 0x8A56,
    0x8A56, 0x8A56, 0x8A56, 0x8A56, 0x8A56, 0x8A56, 0x8A56, 0xD372, 0xD372, 0xD372, 0xD372, 0xD372, 0xD372, 0x8A56, 0x8A56, 0x8A56,
    0x8A56, 0x8A56, 0x8A56, 0x8A56, 0x8A56, 0x8A56, 0x8A56, 0x8A56, 0xD372, 0xD372, 0xD372, 0xD372, 0xD372, 0xD372, 0x8A56, 0x8A56,
    0x8A56, 0x8A56, 0x8A56, 0x8A56, 0x8A56, 0x8A56, 0x8A56, 0x8A56, 0x8A56, 0xD372, 0xD372, 0xD372, 0xD372, 0xD372, 0xD372, 0xD372,
    0xD372, 0xD372, 0xD372, 0xD372, 0xD372, 0xD372, 0xD372, 0xD372, 0xD372, 0xD372, 0xD372, 0xD372, 0xD372, 0xD372, 0xD372, 0xD372,
    0xD372, 0xD372, 0xD372, 0xD372, 0xD372, 0xD372, 0xD372, 0xD372, 0xD372, 0xD372, 0xD372, 0xD372, 0xD372, 0xD372, 0xD372, 0xD372,
    0xD372, 0xD372, 0xD372, 0xD372, 0xD372, 0xD372, 0xD372, 0xD372, 0xD372, 0xD372, 0xD372, 0xD372, 0xD372, 0xD372, 0xD372, 0xD372,
    0xD372, 0xD372, 0xD372, 0xD372, 0xD372, 0xD372, 0xD372, 0xD372, 0xD372, 0xD372, 0xD372, 0xD372, 0xD372, 0xD372, 0xD372, 0xD372,
    0xD372, 0xD372, 0xD372, 0xD372, 0xD372, 0xD372, 0xD372, 0xD372, 0xD372, 0xD372, 0xD372, 0xD372, 0xD372, 0xD372, 0xD372, 0xD372,
    0xD372, 0xD372, 0xD372, 0xD372, 0xD372, 0xD372, 0xD372, 0xD372, 0xD372, 0xD372, 0xD372, 0xD372, 0xD372, 0xD372, 0xD372, 0xD372,
    0xD372, 0xD372, 0xD372, 0xD372, 0xD372, 0xD372, 0xD372, 0xD372, 0xD372, 0xD372, 0xD372, 0xD372, 0xD372, 0xD372, 0xD372, 0xD372,
    0xD372, 0xD372, 0xD372, 0xD372, 0xD372, 0xD372, 0xD372, 0xD372, 0xD372, 0xD372, 0xD372, 0xD372, 0xD372, 0xD372, 0xD372, 0xD372,
    0xD372, 0xD372, 0xD372, 0xD372, 0xD372, 0x8A56, 0x8A56, 0xD372, 0xD372, 0x8A56, 0x8A56, 0xD372, 0xD372, 0x8A56, 0x8A56, 0x8A56,
    0x8A56, 0xD372, 0xD372, 0xD372, 0xD372, 0xD372, 0x8A56, 0x8A56, 0x8A56, 0x8A56, 0x8A56, 0x8A56, 0x8A56, 0x8A56, 0x8A56, 0x8A56,
    0x8A56, 0x8A56, 0xD372, 0xD372, 0xD372, 0xD372, 0xD372, 0x8A56, 0x8A56, 0x8A56, 0x8A56, 0x8A56, 0x8A56, 0x8A56, 0x8A56, 0x8A56,
    0x8A56, 0x8A56, 0x8A56, 0x8A56, 0x8A56, 0x8A56, 0x8A56, 0x8A56, 0x8A56, 0x8A56, 0x8A56, 0x8A56, 0x8A56, 0x8A56, 0x8A56, 0x8A56,
    0x8A56, 0x8A56, 0x8A56, 0x8A56, 0x8A56, 0x8A56, 0x8A56, 0xD372, 0xD372, 0xD372, 0xD372, 0xD372, 0xD372, 0x8A56, 0x8A56, 0x8A56,
    0x8A56, 0x8A56, 0x8A56, 0x8A56, 0x8A56, 0x8A56, 0x8A56, 0x8A56, 0xD372, 0xD372, 0xD372, 0xD372, 0xD372, 0xD372, 0x8A56, 0x8A56,
    0x8A56, 0x8A56, 0x8A56, 0x8A56, 0x8A56, 0x8A56, 0x8A56, 0x8A56, 0x8A56, 0xD372, 0xD372, 0xD372, 0xD372, 0xD372, 0xD372, 0xD372,
    0xD372, 0xD372, 0xD372, 0xD372, 0xD372, 0xD372, 0xD372, 0xD372, 0xD372, 0xD372, 0xD372, 0xD372, 0xD372, 0xD372, 0xD372, 0xD372,
    0xD372, 0xD372, 0xD372, 0xD372, 0xD372, 0xD372, 0xD372, 0xD372, 0xD372, 0xD372, 0xD372, 0xD372, 0xD372, 0xD372, 0xD372, 0xD372,
    0xD372, 0xD372, 0xD372, 0xD372, 0xD372, 0xD372, 0xD372, 0xD372, 0xD372, 0xD372, 0xD372, 0xD372, 0xD372, 0xD372, 0xD372, 0xD372,
    0xD372, 0xD372, 0xD372, 0xD372, 0xD372, 0xD372, 0xD372, 0xD372, 0xD372, 0xD372, 0xD372, 0xD372, 0xD372, 0xD372, 0xD372, 0xD372,
    0xD372, 0xD372, 0xD372, 0xD372, 0xD372, 0xD372, 0xD372, 0xD372, 0xD372, 0xD372, 0xD372, 0xD372, 0xD372, 0xD372, 0xD372, 0xD372,
    0xD372, 0xD372, 0xD372, 0xD372, 0xD372, 0xD372, 0xD372, 0xD372, 0xD372, 0xD372, 0xD372, 0xD372, 0xD372, 0xD372, 0xD372, 0xD372,
    0xD372, 0xD372, 0xD372, 0xD372, 0xD372, 0xD372, 0xD372, 0xD372, 0xD372, 0xD372, 0xD372, 0xD372, 0xD372, 0xD372, 0xD372, 0xD372,
    0xD372, 0xD372, 0xD372, 0xD372, 0xD372, 0xD372, 0xD372, 0xD372, 0xD372, 0xD372, 0xD372, 0xD372, 0xD372, 0xD372, 0xD372, 0xD372,
    0xD372, 0xD372, 0xD372, 0xD372, 0xD372, 0x8A56, 0x8A56, 0xD372, 0xD372, 0x8A56, 0x8A56, 0xD372, 0xD372, 0x8A56, 0x8A56, 0x8A56,
    0x8A56, 0xD372, 0xD372, 0xD372, 0xD372, 0xD372, 0x8A56, 0x8A56, 0x8A56, 0x8A56, 0x8A56, 0x8A56, 0x8A56, 0x8A56, 0x8A56, 0x8A56,
    0x8A56, 0x8A56, 0xD372, 0xD372, 0xD372, 0xD372, 0xD372, 0x8A56, 0x8A56, 0x8A56, 0x8A56, 0x8A56, 0x8A56, 0x8A56, 0x8A56, 0x8A56,
    0x8A56, 0x8A56, 0x8A56, 0x8A56, 0x8A56, 0x8A56, 0x8A56, 0x8A56, 0x8A56, 0x8A56, 0x8A56, 0x8A56, 0x8A56, 0x8A56, 0x8A56, 0x8A56,
    0x8A56, 0x8A56, 0x8A56, 0x8A56, 0x8A56, 0x8A56, 0x8A56, 0xD372, 0xD372, 0xD372, 0xD372, 0xD372, 0xD372, 0x8A56, 0x8A56, 0x8A56,
    0x8A56, 0x8A56, 0x8A56, 0x8A56, 0x8A56, 0x8A56, 0x8A56, 0x8A56, 0xD372, 0xD372, 0xD372, 0xD372, 0xD372, 0xD372, 0x8A56, 0x8A56,
    0x8A56, 0x8A56, 0x8A56, 0x8A56, 0x8A56, 0x8A56, 0x8A56, 0x8A56, 0x8A56, 0xD372, 0xD372, 0xD372, 0xD372, 0xD372, 0xD372, 0xD372,
    0xD372, 0xD372, 0xD372, 0xD372, 0xD372, 0xD372, 0xD372, 0xD372, 0xD372, 0xD372, 0xD372, 0xD372, 0xD372, 0xD372, 0xD372, 0xD372,
    0xD372, 0xD372, 0xD372, 0xD372, 0xD372, 0xD372, 0xD372, 0xD372, 0xD372, 0xD372, 0xD372, 0xD372, 0xD372, 0xD372, 0xD372, 0xD372,
    0xD372, 0xD372, 0xD372, 0xD372, 0xD372, 0xD372, 0xD372, 0xD372, 0xD372, 0xD372, 0xD372, 0xD372, 0xD372, 0xD372, 0xD372, 0xD372,
    0xD372, 0xD372, 0xD372, 0xD372, 0xD372, 0xD372, 0xD372, 0xD372, 0xD372, 0xD372, 0xD372, 0xD372, 0xD372, 0xD372, 0xD372, 0xD372,
    0xD372, 0xD372, 0xD372, 0xD372, 0xD372, 0xD372, 0xD372, 0xD372, 0xD372, 0xD372, 0xD372, 0xD372, 0xD372, 0xD372, 0xD372, 0xD372,
    0xD372, 0xD372, 0xD372, 0xD372, 0xD372, 0xD372, 0xD372, 0xD372, 0xD372, 0xD372, 0xD372, 0xD372, 0xD372, 0xD372, 0xD372, 0xD372,
    0xD372, 0xD372, 0xD372, 0xD372, 0xD372, 0xD372, 0xD372, 0xD372, 0xD372, 0xD372, 0xD372, 0xD372, 0xD372, 0xD372, 0xD372, 0xD372,
    0xD372, 0xD372, 0xD372, 0xD372, 0xD372, 0xD372, 0xD372, 0xD372, 0xD372, 0xD372, 0xD372, 0xD372, 0xD372, 0xD372, 0xD372, 0xD372,
    0xD372, 0xD372, 0xD372, 0xD372, 0xD372, 0x8A56, 0x8A56, 0x8A56, 0x8A56, 0x8A56, 0x8A56, 0x8A56, 0x8A56, 0x8A56, 0x8A56, 0x8A56,
    0x8A56, 0xD372, 0xD372, 0xD372, 0xD372, 0xD372, 0x8A56, 0x8A56, 0x8A56, 0x8A56, 0x8A56, 0x8A56, 0x8A56, 0x8A56, 0x8A56, 0x8A56,
    0x8A56, 0x8A56, 0xD372, 0xD372, 0xD372, 0xD372, 0xD372, 0x8A56, 0x8A56, 0x8A56, 0x8A56, 0x8A56, 0x8A56, 0x8A56, 0x8A56, 0x8A56,
    0x8A56, 0x8A56, 0x8A56, 0x8A56, 0x8A56, 0x8A56, 0x8A56, 0x8A56, 0x8A56, 0x8A56, 0x8A56, 0x8A56, 0x8A56, 0x8A56, 0x8A56, 0x8A56,
    0x8A56, 0x8A56, 0x8A56, 0x8A56, 0x8A56, 0x8A56, 0x8A56, 0xD372, 0xD372, 0xD372, 0xD372, 0xD372, 0xD372, 0x8A56, 0x8A56, 0x8A56,
    0x8A56, 0x8A56, 0x8A56, 0x8A56, 0x8A56, 0x8A56, 0x8A56, 0x8A56, 0xD372, 0xD372, 0xD372, 0xD372, 0xD372, 0xD372, 0x8A56, 0x8A56,
    0x8A56, 0x8A56, 0x8A56, 0x8A56, 0x8A56, 0x8A56, 0x8A56, 0x8A56, 0x8A56, 0xD372, 0xD372, 0xD372, 0xD372, 0xD372, 0xD372, 0xD372,
    0xD372, 0xD372, 0xD372, 0xD372, 0xD372, 0xD372, 0xD372, 0xD372, 0xD372, 0xD372, 0xD372, 0xD372, 0xD372, 0xD372, 0xD372, 0xD372,
    0xD372, 0xD372, 0xD372, 0xD372, 0xD372, 0xD372, 0xD372, 0xD372, 0xD372, 0xD372, 0xD372, 0xD372, 0xD372, 0xD372, 0xD372, 0xD372,
    0xD372, 0xD372, 0xD372, 0xD372, 0xD372, 0xD372, 0xD372, 0xD372, 0xD372, 0xD372, 0xD372, 0xD372, 0xD372, 0xD372, 0xD372, 0xD372,
    0xD372, 0xD372, 0xD372, 0xD372, 0xD372, 0xD372, 0xD372, 0xD372, 0xD372, 0xD372, 0xD372, 0xD372, 0xD372, 0xD372, 0xD372, 0xD372,
    0xD372, 0xD372, 0xD372, 0xD372, 0xD372, 0xD372, 0xD372, 0xD372, 0xD372, 0xD372, 0xD372, 0xD372, 0xD372, 0xD372, 0xD372, 0xD372,
    0xD372, 0xD372, 0xD372, 0xD372, 0xD372, 0xD372, 0xD372, 0xD372, 0xD372, 0xD372, 0xD372, 0xD372, 0xD372, 0xD372, 0xD372, 0xD372,
    0xD372, 0xD372, 0xD372, 0xD372, 0xD372, 0xD372, 0xD372, 0xD372, 0xD372, 0xD372, 0xD372, 0xD372, 0xD372, 0xD372, 0xD372, 0xD372,
    0xD372, 0xD372, 0xD372, 0xD372, 0xD372, 0xD372, 0xD372, 0xD372, 0xD372, 0xD372, 0xD372, 0xD372, 0xD372, 0xD372, 0xD372, 0xD372,
    0xD372, 0xD372, 0xD372, 0xD372, 0xD372, 0x8A56, 0x8A56, 0x8A56, 0x8A56, 0x8A56, 0x8A56, 0x8A56, 0x8A56, 0x8A56, 0x8A56, 0x8A56,
    0x8A56, 0xD372, 0xD372, 0xD372, 0xD372, 0xD372, 0x8A56, 0x8A56, 0x8A56, 0x8A56, 0x8A56, 0x8A56, 0x8A56, 0x8A56, 0x8A56, 0x8A56,
    0x8A56, 0x8A56, 0xD372, 0xD372, 0xD372, 0xD372, 0xD372, 0x8A56, 0x8A56, 0x8A56, 0x8A56, 0x8A56, 0x8A56, 0x8A56, 0x8A56, 0x8A56,
    0x8A56, 0x8A56, 0x8A56, 0x8A56, 0x8A56, 0x8A56, 0x8A56, 0x8A56, 0x8A56, 0x8A56, 0x8A56, 0x8A56, 0x8A56, 0x8A56, 0x8A56, 0x8A56,
    0x8A56, 0x8A56, 0x8A56, 0x8A56, 0x8A56, 0x8A56, 0x8A56, 0xD372, 0xD372, 0xD372, 0xD372, 0xD372, 0xD372, 0x8A56, 0x8A56, 0x8A56,
    0x8A56, 0x8A56, 0x8A56, 0x8A56, 0x8A56, 0x8A56, 0x8A56, 0x8A56, 0xD372, 0xD372, 0xD372, 0xD372, 0xD372, 0xD372, 0x8A56, 0x8A56,
    0x8A56, 0x8A56, 0x8A56, 0x8A56, 0x8A56, 0x8A56, 0x8A56, 0x8A56, 0x8A56, 0xD372, 0xD372, 0xD372, 0xD372, 0xD372, 0xD372, 0xD372,
    0xD372, 0xD372, 0xD372, 0xD372, 0xD372, 0xD372, 0xD372, 0xD372, 0xD372, 0xD372, 0xD372, 0xD372, 0xD372, 0xD372, 0xD372, 0xD372,
    0xD372, 0xD372, 0xD372, 0xD372, 0xD372, 0xD372, 0xD372, 0xD372, 0xD372, 0xD372, 0xD372, 0xD372, 0xD372, 0xD372, 0xD372, 0xD372,
    0xD372, 0xD372, 0xD372, 0xD372, 0xD372, 0xD372, 0xD372, 0xD372, 0xD372, 0xD372, 0xD372, 0xD372, 0xD372, 0xD372, 0xD372, 0xD372,
    0xD372, 0xD372, 0xD372, 0xD372, 0xD372, 0xD372, 0xD372, 0xD372, 0xD372, 0xD372, 0xD372, 0xD372, 0xD372, 0xD372, 0xD372, 0xD372,
    0xD372, 0xD372, 0xD372, 0xD372, 0xD372, 0xD372, 0xD372, 0xD372, 0xD372, 0xD372, 0xD372, 0xD372, 0xD372, 0xD372, 0xD372, 0xD372,
    0xD372, 0xD372, 0xD372, 0xD372, 0xD372, 0xD372, 0xD372, 0xD372, 0xD372, 0xD372, 0xD372, 0xD372, 0xD372, 0xD372, 0xD372, 0xD372,
    0xD372, 0xD372, 0xD372, 0xD372, 0xD372, 0xD372, 0xD372, 0xD372, 0xD372, 0xD372, 0xD372, 0xD372, 0xD372, 0xD372, 0xD372, 0xD372,
    0xD372, 0xD372, 0xD372, 0xD372, 0xD372, 0xD372, 0xD372, 0xD372, 0xD372, 0xD372, 0xD372, 0xD372, 0xD372, 0xD372, 0xD372, 0xD372,
    0xD372, 0xD372, 0xD372, 0xD372, 0xD372, 0x8A56, 0x8A56, 0xD372, 0xD372, 0x8A56, 0x8A56, 0xD372, 0xD372, 0x8A56, 0x8A56, 0x8A56,
    0x8A56, 0x8A56, 0xD372, 0xD372, 0xD372, 0xD372, 0xD372, 0xD372, 0x8A56, 0x8A56, 0x8A56, 0x8A56, 0x8A56, 0x8A56, 0x8A56, 0x8A56,
    0xD372, 0xD372, 0xD372, 0xD372, 0xD372, 0x8A56, 0x8A56, 0x8A56, 0x8A56, 0x8A56, 0x8A56, 0x8A56, 0x8A56, 0x8A56, 0x8A56, 0x8A56,
    0x8A56, 0x8A56, 0x8A56, 0x8A56, 0x8A56, 0x8A56, 0x8A56, 0x8A56, 0x8A56, 0x8A56, 0x8A56, 0x8A56, 0x8A56, 0x8A56, 0x8A56, 0x8A56,
    0x8A56, 0x8A56, 0x8A56, 0x8A56, 0x8A56, 0x8A56, 0x8A56, 0x8A56, 0x8A56, 0xD372, 0xD372, 0xD372, 0xD372, 0xD372, 0xD372, 0x8A56,
    0x8A56, 0x8A56, 0x8A56, 0x8A56, 0x8A56, 0x8A56, 0xD372, 0xD372, 0xD372, 0xD372, 0xD372, 0xD372, 0x8A56, 0x8A56, 0x8A56, 0x8A56,
    0x8A56, 0x8A56, 0x8A56, 0x8A56, 0x8A56, 0x8A56, 0x8A56, 0x8A56, 0x8A56, 0xD372, 0xD372, 0xD372, 0xD372, 0xD372, 0xD372, 0xD372,
    0xD372, 0xD372, 0xD372, 0xD372, 0xD372, 0xD372, 0xD372, 0xD372, 0xD372, 0xD372, 0xD372, 0xD372, 0xD372, 0xD372, 0xD372, 0xD372,
    0xD372, 0xD372, 0xD372, 0xD372, 0xD372, 0xD372, 0xD372, 0xD372, 0xD372, 0xD372, 0xD372, 0xD372, 0xD372, 0xD372, 0xD372, 0xD372,
    0xD372, 0xD372, 0xD372, 0xD372, 0xD372, 0xD372, 0xD372, 0xD372, 0xD372, 0xD372, 0xD372, 0xD372, 0xD372, 0xD372, 0xD372, 0xD372,
    0xD372, 0xD372, 0xD372, 0xD372, 0xD372, 0xD372, 0xD372, 0xD372, 0xD372, 0xD372, 0xD372, 0xD372, 0xD372, 0xD372, 0xD372, 0xD372,
    0xD372, 0xD372, 0xD372, 0xD372, 0xD372, 0xD372, 0xD372, 0xD372, 0xD372, 0xD372, 0xD372, 0xD372, 0xD372, 0xD372, 0xD372, 0xD372,
    0xD372, 0xD372, 0xD372, 0xD372, 0xD372, 0xD372, 0xD372, 0xD372, 0xD372, 0xD372, 0xD372, 0xD372, 0xD372, 0xD372, 0xD372, 0xD372,
    0xD372, 0xD372, 0xD372, 0xD372, 0xD372, 0xD372, 0xD372, 0xD372, 0xD372, 0xD372, 0xD372, 0xD372, 0xD372, 0xD372, 0xD372, 0xD372,
    0xD372, 0xD372, 0xD372, 0xD372, 0xD372, 0xD372, 0xD372, 0xD372, 0xD372, 0xD372, 0xD372, 0xD372, 0xD372, 0xD372, 0xD372, 0xD372,
    0xD372, 0xD372, 0xD372, 0xD372, 0xD372, 0x8A56, 0x8A56, 0xD372, 0xD372, 0x8A56, 0x8A56, 0xD372, 0xD372, 0x8A56, 0x8A56, 0x8A56,
    0x8A56, 0x8A56, 0xD372, 0xD372, 0xD372, 0xD372, 0xD372, 0xD372, 0x8A56, 0x8A56, 0x8A56, 0x8A56, 0x8A56, 0x8A56, 0x8A56, 0x8A56,
    0xD372, 0xD372, 0xD372, 0xD372, 0xD372, 0x8A56, 0x8A56, 0x8A56, 0x8A56, 0x8A56, 0x8A56, 0x8A56, 0x8A56, 0x8A56, 0x8A56, 0x8A56,
    0x8A56, 0x8A56, 0x8A56, 0x8A56, 0x8A56, 0x8A56, 0x8A56, 0x8A56, 0x8A56, 0x8A56, 0x8A56, 0x8A56, 0x8A56, 0x8A56, 0x8A56, 0x8A56,
    0x8A56, 0x8A56, 0x8A56, 0x8A56, 0x8A56, 0x8A56, 0x8A56, 0x8A56, 0x8A56, 0xD372, 0xD372, 0xD372, 0xD372, 0xD372, 0xD372, 0x8A56,
    0x8A56, 0x8A56, 0x8A56, 0x8A56, 0x8A56, 0x8A56, 0xD372, 0xD372, 0xD372, 0xD372, 0xD372, 0xD372, 0x8A56, 0x8A56, 0x8A56, 0x8A56,
    0x8A56, 0x8A56, 0x8A56, 0x8A56, 0x8A56, 0x8A56, 0x8A56, 0x8A56, 0x8A56, 0xD372, 0xD372, 0xD372, 0xD372, 0xD372, 0xD372, 0xD372,
    0xD372, 0xD372, 0xD372, 0xD372, 0xD372, 0xD372, 0xD372, 0xD372, 0xD372, 0xD372, 0xD372, 0xD372, 0xD372, 0xD372, 0xD372, 0xD372,
    0xD372, 0xD372, 0xD372, 0xD372, 0xD372, 0xD372, 0xD372, 0xD372, 0xD372, 0xD372, 0xD372, 0xD372, 0xD372, 0xD372, 0xD372, 0xD372,
    0xD372, 0xD372, 0xD372, 0xD372, 0xD372, 0xD372, 0xD372, 0xD372, 0xD372, 0xD372, 0xD372, 0xD372, 0xD372, 0xD372, 0xD372, 0xD372,
    0xD372, 0xD372, 0xD372, 0xD372, 0xD372, 0xD372, 0xD372, 0xD372, 0xD372, 0xD372, 0xD372, 0xD372, 0xD372, 0xD372, 0xD372, 0xD372,
    0xD372, 0xD372, 0xD372, 0xD372, 0xD372, 0xD372, 0xD372, 0xD372, 0xD372, 0xD372, 0xD372, 0xD372, 0xD372, 0xD372, 0xD372, 0xD372,
    0xD372, 0xD372, 0xD372, 0xD372, 0xD372, 0xD372, 0xD372, 0xD372, 0xD372, 0xD372, 0xD372, 0xD372, 0xD372, 0xD372, 0xD372, 0xD372,
    0xD372, 0xD372, 0xD372, 0xD372, 0xD372, 0xD372, 0xD372, 0xD372, 0xD372, 0xD372, 0xD372, 0xD372, 0xD372, 0xD372, 0xD372, 0xD372,
    0xD372, 0xD372, 0xD372, 0xD372, 0xD372, 0xD372, 0xD372, 0xD372, 0xD372, 0xD372, 0xD372, 0xD372, 0xD372, 0xD372, 0xD372, 0xD372,
    0xD372, 0xD372, 0xD372, 0xD372, 0xD372, 0x8A56, 0x8A56, 0x8A56, 0x8A56, 0x8A56, 0x8A56, 0x8A56, 0x8A56, 0x8A56, 0x8A56, 0x8A56,
    0x8A56, 0x8A56, 0xD372, 0xD372, 0xD372, 0xD372, 0xD372, 0xD372, 0xD372, 0xD372, 0xD372, 0xD372, 0xD372, 0xD372, 0xD372, 0xD372,
    0xD372, 0xD372, 0xD372, 0xD372, 0xD372, 0x8A56, 0x8A56, 0x8A56, 0x8A56, 0x8A56, 0x8A56, 0x8A56, 0x8A56, 0x8A56, 0x8A56, 0x8A56,
    0x8A56, 0x8A56, 0x8A56, 0x8A56, 0x8A56, 0x8A56, 0x8A56, 0x8A56, 0x8A56, 0x8A56, 0x8A56, 0x8A56, 0x8A56, 0x8A56, 0x8A56, 0x8A56,
    0x8A56, 0x8A56, 0x8A56, 0x8A56, 0x8A56, 0x8A56, 0x8A56, 0x8A56, 0x8A56, 0xD372, 0xD372, 0xD372, 0xD372, 0xD372, 0xD372, 0xD372,
    0xD372, 0xD372, 0xD372, 0xD372, 0xD372, 0xD372, 0xD372, 0xD372, 0xD372, 0xD372, 0xD372, 0xD372, 0x8A56, 0x8A56, 0x8A56, 0x8A56,
    0x8A56, 0x8A56, 0x8A56, 0x8A56, 0x8A56, 0x8A56, 0x8A56, 0x8A56, 0x8A56, 0xD372, 0xD372, 0xD372, 0xD372, 0xD372, 0xD372, 0xD372,
    0xD372, 0xD372, 0xD372, 0xD372, 0xD372, 0xD372, 0xD372, 0xD372, 0xD372, 0xD372, 0xD372, 0xD372, 0xD372, 0xD372, 0xD372, 0xD372,
    0xD372, 0xD372, 0xD372, 0xD372, 0xD372, 0xD372, 0xD372, 0xD372, 0xD372, 0xD372, 0xD372, 0xD372, 0xD372, 0xD372, 0xD372, 0xD372,
    0xD372, 0xD372, 0xD372, 0xD372, 0xD372, 0xD372, 0xD372, 0xD372, 0xD372, 0xD372, 0xD372, 0xD372, 0xD372, 0xD372, 0xD372, 0xD372,
    0xD372, 0xD372, 0xD372, 0xD372, 0xD372, 0xD372, 0xD372, 0xD372, 0xD372, 0xD372, 0xD372, 0xD372, 0xD372, 0xD372, 0xD372, 0xD372,
    0xD372, 0xD372, 0xD372, 0xD372, 0xD372, 0xD372, 0xD372, 0xD372, 0xD372, 0xD372, 0xD372, 0xD372, 0xD372, 0xD372, 0xD372, 0xD372,
    0xD372, 0xD372, 0xD372, 0xD372, 0xD372, 0xD372, 0xD372, 0xD372, 0xD372, 0xD372, 0xD372, 0xD372, 0xD372, 0xD372, 0xD372, 0xD372,
    0xD372, 0xD372, 0xD372, 0xD372, 0xD372, 0xD372, 0xD372, 0xD372, 0xD372, 0xD372, 0xD372, 0xD372, 0xD372, 0xD372, 0xD372, 0xD372,
    0xD372, 0xD372, 0xD372, 0xD372, 0xD372, 0xD372, 0xD372, 0xD372, 0xD372, 0xD372, 0xD372, 0xD372, 0xD372, 0xD372, 0xD372, 0xD372,
    0xD372, 0xD372, 0xD372, 0xD372, 0xD372, 0x8A56, 0x8A56, 0x8A56, 0x8A56, 0x8A56, 0x8A56, 0x8A56, 0x8A56, 0x8A56, 0x8A56, 0x8A56,
    0x8A56, 0x8A56, 0x8A56, 0x8A56, 0xD372, 0xD372, 0xD372, 0xD372, 0xD372, 0xD372, 0xD372, 0xD372, 0xD372, 0xD372, 0xD372, 0xD372,
    0xD372, 0xD372, 0xD372, 0x8A56, 0x8A56, 0x8A56, 0x8A56, 0x8A56, 0x8A56, 0x8A56, 0x8A56, 0x8A56, 0x8A56, 0x8A56, 0x8A56, 0x8A56,
    0x8A56, 0x8A56, 0x8A56, 0x8A56, 0x8A56, 0x8A56, 0x8A56, 0x8A56, 0x8A56, 0x8A56, 0x8A56, 0x8A56, 0x8A56, 0x8A56, 0x8A56, 0x8A56,
    0x8A56, 0x8A56, 0x8A56, 0x8A56, 0x8A56, 0x8A56, 0x8A56, 0x8A56, 0x8A56, 0x8A56, 0x8A56, 0xD372, 0xD372, 0xD372, 0xD372, 0xD372,
    0xD372, 0xD372, 0xD372, 0xD372, 0xD372, 0xD372, 0xD372, 0xD372, 0xD372, 0xD372, 0x8A56, 0x8A56, 0x8A56, 0x8A56, 0x8A56, 0x8A56,
    0x8A56, 0x8A56, 0x8A56, 0x8A56, 0x8A56, 0x8A56, 0x8A56, 0x8A56, 0x8A56, 0xD372, 0xD372, 0xD372, 0xD372, 0xD372, 0xD372, 0xD372,
    0xD372, 0xD372, 0xD372, 0xD372, 0xD372, 0xD372, 0xD372, 0xD372, 0xD372, 0xD372, 0xD372, 0xD372, 0xD372, 0xD372, 0xD372, 0xD372,
    0xD372, 0xD372, 0xD372, 0xD372, 0xD372, 0xD372, 0xD372, 0xD372, 0xD372, 0xD372, 0xD372, 0xD372, 0xD372, 0xD372, 0xD372, 0xD372,
    0xD372, 0xD372, 0xD372, 0xD372, 0xD372, 0xD372, 0xD372, 0xD372, 0xD372, 0xD372, 0xD372, 0xD372, 0xD372, 0xD372, 0xD372, 0xD372,
    0xD372, 0xD372, 0xD372, 0xD372, 0xD372, 0xD372, 0xD372, 0xD372, 0xD372, 0xD372, 0xD372, 0xD372, 0xD372, 0xD372, 0xD372, 0xD372,
    0xD372, 0xD372, 0xD372, 0xD372, 0xD372, 0xD372, 0xD372, 0xD372, 0xD372, 0xD372, 0xD372, 0xD372, 0xD372, 0xD372, 0xD372, 0xD372,
    0xD372, 0xD372, 0xD372, 0xD372, 0xD372, 0xD372, 0xD372, 0xD372, 0xD372, 0xD372, 0xD372, 0xD372, 0xD372, 0xD372, 0xD372, 0xD372,
    0xD372, 0xD372, 0xD372, 0xD372, 0xD372, 0xD372, 0xD372, 0xD372, 0xD372, 0xD372, 0xD372, 0xD372, 0xD372, 0xD372, 0xD372, 0xD372,
    0xD372, 0xD372, 0xD372, 0xD372, 0xD372, 0xD372, 0xD372, 0xD372, 0xD372, 0xD372, 0xD372, 0xD372, 0xD372, 0xD372, 0xD372, 0xD372,
    0xD372, 0xD372, 0xD372, 0xD372, 0xD372, 0x8A56, 0x8A56, 0x8A56, 0x8A56, 0x8A56, 0x8A56, 0x8A56, 0x8A56, 0x8A56, 0x8A56, 0x8A56,
    0x8A56, 0x8A56, 0x8A56, 0x8A56, 0xD372, 0xD372, 0xD372, 0xD372, 0xD372, 0xD372, 0xD372, 0xD372, 0xD372, 0xD372, 0xD372, 0xD372,
    0xD372, 0xD372, 0xD372, 0x8A56, 0x8A56, 0x8A56, 0x8A56, 0x8A56, 0x8A56, 0x8A56, 0x8A56, 0x8A56, 0x8A56, 0x8A56, 0x8A56, 0x8A56,
    0x8A56, 0x8A56, 0x8A56, 0x8A56, 0x8A56, 0x8A56, 0x8A56, 0x8A56, 0x8A56, 0x8A56, 0x8A56, 0x8A56, 0x8A56, 0x8A56, 0x8A56, 0x8A56,
    0x8A56, 0x8A56, 0x8A56, 0x8A56, 0x8A56, 0x8A56, 0x8A56, 0x8A56, 0x8A56, 0x8A56, 0x8A56, 0xD372, 0xD372, 0xD372, 0xD372, 0xD372,
    0xD372, 0xD372, 0xD372, 0xD372, 0xD372, 0xD372, 0xD372, 0xD372, 0xD372, 0xD372, 0x8A56, 0x8A56, 0x8A56, 0x8A56, 0x8A56, 0x8A56,
    0x8A56, 0x8A56, 0x8A56, 0x8A56, 0x8A56, 0x8A56, 0x8A56, 0x8A56, 0x8A56, 0xD372, 0xD372, 0xD372, 0xD372, 0xD372, 0xD372, 0xD372,
    0xD372, 0xD372, 0xD372, 0xD372, 0xD372, 0xD372, 0xD372, 0xD372, 0xD372, 0xD372, 0xD372, 0xD372, 0xD372, 0xD372, 0xD372, 0xD372,
    0xD372, 0xD372, 0xD372, 0xD372, 0xD372, 0xD372, 0xD372, 0xD372, 0xD372, 0xD372, 0xD372, 0xD372, 0xD372, 0xD372, 0xD372, 0xD372,
    0xD372, 0xD372, 0xD372, 0xD372, 0xD372, 0xD372, 0xD372, 0xD372, 0xD372, 0xD372, 0xD372, 0xD372, 0xD372, 0xD372, 0xD372, 0xD372,
    0xD372, 0xD372, 0xD372, 0xD372, 0xD372, 0xD372, 0xD372, 0xD372, 0xD372, 0xD372, 0xD372, 0xD372, 0xD372, 0xD372, 0xD372, 0xD372,
    0xD372, 0xD372, 0xD372, 0xD372, 0xD372, 0xD372, 0xD372, 0xD372, 0xD372, 0xD372, 0xD372, 0xD372, 0xD372, 0xD372, 0xD372, 0xD372,
    0xD372, 0xD372, 0xD372, 0xD372, 0xD372, 0xD372, 0xD372, 0xD372, 0xD372, 0xD372, 0xD372, 0xD372, 0xD372, 0xD372, 0xD372, 0xD372,
    0xD372, 0xD372, 0xD372, 0xD372, 0xD372, 0xD372, 0xD372, 0xD372, 0xD372, 0xD372, 0xD372, 0xD372, 0xD372, 0xD372, 0xD372, 0xD372,
    0xD372, 0xD372, 0xD372, 0xD372, 0xD372, 0xD372, 0xD372, 0xD372, 0xD372, 0xD372, 0xD372, 0xD372, 0xD372, 0xD372, 0xD372, 0xD372,
    0xD372, 0xD372, 0xD372, 0xD372, 0xD372, 0xD372, 0xD372, 0x8A56, 0x8A56, 0x8A56, 0x8A56, 0x8A56, 0x8A56, 0x8A56, 0x8A56, 0x8A56,
    0x8A56, 0x8A56, 0x8A56, 0x8A56, 0x8A56, 0x8A56, 0xD372, 0xD372, 0xD372, 0xD372, 0xD372, 0xD372, 0xD372, 0xD372, 0xD372, 0xD372,
    0x8A56, 0x8A56, 0x8A56, 0x8A56, 0x8A56, 0x8A56, 0x8A56, 0x8A56, 0x8A56, 0x8A56, 0x8A56, 0x8A56, 0x8A56, 0x8A56, 0x8A56, 0x8A56,
    0x8A56, 0x8A56, 0x8A56, 0x8A56, 0x8A56, 0x8A56, 0x8A56, 0x8A56, 0x8A56, 0x8A56, 0x8A56, 0x8A56, 0x8A56, 0x8A56, 0x8A56, 0x8A56,
    0x8A56, 0x8A56, 0x8A56, 0x8A56, 0x8A56, 0x8A56, 0x8A56, 0x8A56, 0x8A56, 0x8A56, 0x8A56, 0x8A56, 0x8A56, 0xD372, 0xD372, 0xD372,
    0xD372, 0xD372, 0xD372, 0xD372, 0xD372, 0xD372, 0xD372, 0xD372, 0x8A56, 0x8A56, 0x8A56, 0x8A56, 0x8A56, 0x8A56, 0x8A56, 0x8A56,
    0x8A56, 0x8A56, 0x8A56, 0x8A56, 0x8A56, 0x8A56, 0x8A56, 0xD372, 0xD372, 0xD372, 0xD372, 0xD372, 0xD372, 0xD372, 0xD372, 0xD372,
    0xD372, 0xD372, 0xD372, 0xD372, 0xD372, 0xD372, 0xD372, 0xD372, 0xD372, 0xD372, 0xD372, 0xD372, 0xD372, 0xD372, 0xD372, 0xD372,
    0xD372, 0xD372, 0xD372, 0xD372, 0xD372, 0xD372, 0xD372, 0xD372, 0xD372, 0xD372, 0xD372, 0xD372, 0xD372, 0xD372, 0xD372, 0xD372,
    0xD372, 0xD372, 0xD372, 0xD372, 0xD372, 0xD372, 0xD372, 0xD372, 0xD372, 0xD372, 0xD372, 0xD372, 0xD372, 0xD372, 0xD372, 0xD372,
    0xD372, 0xD372, 0xD372, 0xD372, 0xD372, 0xD372, 0xD372, 0xD372, 0xD372, 0xD372, 0xD372, 0xD372, 0xD372, 0xD372, 0xD372, 0xD372,
    0xD372, 0xD372, 0xD372, 0xD372, 0xD372, 0xD372, 0xD372, 0xD372, 0xD372, 0xD372, 0xD372, 0xD372, 0xD372, 0xD372, 0xD372, 0xD372,
    0xD372, 0xD372, 0xD372, 0xD372, 0xD372, 0xD372, 0xD372, 0xD372, 0xD372, 0xD372, 0xD372, 0xD372, 0xD372, 0xD372, 0xD372, 0xD372,
    0xD372, 0xD372, 0xD372, 0xD372, 0xD372, 0xD372, 0xD372, 0xD372, 0xD372, 0xD372, 0xD372, 0xD372, 0xD372, 0xD372, 0xD372, 0xD372,
    0xD372, 0xD372, 0xD372, 0xD372, 0xD372, 0xD372, 0xD372, 0xD372, 0xD372, 0xD372, 0xD372, 0xD372, 0xD372, 0xD372, 0xD372, 0xD372,
    0xD372, 0xD372, 0xD372, 0xD372, 0xD372, 0xD372, 0xD372, 0x8A56, 0x8A56, 0x8A56, 0x8A56, 0x8A56, 0x8A56, 0x8A56, 0x8A56, 0x8A56,
    0x8A56, 0x8A56, 0x8A56, 0x8A56, 0x8A56, 0x8A56, 0xD372, 0xD372, 0xD372, 0xD372, 0xD372, 0xD372, 0xD372, 0xD372, 0xD372, 0xD372,
    0x8A56, 0x8A56, 0x8A56, 0x8A56, 0x8A56, 0x8A56, 0x8A56, 0x8A56, 0x8A56, 0x8A56, 0x8A56, 0x8A56, 0x8A56, 0x8A56, 0x8A56, 0x8A56,
    0x8A56, 0x8A56, 0x8A56, 0x8A56, 0x8A56, 0x8A56, 0x8A56, 0x8A56, 0x8A56, 0x8A56, 0x8A56, 0x8A56, 0x8A56, 0x8A56, 0x8A56, 0x8A56,
    0x8A56, 0x8A56, 0x8A56, 0x8A56, 0x8A56, 0x8A56, 0x8A56, 0x8A56, 0x8A56, 0x8A56, 0x8A56, 0x8A56, 0x8A56, 0xD372, 0xD372, 0xD372,
    0xD372, 0xD372, 0xD372, 0xD372, 0xD372, 0xD372, 0xD372, 0xD372, 0x8A56, 0x8A56, 0x8A56, 0x8A56, 0x8A56, 0x8A56, 0x8A56, 0x8A56,
    0x8A56, 0x8A56, 0x8A56, 0x8A56, 0x8A56, 0x8A56, 0x8A56, 0xD372, 0xD372, 0xD372, 0xD372, 0xD372, 0xD372, 0xD372, 0xD372, 0xD372,
    0xD372, 0xD372, 0xD372, 0xD372, 0xD372, 0xD372, 0xD372, 0xD372, 0xD372, 0xD372, 0xD372, 0xD372, 0xD372, 0xD372, 0xD372, 0xD372,
    0xD372, 0xD372, 0xD372, 0xD372, 0xD372, 0xD372, 0xD372, 0xD372, 0xD372, 0xD372, 0xD372, 0xD372, 0xD372, 0xD372, 0xD372, 0xD372,
    0xD372, 0xD372, 0xD372, 0xD372, 0xD372, 0xD372, 0xD372, 0xD372, 0xD372, 0xD372, 0xD372, 0xD372, 0xD372, 0xD372, 0xD372, 0xD372,
    0xD372, 0xD372, 0xD372, 0xD372, 0xD372, 0xD372, 0xD372, 0xD372, 0xD372, 0xD372, 0xD372, 0xD372, 0xD372, 0xD372, 0xD372, 0xD372,
    0xD372, 0xD372, 0xD372, 0xD372, 0xD372, 0xD372, 0xD372, 0xD372, 0xD372, 0xD372, 0xD372, 0xD372, 0xD372, 0xD372, 0xD372, 0xD372,
    0xD372, 0xD372, 0xD372, 0xD372, 0xD372, 0xD372, 0xD372, 0xD372, 0xD372, 0xD372, 0xD372, 0xD372, 0xD372, 0xD372, 0xD372, 0xD372,
    0xD372, 0xD372, 0xD372, 0xD372, 0xD372, 0xD372, 0xD372, 0xD372, 0xD372, 0xD372, 0xD372, 0xD372, 0xD372, 0xD372, 0xD372, 0xD372,
    0xD372, 0xD372, 0xD372, 0xD372, 0xD372, 0xD372, 0xD372, 0xD372, 0xD372, 0xD372, 0xD372, 0xD372, 0xD372, 0xD372, 0xD372, 0xD372,
    0xD372, 0xD372, 0xD372, 0xD372, 0xD372, 0xD372, 0xD372, 0xD372, 0xD372, 0x8A56, 0x8A56, 0x8A56, 0x8A56, 0x8A56, 0x8A56, 0x8A56,
    0x8A56, 0x8A56, 0x8A56, 0x8A56, 0x8A56, 0x8A56, 0x8A56, 0x8A56, 0x8A56, 0x8A56, 0x8A56, 0x8A56, 0x8A56, 0x8A56, 0x8A56, 0x8A56,
    0x8A56, 0x8A56, 0x8A56, 0x8A56, 0x8A56, 0x8A56, 0x8A56, 0x8A56, 0x8A56, 0x8A56, 0x8A56, 0x8A56, 0x8A56, 0x8A56, 0x8A56, 0x8A56,
    0x8A56, 0x8A56, 0x8A56, 0x8A56, 0x8A56, 0x8A56, 0x8A56, 0x8A56, 0x8A56, 0x8A56, 0x8A56, 0x8A56, 0x8A56, 0x8A56, 0x8A56, 0x8A56,
    0x8A56, 0x8A56, 0x8A56, 0x8A56, 0x8A56, 0x8A56, 0x8A56, 0x8A56, 0x8A56, 0x8A56, 0x8A56, 0x8A56, 0x8A56, 0x8A56, 0x8A56, 0x8A56,
    0x8A56, 0x8A56, 0x8A56, 0x8A56, 0x8A56, 0x8A56, 0x8A56, 0x8A56, 0x8A56, 0x8A56, 0x8A56, 0x8A56, 0x8A56, 0x8A56, 0x8A56, 0x8A56,
    0x8A56, 0x8A56, 0x8A56, 0x8A56, 0x8A56, 0xD372, 0xD372, 0xD372, 0xD372, 0xD372, 0xD372, 0xD372, 0xD372, 0xD372, 0xD372, 0xD372,
    0xD372, 0xD372, 0xD372, 0xD372, 0xD372, 0xD372, 0xD372, 0xD372, 0xD372, 0xD372, 0xD372, 0xD372, 0xD372, 0xD372, 0xD372, 0xD372,
    0xD372, 0xD372, 0xD372, 0xD372, 0xD372, 0xD372, 0xD372, 0xD372, 0xD372, 0xD372, 0xD372, 0xD372, 0xD372, 0xD372, 0xD372, 0xD372,
    0xD372, 0xD372, 0xD372, 0xD372, 0xD372, 0xD372, 0xD372, 0xD372, 0xD372, 0xD372, 0xD372, 0xD372, 0xD372, 0xD372, 0xD372, 0xD372,
    0xD372, 0xD372, 0xD372, 0xD372, 0xD372, 0xD372, 0xD372, 0xD372, 0xD372, 0xD372, 0xD372, 0xD372, 0xD372, 0xD372, 0xD372, 0xD372,
    0xD372, 0xD372, 0xD372, 0xD372, 0xD372, 0xD372, 0xD372, 0xD372, 0xD372, 0xD372, 0xD372, 0xD372, 0xD372, 0xD372, 0xD372, 0xD372,
    0xD372, 0xD372, 0xD372, 0xD372, 0xD372, 0xD372, 0xD372, 0xD372, 0xD372, 0xD372, 0xD372, 0xD372, 0xD372, 0xD372, 0xD372, 0xD372,
    0xD372, 0xD372, 0xD372, 0xD372, 0xD372, 0xD372, 0xD372, 0xD372, 0xD372, 0xD372, 0xD372, 0xD372, 0xD372, 0xD372, 0xD372, 0xD372,
    0xD372, 0xD372, 0xD372, 0xD372, 0xD372, 0xD372, 0xD372, 0xD372, 0xD372, 0xD372, 0xD372, 0xD372, 0xD372, 0xD372, 0xD372, 0xD372,
    0xD372, 0xD372, 0xD372, 0xD372, 0xD372, 0xD372, 0xD372, 0xD372, 0xD372, 0x8A56, 0x8A56, 0x8A56, 0x8A56, 0x8A56, 0x8A56, 0x8A56,
    0x8A56, 0x8A56, 0x8A56, 0x8A56, 0x8A56, 0x8A56, 0x8A56, 0x8A56, 0x8A56, 0x8A56, 0x8A56, 0x8A56, 0x8A56, 0x8A56, 0x8A56, 0x8A56,
    0x8A56, 0x8A56, 0x8A56, 0x8A56, 0x8A56, 0x8A56, 0x8A56, 0x8A56, 0x8A56, 0x8A56, 0x8A56, 0x8A56, 0x8A56, 0x8A56, 0x8A56, 0x8A56,
    0x8A56, 0x8A56, 0x8A56, 0x8A56, 0x8A56, 0x8A56, 0x8A56, 0x8A56, 0x8A56, 0x8A56, 0x8A56, 0x8A56, 0x8A56, 0x8A56, 0x8A56, 0x8A56,
    0x8A56, 0x8A56, 0x8A56, 0x8A56, 0x8A56, 0x8A56, 0x8A56, 0x8A56, 0x8A56, 0x8A56, 0x8A56, 0x8A56, 0x8A56, 0x8A56, 0x8A56, 0x8A56,
    0x8A56, 0x8A56, 0x8A56, 0x8A56, 0x8A56, 0x8A56, 0x8A56, 0x8A56, 0x8A56, 0x8A56, 0x8A56, 0x8A56, 0x8A56, 0x8A56, 0x8A56, 0x8A56,
    0x8A56, 0x8A56, 0x8A56, 0x8A56, 0x8A56, 0xD372, 0xD372, 0xD372, 0xD372, 0xD372, 0xD372, 0xD372, 0xD372, 0xD372, 0xD372, 0xD372,
    0xD372, 0xD372, 0xD372, 0xD372, 0xD372, 0xD372, 0xD372, 0xD372, 0xD372, 0xD372, 0xD372, 0xD372, 0xD372, 0xD372, 0xD372, 0xD372,
    0xD372, 0xD372, 0xD372, 0xD372, 0xD372, 0xD372, 0xD372, 0xD372, 0xD372, 0xD372, 0xD372, 0xD372, 0xD372, 0xD372, 0xD372, 0xD372,
    0xD372, 0xD372, 0xD372, 0xD372, 0xD372, 0xD372, 0xD372, 0xD372, 0xD372, 0xD372, 0xD372, 0xD372, 0xD372, 0xD372, 0xD372, 0xD372,
    0xD372, 0xD372, 0xD372, 0xD372, 0xD372, 0xD372, 0xD372, 0xD372, 0xD372, 0xD372, 0xD372, 0xD372, 0xD372, 0xD372, 0xD372, 0xD372,
    0xD372, 0xD372, 0xD372, 0xD372, 0xD372, 0xD372, 0xD372, 0xD372, 0xD372, 0xD372, 0xD372, 0xD372, 0xD372, 0xD372, 0xD372, 0xD372,
    0xD372, 0xD372, 0xD372, 0xD372, 0xD372, 0xD372, 0xD372, 0xD372, 0xD372, 0xD372, 0xD372, 0xD372, 0xD372, 0xD372, 0xD372, 0xD372,
    0xD372, 0xD372, 0xD372, 0xD372, 0xD372, 0xD372, 0xD372, 0xD372, 0xD372, 0xD372, 0xD372, 0xD372, 0xD372, 0xD372, 0xD372, 0xD372,
    0xD372, 0xD372, 0xD372, 0xD372, 0xD372, 0xD372, 0xD372, 0xD372, 0xD372, 0xD372, 0xD372, 0xD372, 0xD372, 0xD372, 0xD372, 0xD372,
    0xD372, 0xD372, 0xD372, 0xD372, 0xD372, 0xD372, 0xD372, 0xD372, 0xD372, 0xD372, 0xD372, 0xD372, 0xD372, 0xD372, 0xD372, 0xD372,
    0xD372, 0xD372, 0xD372, 0xD372, 0xD372, 0xD372, 0xD372, 0xD372, 0xD372, 0xD372, 0xD372, 0xD372, 0xD372, 0xD372, 0xD372, 0xD372,
    0xD372, 0xD372, 0xD372, 0xD372, 0xD372, 0xD372, 0xD372, 0xD372, 0xD372, 0xD372, 0xD372, 0xD372, 0xD372, 0xD372, 0xD372, 0xD372,
    0xD372, 0xD372, 0xD372, 0xD372, 0xD372, 0xD372, 0xD372, 0xD372, 0xD372, 0xD372, 0xD372, 0xD372, 0xD372, 0xD372, 0xD372, 0xD372,
    0xD372, 0xD372, 0xD372, 0xD372, 0xD372, 0xD372, 0xD372, 0xD372, 0xD372, 0xD372, 0xD372, 0xD372, 0xD372, 0xD372, 0xD372, 0xD372,
    0xD372, 0xD372, 0xD372, 0xD372, 0xD372, 0xD372, 0xD372, 0xD372, 0xD372, 0xD372, 0xD372, 0xD372, 0xD372, 0xD372, 0xD372, 0xD372,
    0xD372, 0xD372, 0xD372, 0xD372, 0xD372, 0xD372, 0xD372, 0xD372, 0xD372, 0xD372, 0xD372, 0xD372, 0xD372, 0xD372, 0xD372, 0xD372,
    0xD372, 0xD372, 0xD372, 0xD372, 0xD372, 0xD372, 0xD372, 0xD372, 0xD372, 0xD372, 0xD372, 0xD372, 0xD372, 0xD372, 0xD372, 0xD372,
    0xD372, 0xD372, 0xD372, 0xD372, 0xD372, 0xD372, 0xD372, 0xD372, 0xD372, 0xD372, 0xD372, 0xD372, 0xD372, 0xD372, 0xD372, 0xD372,
    0xD372, 0xD372, 0xD372, 0xD372, 0xD372, 0xD372, 0xD372, 0xD372, 0xD372, 0xD372, 0xD372, 0xD372, 0xD372, 0xD372, 0xD372, 0xD372,
    0xD372, 0xD372, 0xD372, 0xD372, 0xD372, 0xD372, 0xD372, 0xD372, 0xD372, 0xD372, 0xD372, 0xD372, 0xD372, 0xD372, 0xD372, 0xD372,
    0xD372, 0xD372, 0xD372, 0xD372, 0xD372, 0xD372, 0xD372, 0xD372, 0xD372, 0xD372, 0xD372, 0xD372, 0xD372, 0xD372, 0xD372, 0xD372,
    0xD372, 0xD372, 0xD372, 0xD372, 0xD372, 0xD372, 0xD372, 0xD372, 0xD372, 0xD372, 0xD372, 0xD372, 0xD372, 0xD372, 0xD372, 0xD372,
    0xD372, 0xD372, 0xD372, 0xD372, 0xD372, 0xD372, 0xD372, 0xD372, 0xD372, 0xD372, 0xD372, 0xD372, 0xD372, 0xD372, 0xD372, 0xD372,
    0xD372, 0xD372, 0xD372, 0xD372, 0xD372, 0xD372, 0xD372, 0xD372, 0xD372, 0xD372, 0xD372, 0xD372, 0xD372, 0xD372, 0xD372, 0xD372,
    0xD372, 0xD372, 0xD372, 0xD372, 0xD372, 0xD372, 0xD372, 0xD372, 0xD372, 0xD372, 0xD372, 0xD372, 0xD372, 0xD372, 0xD372, 0xD372,
    0xD372, 0xD372, 0xD372, 0xD372, 0xD372, 0xD372, 0xD372, 0xD372, 0xD372, 0xD372, 0xD372, 0xD372, 0xD372, 0xD372, 0xD372, 0xD372,
    0xD372, 0xD372, 0xD372, 0xD372, 0xD372, 0xD372, 0xD372, 0xD372, 0xD372, 0xD372, 0xD372, 0xD372, 0xD372, 0xD372, 0xD372, 0xD372,
    0xD372, 0xD372, 0xD372, 0xD372, 0xD372, 0xD372, 0xD372, 0xD372, 0xD372, 0xD372, 0xD372, 0xD372, 0xD372, 0xD372, 0xD372, 0xD372,
    0xD372, 0xD372, 0xD372, 0xD372, 0xD372, 0xD372, 0xD372, 0xD372, 0xD372, 0xD372, 0xD372, 0xD372, 0xD372, 0xD372, 0xD372, 0xD372,
    0xD372, 0xD372, 0xD372, 0xD372, 0xD372, 0xD372, 0xD372, 0xD372, 0xD372, 0xD372, 0xD372, 0xD372, 0xD372, 0xD372, 0xD372, 0xD372,
    0xD372, 0xD372, 0xD372, 0xD372, 0xD372, 0xD372, 0xD372, 0xD372, 0xD372, 0xD372, 0xD372, 0xD372, 0xD372, 0xD372, 0xD372, 0xD372,
    0xD372, 0xD372, 0xD372, 0xD372, 0xD372, 0xD372, 0xD372, 0xD372, 0xD372, 0xD372, 0xD372, 0xD372, 0xD372, 0xD372, 0xD372, 0xD372,
    0xD372, 0xD372, 0xD372, 0xD372, 0xD372, 0xD372, 0xD372, 0xD372, 0xD372, 0xD372, 0xD372, 0xD372, 0xD372, 0xD372, 0xD372, 0xD372,
    0xD372, 0xD372, 0xD372, 0xD372, 0xD372, 0xD372, 0xD372, 0xD372, 0xD372, 0xD372, 0xD372, 0xD372, 0xD372, 0xD372, 0xD372, 0xD372,
    0xD372, 0xD372, 0xD372, 0xD372, 0xD372, 0xD372, 0xD372, 0xD372, 0xD372, 0xD372, 0xD372, 0xD372, 0xD372, 0xD372, 0xD372, 0xD372,
    0xD372, 0xD372, 0xD372, 0xD372, 0xD372, 0xD372, 0xD372, 0xD372, 0xD372, 0xD372, 0xD372, 0xD372, 0xD372, 0xD372, 0xD372, 0xD372,
    0xD372, 0xD372, 0xD372, 0xD372, 0xD372, 0xD372, 0xD372, 0xD372, 0xD372, 0xD372, 0xD372, 0xD372, 0xD372, 0xD372, 0xD372, 0xD372,
    0xD372, 0xD372, 0xD372, 0xD372, 0xD372, 0xD372, 0xD372, 0xD372, 0xD372, 0xD372, 0xD372, 0xD372, 0xD372, 0xD372, 0xD372, 0xD372,
    0xD372, 0xD372, 0xD372, 0xD372, 0xD372, 0xD372, 0xD372, 0xD372, 0xD372, 0xD372, 0xD372, 0xD372, 0xD372, 0xD372, 0xD372, 0xD372,
    0xD372, 0xD372, 0xD372, 0x8A56, 0x8A56, 0x8A56, 0x8A56, 0x8A56, 0x8A56, 0x8A56, 0x8A56, 0x8A56, 0x8A56, 0x8A56, 0x8A56, 0x8A56,
    0x8A56, 0x8A56, 0x8A56, 0x8A56, 0x8A56, 0x8A56, 0x8A56, 0x8A56, 0x8A56, 0x8A56, 0x8A56, 0x8A56, 0x8A56, 0x8A56, 0x8A56, 0x8A56,
    0x8A56, 0x8A56, 0x8A56, 0x8A56, 0x8A56, 0x8A56, 0x8A56, 0x8A56, 0x8A56, 0x8A56, 0x8A56, 0x8A56, 0x8A56, 0x8A56, 0x8A56, 0x8A56,
    0x8A56, 0x8A56, 0x8A56, 0x8A56, 0x8A56, 0x8A56, 0x8A56, 0x8A56, 0x8A56, 0x8A56, 0x8A56, 0x8A56, 0x8A56, 0x8A56, 0x8A56, 0x8A56,
    0x8A56, 0x8A56, 0x8A56, 0x8A56, 0x8A56, 0x8A56, 0x8A56, 0x8A56, 0x8A56, 0x8A56, 0x8A56, 0x8A56, 0x8A56, 0x8A56, 0x8A56, 0x8A56,
    0x8A56, 0x8A56, 0x8A56, 0x8A56, 0x8A56, 0x8A56, 0x8A56, 0x8A56, 0x8A56, 0x8A56, 0x8A56, 0x8A56, 0x8A56, 0x8A56, 0x8A56, 0x8A56,
    0x8A56, 0x8A56, 0x8A56, 0x8A56, 0x8A56, 0x8A56, 0x8A56, 0x8A56, 0x8A56, 0x8A56, 0x8A56, 0xD372, 0xD372, 0xD372, 0xD372, 0xD372,
    0xD372, 0xD372, 0xD372, 0xD372, 0xD372, 0xD372, 0xD372, 0xD372, 0xD372, 0xD372, 0xD372, 0xD372, 0xD372, 0xD372, 0xD372, 0xD372,
    0xD372, 0xD372, 0xD372, 0xD372, 0xD372, 0xD372, 0xD372, 0xD372, 0xD372, 0xD372, 0xD372, 0xD372, 0xD372, 0xD372, 0xD372, 0xD372,
    0xD372, 0xD372, 0xD372, 0xD372, 0xD372, 0xD372, 0xD372, 0xD372, 0xD372, 0xD372, 0xD372, 0xD372, 0xD372, 0xD372, 0xD372, 0xD372,
    0xD372, 0xD372, 0xD372, 0xD372, 0xD372, 0xD372, 0xD372, 0xD372, 0xD372, 0xD372, 0xD372, 0xD372, 0xD372, 0xD372, 0xD372, 0xD372,
    0xD372, 0xD372, 0xD372, 0xD372, 0xD372, 0xD372, 0xD372, 0xD372, 0xD372, 0xD372, 0xD372, 0xD372, 0xD372, 0xD372, 0xD372, 0xD372,
    0xD372, 0xD372, 0xD372, 0xD372, 0xD372, 0xD372, 0xD372, 0xD372, 0xD372, 0xD372, 0xD372, 0xD372, 0xD372, 0xD372, 0xD372, 0xD372,
    0xD372, 0xD372, 0xD372, 0xD372, 0xD372, 0xD372, 0xD372, 0xD372, 0xD372, 0xD372, 0xD372, 0xD372, 0xD372, 0xD372, 0xD372, 0xD372,
    0xD372, 0xD372, 0xD372, 0xD372, 0xD372, 0xD372, 0xD372, 0xD372, 0xD372, 0xD372, 0xD372, 0xD372, 0xD372, 0xD372, 0xD372, 0xD372,
    0xD372, 0xD372, 0xD372, 0x8A56, 0x8A56, 0x8A56, 0x8A56, 0x8A56, 0x8A56, 0x8A56, 0x8A56, 0x8A56, 0x8A56, 0x8A56, 0x8A56, 0x8A56,
    0x8A56, 0x8A56, 0x8A56, 0x8A56, 0x8A56, 0x8A56, 0x8A56, 0x8A56, 0x8A56, 0x8A56, 0x8A56, 0x8A56, 0x8A56, 0x8A56, 0x8A56, 0x8A56,
    0x8A56, 0x8A56, 0x8A56, 0x8A56, 0x8A56, 0x8A56, 0x8A56, 0x8A56, 0x8A56, 0x8A56, 0x8A56, 0x8A56, 0x8A56, 0x8A56, 0x8A56, 0x8A56,
    0x8A56, 0x8A56, 0x8A56, 0x8A56, 0x8A56, 0x8A56, 0x8A56, 0x8A56, 0x8A56, 0x8A56, 0x8A56, 0x8A56, 0x8A56, 0x8A56, 0x8A56, 0x8A56,
    0x8A56, 0x8A56, 0x8A56, 0x8A56, 0x8A56, 0x8A56, 0x8A56, 0x8A56, 0x8A56, 0x8A56, 0x8A56, 0x8A56, 0x8A56, 0x8A56, 0x8A56, 0x8A56,
    0x8A56, 0x8A56, 0x8A56, 0x8A56, 0x8A56, 0x8A56, 0x8A56, 0x8A56, 0x8A56, 0x8A56, 0x8A56, 0x8A56, 0x8A56, 0x8A56, 0x8A56, 0x8A56,
    0x8A56, 0x8A56, 0x8A56, 0x8A56, 0x8A56, 0x8A56, 0x8A56, 0x8A56, 0x8A56, 0x8A56, 0x8A56, 0xD372, 0xD372, 0xD372, 0xD372, 0xD372,
    0xD372, 0xD372, 0xD372, 0xD372, 0xD372, 0xD372, 0xD372, 0xD372, 0xD372, 0xD372, 0xD372, 0xD372, 0xD372, 0xD372, 0xD372, 0xD372,
    0xD372, 0xD372, 0xD372, 0xD372, 0xD372, 0xD372, 0xD372, 0xD372, 0xD372, 0xD372, 0xD372, 0xD372, 0xD372, 0xD372, 0xD372, 0xD372,
    0xD372, 0xD372, 0xD372, 0xD372, 0xD372, 0xD372, 0xD372, 0xD372, 0xD372, 0xD372, 0xD372, 0xD372, 0xD372, 0xD372, 0xD372, 0xD372,
    0xD372, 0xD372, 0xD372, 0xD372, 0xD372, 0xD372, 0xD372, 0xD372, 0xD372, 0xD372, 0xD372, 0xD372, 0xD372, 0xD372, 0xD372, 0xD372,
    0xD372, 0xD372, 0xD372, 0xD372, 0xD372, 0xD372, 0xD372, 0xD372, 0xD372, 0xD372, 0xD372, 0xD372, 0xD372, 0xD372, 0xD372, 0xD372,
    0xD372, 0xD372, 0xD372, 0xD372, 0xD372, 0xD372, 0xD372, 0xD372, 0xD372, 0xD372, 0xD372, 0xD372, 0xD372, 0xD372, 0xD372, 0xD372,
    0xD372, 0xD372, 0xD372, 0xD372, 0xD372, 0xD372, 0xD372, 0xD372, 0xD372, 0xD372, 0xD372, 0xD372, 0xD372, 0xD372, 0xD372, 0xD372,
    0xD372, 0xD372, 0xD372, 0xD372, 0xD372, 0xD372, 0xD372, 0xD372, 0xD372, 0xD372, 0xD372, 0xD372, 0xD372, 0xD372, 0xD372, 0xD372,
    0xD372, 0xD372, 0x8A56, 0x8A56, 0x8A56, 0xD372, 0xD372, 0xD372, 0xD372, 0xD372, 0xD372, 0xD372, 0xD372, 0xD372, 0xD372, 0xD372,
    0xD372, 0xD372, 0xD372, 0xD372, 0xD372, 0xD372, 0xD372, 0xD372, 0xD372, 0xD372, 0xD372, 0xD372, 0xD372, 0xD372, 0xD372, 0xD372,
    0xD372, 0xD372, 0xD372, 0xD372, 0xD372, 0xD372, 0xD372, 0xD372, 0xD372, 0xD372, 0xD372, 0xD372, 0xD372, 0xD372, 0xD372, 0xD372,
    0xD372, 0x8A56, 0xD372, 0xD372, 0x8A56, 0x8A56, 0xD372, 0xD372, 0x8A56, 0x8A56, 0xD372, 0xD372, 0x8A56, 0x8A56, 0xD372, 0xD372,
    0x8A56, 0xD372, 0xD372, 0x8A56, 0x8A56, 0xD372, 0xD372, 0x8A56, 0x8A56, 0xD372, 0xD372, 0x8A56, 0x8A56, 0xD372, 0xD372, 0x8A56,
    0xD372, 0xD372, 0x8A56, 0x8A56, 0xD372, 0xD372, 0x8A56, 0x8A56, 0x8A56, 0x8A56, 0x8A56, 0x8A56, 0x8A56, 0x8A56, 0x8A56, 0x8A56,
    0x8A56, 0x8A56, 0x8A56, 0x8A56, 0x8A56, 0x8A56, 0x8A56, 0x8A56, 0x8A56, 0x8A56, 0x8A56, 0x8A56, 0x8A56, 0xD372, 0xD372, 0xD372,
    0xD372, 0xD372, 0xD372, 0xD372, 0xD372, 0xD372, 0xD372, 0xD372, 0xD372, 0xD372, 0xD372, 0xD372, 0xD372, 0xD372, 0xD372, 0xD372,
    0xD372, 0xD372, 0xD372, 0xD372, 0xD372, 0xD372, 0xD372, 0xD372, 0xD372, 0xD372, 0xD372, 0xD372, 0xD372, 0xD372, 0xD372, 0xD372,
    0xD372, 0xD372, 0xD372, 0xD372, 0xD372, 0xD372, 0xD372, 0xD372, 0xD372, 0xD372, 0xD372, 0xD372, 0xD372, 0xD372, 0xD372, 0xD372,
    0xD372, 0xD372, 0xD372, 0xD372, 0xD372, 0xD372, 0xD372, 0xD372, 0xD372, 0xD372, 0xD372, 0xD372, 0xD372, 0xD372, 0xD372, 0xD372,
    0xD372, 0xD372, 0xD372, 0xD372, 0xD372, 0xD372, 0xD372, 0xD372, 0xD372, 0xD372, 0xD372, 0xD372, 0xD372, 0xD372, 0xD372, 0xD372,
    0xD372, 0xD372, 0xD372, 0xD372, 0xD372, 0xD372, 0xD372, 0xD372, 0xD372, 0xD372, 0xD372, 0xD372, 0xD372, 0xD372, 0xD372, 0xD372,
    0xD372, 0xD372, 0xD372, 0xD372, 0xD372, 0xD372, 0xD372, 0xD372, 0xD372, 0xD372, 0xD372, 0xD372, 0xD372, 0xD372, 0xD372, 0xD372,
    0xD372, 0xD372, 0xD372, 0xD372, 0xD372, 0xD372, 0xD372, 0xD372, 0xD372, 0xD372, 0xD372, 0xD372, 0xD372, 0xD372, 0xD372, 0xD372,
    0xD372, 0xD372, 0x8A56, 0x8A56, 0x8A56, 0xD372, 0xD372, 0xD372, 0xD372, 0xD372, 0xD372, 0xD372, 0xD372, 0xD372, 0xD372, 0xD372,
    0xD372, 0xD372, 0xD372, 0xD372, 0xD372, 0xD372, 0xD372, 0xD372, 0xD372, 0xD372, 0xD372, 0xD372, 0xD372, 0xD372, 0xD372, 0xD372,
    0xD372, 0xD372, 0xD372, 0xD372, 0xD372, 0xD372, 0xD372, 0xD372, 0xD372, 0xD372, 0xD372, 0xD372, 0xD372, 0xD372, 0xD372, 0xD372,
    0xD372, 0x8A56, 0xD372, 0xD372, 0x8A56, 0x8A56, 0xD372, 0xD372, 0x8A56, 0x8A56, 0xD372, 0xD372, 0x8A56, 0x8A56, 0xD372, 0xD372,
    0x8A56, 0xD372, 0xD372, 0x8A56, 0x8A56, 0xD372, 0xD372, 0x8A56, 0x8A56, 0xD372, 0xD372, 0x8A56, 0x8A56, 0xD372, 0xD372, 0x8A56,
    0xD372, 0xD372, 0x8A56, 0x8A56, 0xD372, 0xD372, 0x8A56, 0x8A56, 0x8A56, 0x8A56, 0x8A56, 0x8A56, 0x8A56, 0x8A56, 0x8A56, 0x8A56,
    0x8A56, 0x8A56, 0x8A56, 0x8A56, 0x8A56, 0x8A56, 0x8A56, 0x8A56, 0x8A56, 0x8A56, 0x8A56, 0x8A56, 0x8A56, 0xD372, 0xD372, 0xD372,
    0xD372, 0xD372, 0xD372, 0xD372, 0xD372, 0xD372, 0xD372, 0xD372, 0xD372, 0xD372, 0xD372, 0xD372, 0xD372, 0xD372, 0xD372, 0xD372,
    0xD372, 0xD372, 0xD372, 0xD372, 0xD372, 0xD372, 0xD372, 0xD372, 0xD372, 0xD372, 0xD372, 0xD372, 0xD372, 0xD372, 0xD372, 0xD372,
    0xD372, 0xD372, 0xD372, 0xD372, 0xD372, 0xD372, 0xD372, 0xD372, 0xD372, 0xD372, 0xD372, 0xD372, 0xD372, 0xD372, 0xD372, 0xD372,
    0xD372, 0xD372, 0xD372, 0xD372, 0xD372, 0xD372, 0xD372, 0xD372, 0xD372, 0xD372, 0xD372, 0xD372, 0xD372, 0xD372, 0xD372, 0xD372,
    0xD372, 0xD372, 0xD372, 0xD372, 0xD372, 0xD372, 0xD372, 0xD372, 0xD372, 0xD372, 0xD372, 0xD372, 0xD372, 0xD372, 0xD372, 0xD372,
    0xD372, 0xD372, 0xD372, 0xD372, 0xD372, 0xD372, 0xD372, 0xD372, 0xD372, 0xD372, 0xD372, 0xD372, 0xD372, 0xD372, 0xD372, 0xD372,
    0xD372, 0xD372, 0xD372, 0xD372, 0xD372, 0xD372, 0xD372, 0xD372, 0xD372, 0xD372, 0xD372, 0xD372, 0xD372, 0xD372, 0xD372, 0xD372,
    0xD372, 0xD372, 0xD372, 0xD372, 0xD372, 0xD372, 0xD372, 0xD372, 0xD372, 0xD372, 0xD372, 0xD372, 0xD372, 0xD372, 0xD372, 0xD372,
    0xD372, 0xD372, 0x8A56, 0xD372, 0xD372, 0x8A56, 0x8A56, 0xD372, 0xD372, 0xD372, 0xD372, 0xD372, 0xD372, 0xD372, 0xD372, 0xD372,
    0xD372, 0xD372, 0xD372, 0xD372, 0xD372, 0xD372, 0xD372, 0xD372, 0xD372, 0xD372, 0xD372, 0xD372, 0xD372, 0xD372, 0xD372, 0xD372,
    0xD372, 0xD372, 0xD372, 0xD372, 0xD372, 0xD372, 0xD372, 0xD372, 0xD372, 0xD372, 0xD372, 0xD372, 0xD372, 0xD372, 0xD372, 0xD372,
    0xD372, 0xD372, 0x8A56, 0x8A56, 0xD372, 0xD372, 0x8A56, 0x8A56, 0xD372, 0xD372, 0x8A56, 0x8A56, 0xD372, 0xD372, 0x8A56, 0x8A56,
    0xD372, 0x8A56, 0x8A56, 0xD372, 0xD372, 0x8A56, 0x8A56, 0xD372, 0xD372, 0x8A56, 0x8A56, 0xD372, 0xD372, 0x8A56, 0x8A56, 0xD372,
    0x8A56, 0x8A56, 0xD372, 0xD372, 0x8A56, 0x8A56, 0x8A56, 0x8A56, 0x8A56, 0x8A56, 0x8A56, 0x8A56, 0x8A56, 0x8A56, 0x8A56, 0x8A56,
    0x8A56, 0x8A56, 0x8A56, 0x8A56, 0x8A56, 0x8A56, 0x8A56, 0x8A56, 0x8A56, 0x8A56, 0x8A56, 0x8A56, 0x8A56, 0xD372, 0xD372, 0xD372,
    0xD372, 0xD372, 0xD372, 0xD372, 0xD372, 0xD372, 0xD372, 0xD372, 0xD372, 0xD372, 0xD372, 0xD372, 0xD372, 0xD372, 0xD372, 0xD372,
    0xD372, 0xD372, 0xD372, 0xD372, 0xD372, 0xD372, 0xD372, 0xD372, 0xD372, 0xD372, 0xD372, 0xD372, 0xD372, 0xD372, 0xD372, 0xD372,
    0xD372, 0xD372, 0xD372, 0xD372, 0xD372, 0xD372, 0xD372, 0xD372, 0xD372, 0xD372, 0xD372, 0xD372, 0xD372, 0xD372, 0xD372, 0xD372,
    0xD372, 0xD372, 0xD372, 0xD372, 0xD372, 0xD372, 0xD372, 0xD372, 0xD372, 0xD372, 0xD372, 0xD372, 0xD372, 0xD372, 0xD372, 0xD372,
    0xD372, 0xD372, 0xD372, 0xD372, 0xD372, 0xD372, 0xD372, 0xD372, 0xD372, 0xD372, 0xD372, 0xD372, 0xD372, 0xD372, 0xD372, 0xD372,
    0xD372, 0xD372, 0xD372, 0xD372, 0xD372, 0xD372, 0xD372, 0xD372, 0xD372, 0xD372, 0xD372, 0xD372, 0xD372, 0xD372, 0xD372, 0xD372,
    0xD372, 0xD372, 0xD372, 0xD372, 0xD372, 0xD372, 0xD372, 0xD372, 0xD372, 0xD372, 0xD372, 0xD372, 0xD372, 0xD372, 0xD372, 0xD372,
    0xD372, 0xD372, 0xD372, 0xD372, 0xD372, 0xD372, 0xD372, 0xD372, 0xD372, 0xD372, 0xD372, 0xD372, 0xD372, 0xD372, 0xD372, 0xD372,
    0xD372, 0xD372, 0x8A56, 0xD372, 0xD372, 0x8A56, 0x8A56, 0xD372, 0xD372, 0xD372, 0xD372, 0xD372, 0xD372, 0xD372, 0xD372, 0xD372,
    0xD372, 0xD372, 0xD372, 0xD372, 0xD372, 0xD372, 0xD372, 0xD372, 0xD372, 0xD372, 0xD372, 0xD372, 0xD372, 0xD372, 0xD372, 0xD372,
    0xD372, 0xD372, 0xD372, 0xD372, 0xD372, 0xD372, 0xD372, 0xD372, 0xD372, 0xD372, 0xD372, 0xD372, 0xD372, 0xD372, 0xD372, 0xD372,
    0xD372, 0xD372, 0x8A56, 0x8A56, 0xD372, 0xD372, 0x8A56, 0x8A56, 0xD372, 0xD372, 0x8A56, 0x8A56, 0xD372, 0xD372, 0x8A56, 0x8A56,
    0xD372, 0x8A56, 0x8A56, 0xD372, 0xD372, 0x8A56, 0x8A56, 0xD372, 0xD372, 0x8A56, 0x8A56, 0xD372, 0xD372, 0x8A56, 0x8A56, 0xD372,
    0x8A56, 0x8A56, 0xD372, 0xD372, 0x8A56, 0x8A56, 0x8A56, 0x8A56, 0x8A56, 0x8A56, 0x8A56, 0x8A56, 0x8A56, 0x8A56, 0x8A56, 0x8A56,
    0x8A56, 0x8A56, 0x8A56, 0x8A56, 0x8A56, 0x8A56, 0x8A56, 0x8A56, 0x8A56, 0x8A56, 0x8A56, 0x8A56, 0x8A56, 0xD372, 0xD372, 0xD372,
    0xD372, 0xD372, 0xD372, 0xD372, 0xD372, 0xD372, 0xD372, 0xD372, 0xD372, 0xD372, 0xD372, 0xD372, 0xD372, 0xD372, 0xD372, 0xD372,
    0xD372, 0xD372, 0xD372, 0xD372, 0xD372, 0xD372, 0xD372, 0xD372, 0xD372, 0xD372, 0xD372, 0xD372, 0xD372, 0xD372, 0xD372, 0xD372,
    0xD372, 0xD372, 0xD372, 0xD372, 0xD372, 0xD372, 0xD372, 0xD372, 0xD372, 0xD372, 0xD372, 0xD372, 0xD372, 0xD372, 0xD372, 0xD372,
    0xD372, 0xD372, 0xD372, 0xD372, 0xD372, 0xD372, 0xD372, 0xD372, 0xD372, 0xD372, 0xD372, 0xD372, 0xD372, 0xD372, 0xD372, 0xD372,
    0xD372, 0xD372, 0xD372, 0xD372, 0xD372, 0xD372, 0xD372, 0xD372, 0xD372, 0xD372, 0xD372, 0xD372, 0xD372, 0xD372, 0xD372, 0xD372,
    0xD372, 0xD372, 0xD372, 0xD372, 0xD372, 0xD372, 0xD372, 0xD372, 0xD372, 0xD372, 0xD372, 0xD372, 0xD372, 0xD372, 0xD372, 0xD372,
    0xD372, 0xD372, 0xD372, 0xD372, 0xD372, 0xD372, 0xD372, 0xD372, 0xD372, 0xD372, 0xD372, 0xD372, 0xD372, 0xD372, 0xD372, 0xD372,
    0xD372, 0xD372, 0xD372, 0xD372, 0xD372, 0xD372, 0xD372, 0xD372, 0xD372, 0xD372, 0xD372, 0xD372, 0xD372, 0xD372, 0xD372, 0xD372,
    0x8A56, 0x8A56, 0xD372, 0xD372, 0xD372, 0xD372, 0xD372, 0x8A56, 0x8A56, 0x8A56, 0x8A56, 0x8A56, 0x8A56, 0x8A56, 0x8A56, 0x8A56,
    0x8A56, 0x8A56, 0x8A56, 0x8A56, 0x8A56, 0x8A56, 0x8A56, 0x8A56, 0x8A56, 0x8A56, 0x8A56, 0x8A56, 0x8A56, 0x8A56, 0x8A56, 0x8A56,
    0x8A56, 0x8A56, 0x8A56, 0x8A56, 0x8A56, 0x8A56, 0x8A56, 0x8A56, 0x8A56, 0x8A56, 0x8A56, 0x8A56, 0x8A56, 0x8A56, 0x8A56, 0x8A56,
    0x8A56, 0x8A56, 0x8A56, 0x8A56, 0x8A56, 0x8A56, 0x8A56, 0x8A56, 0x8A56, 0x8A56, 0x8A56, 0x8A56, 0x8A56, 0x8A56, 0x8A56, 0x8A56,
    0x8A56, 0x8A56, 0x8A56, 0x8A56, 0x8A56, 0x8A56, 0x8A56, 0x8A56, 0x8A56, 0x8A56, 0x8A56, 0x8A56, 0x8A56, 0x8A56, 0x8A56, 0x8A56,
    0x8A56, 0x8A56, 0x8A56, 0x8A56, 0x8A56, 0x8A56, 0x8A56, 0x8A56, 0x8A56, 0x8A56, 0x8A56, 0x8A56, 0x8A56, 0x8A56, 0x8A56, 0x8A56,
    0x8A56, 0x8A56, 0x8A56, 0x8A56, 0x8A56, 0x8A56, 0x8A56, 0x8A56, 0x8A56, 0x8A56, 0x8A56, 0x8A56, 0x8A56, 0x8A56, 0xD372, 0xD372,
    0xD372, 0xD372, 0xD372, 0xD372, 0xD372, 0xD372, 0xD372, 0xD372, 0xD372, 0xD372, 0xD372, 0xD372, 0xD372, 0xD372, 0xD372, 0xD372,
    0xD372, 0xD372, 0xD372, 0xD372, 0xD372, 0xD372, 0xD372, 0xD372, 0xD372, 0xD372, 0xD372, 0xD372, 0xD372, 0xD372, 0xD372, 0xD372,
    0xD372, 0xD372, 0xD372, 0xD372, 0xD372, 0xD372, 0xD372, 0xD372, 0xD372, 0xD372, 0xD372, 0xD372, 0xD372, 0xD372, 0xD372, 0xD372,
    0xD372, 0xD372, 0xD372, 0xD372, 0xD372, 0xD372, 0xD372, 0xD372, 0xD372, 0xD372, 0xD372, 0xD372, 0xD372, 0xD372, 0xD372, 0xD372,
    0xD372, 0xD372, 0xD372, 0xD372, 0xD372, 0xD372, 0xD372, 0xD372, 0xD372, 0xD372, 0xD372, 0xD372, 0xD372, 0xD372, 0xD372, 0xD372,
    0xD372, 0xD372, 0xD372, 0xD372, 0xD372, 0xD372, 0xD372, 0xD372, 0xD372, 0xD372, 0xD372, 0xD372, 0xD372, 0xD372, 0xD372, 0xD372,
    0xD372, 0xD372, 0xD372, 0xD372, 0xD372, 0xD372, 0xD372, 0xD372, 0xD372, 0xD372, 0xD372, 0xD372, 0xD372, 0xD372, 0xD372, 0xD372,
    0xD372, 0xD372, 0xD372, 0xD372, 0xD372, 0xD372, 0xD372, 0xD372, 0xD372, 0xD372, 0xD372, 0xD372, 0xD372, 0xD372, 0xD372, 0xD372,
    0x8A56, 0x8A56, 0xD372, 0xD372, 0xD372, 0xD372, 0xD372, 0x8A56, 0x8A56, 0x8A56, 0x8A56, 0xD372, 0xD372, 0x8A56, 0x8A56, 0xD372,
    0xD372, 0x8A56, 0xD372, 0xD372, 0x8A56, 0x8A56, 0xD372, 0xD372, 0x8A56, 0x8A56, 0xD372, 0xD372, 0x8A56, 0x8A56, 0xD372, 0xD372,
    0x8A56, 0x8A56, 0xD372, 0x8A56, 0x8A56, 0xD372, 0xD372, 0x8A56, 0x8A56, 0xD372, 0xD372, 0x8A56, 0x8A56, 0xD372, 0xD372, 0x8A56,
    0x8A56, 0xD372, 0x8A56, 0x8A56, 0xD372, 0xD372, 0x8A56, 0x8A56, 0xD372, 0xD372, 0x8A56, 0x8A56, 0xD372, 0xD372, 0x8A56, 0x8A56,
    0xD372, 0x8A56, 0x8A56, 0xD372, 0xD372, 0x8A56, 0x8A56, 0xD372, 0xD372, 0x8A56, 0x8A56, 0xD372, 0xD372, 0x8A56, 0x8A56, 0xD372,
    0x8A56, 0x8A56, 0x8A56, 0x8A56, 0x8A56, 0x8A56, 0x8A56, 0x8A56, 0x8A56, 0x8A56, 0x8A56, 0x8A56, 0x8A56, 0x8A56, 0x8A56, 0x8A56,
    0x8A56, 0x8A56, 0x8A56, 0x8A56, 0x8A56, 0x8A56, 0x8A56, 0x8A56, 0x8A56, 0x8A56, 0x8A56, 0x8A56, 0x8A56, 0x8A56, 0xD372, 0xD372,
    0xD372, 0xD372, 0xD372, 0xD372, 0xD372, 0xD372, 0xD372, 0xD372, 0xD372, 0xD372, 0xD372, 0xD372, 0xD372, 0xD372, 0xD372, 0xD372,
    0xD372, 0xD372, 0xD372, 0xD372, 0xD372, 0xD372, 0xD372, 0xD372, 0xD372, 0xD372, 0xD372, 0xD372, 0xD372, 0xD372, 0xD372, 0xD372,
    0xD372, 0xD372, 0xD372, 0xD372, 0xD372, 0xD372, 0xD372, 0xD372, 0xD372, 0xD372, 0xD372, 0xD372, 0xD372, 0xD372, 0xD372, 0xD372,
    0xD372, 0xD372, 0xD372, 0xD372, 0xD372, 0xD372, 0xD372, 0xD372, 0xD372, 0xD372, 0xD372, 0xD372, 0xD372, 0xD372, 0xD372, 0xD372,
    0xD372, 0xD372, 0xD372, 0xD372, 0xD372, 0xD372, 0xD372, 0xD372, 0xD372, 0xD372, 0xD372, 0xD372, 0xD372, 0xD372, 0xD372, 0xD372,
    0xD372, 0xD372, 0xD372, 0xD372, 0xD372, 0xD372, 0xD372, 0xD372, 0xD372, 0xD372, 0xD372, 0xD372, 0xD372, 0xD372, 0xD372, 0xD372,
    0xD372, 0xD372, 0xD372, 0xD372, 0xD372, 0xD372, 0xD372, 0xD372, 0xD372, 0xD372, 0xD372, 0xD372, 0xD372, 0xD372, 0xD372, 0xD372,
    0xD372, 0xD372, 0xD372, 0xD372, 0xD372, 0xD372, 0xD372, 0xD372, 0xD372, 0xD372, 0xD372, 0xD372, 0xD372, 0xD372, 0xD372, 0xD372,
    0x8A56, 0x8A56, 0xD372, 0xD372, 0xD372, 0xD372, 0xD372, 0x8A56, 0x8A56, 0x8A56, 0x8A56, 0xD372, 0xD372, 0x8A56, 0x8A56, 0xD372,
    0xD372, 0x8A56, 0xD372, 0xD372, 0x8A56, 0x8A56, 0xD372, 0xD372, 0x8A56, 0x8A56, 0xD372, 0xD372, 0x8A56, 0x8A56, 0xD372, 0xD372,
    0x8A56, 0x8A56, 0xD372, 0x8A56, 0x8A56, 0xD372, 0xD372, 0x8A56, 0x8A56, 0xD372, 0xD372, 0x8A56, 0x8A56, 0xD372, 0xD372, 0x8A56,
    0x8A56, 0xD372, 0x8A56, 0x8A56, 0xD372, 0xD372, 0x8A56, 0x8A56, 0xD372, 0xD372, 0x8A56, 0x8A56, 0xD372, 0xD372, 0x8A56, 0x8A56,
    0xD372, 0x8A56, 0x8A56, 0xD372, 0xD372, 0x8A56, 0x8A56, 0xD372, 0xD372, 0x8A56, 0x8A56, 0xD372, 0xD372, 0x8A56, 0x8A56, 0xD372,
    0x8A56, 0x8A56, 0x8A56, 0x8A56, 0x8A56, 0x8A56, 0x8A56, 0x8A56, 0x8A56, 0x8A56, 0x8A56, 0x8A56, 0x8A56, 0x8A56, 0x8A56, 0x8A56,
    0x8A56, 0x8A56, 0x8A56, 0x8A56, 0x8A56, 0x8A56, 0x8A56, 0x8A56, 0x8A56, 0x8A56, 0x8A56, 0x8A56, 0x8A56, 0x8A56, 0xD372, 0xD372,
    0xD372, 0xD372, 0xD372, 0xD372, 0xD372, 0xD372, 0xD372, 0xD372, 0xD372, 0xD372, 0xD372, 0xD372, 0xD372, 0xD372, 0xD372, 0xD372,
    0xD372, 0xD372, 0xD372, 0xD372, 0xD372, 0xD372, 0xD372, 0xD372, 0xD372, 0xD372, 0xD372, 0xD372, 0xD372, 0xD372, 0xD372, 0xD372,
    0xD372, 0xD372, 0xD372, 0xD372, 0xD372, 0xD372, 0xD372, 0xD372, 0xD372, 0xD372, 0xD372, 0xD372, 0xD372, 0xD372, 0xD372, 0xD372,
    0xD372, 0xD372, 0xD372, 0xD372, 0xD372, 0xD372, 0xD372, 0xD372, 0xD372, 0xD372, 0xD372, 0xD372, 0xD372, 0xD372, 0xD372, 0xD372,
    0xD372, 0xD372, 0xD372, 0xD372, 0xD372, 0xD372, 0xD372, 0xD372, 0xD372, 0xD372, 0xD372, 0xD372, 0xD372, 0xD372, 0xD372, 0xD372,
    0xD372, 0xD372, 0xD372, 0xD372, 0xD372, 0xD372, 0xD372, 0xD372, 0xD372, 0xD372, 0xD372, 0xD372, 0xD372, 0xD372, 0xD372, 0xD372,
    0xD372, 0xD372, 0xD372, 0xD372, 0xD372, 0xD372, 0xD372, 0xD372, 0xD372, 0xD372, 0xD372, 0xD372, 0xD372, 0xD372, 0xD372, 0xD372,
    0xD372, 0xD372, 0xD372, 0xD372, 0xD372, 0xD372, 0xD372, 0xD372, 0xD372, 0xD372, 0xD372, 0xD372, 0xD372, 0xD372, 0x8A56, 0x8A56,
    0xD372, 0xD372, 0xD372, 0xD372, 0xD372, 0x8A56, 0x8A56, 0x8A56, 0x8A56, 0xD372, 0xD372, 0x8A56, 0x8A56, 0xD372, 0xD372, 0x8A56,
    0x8A56, 0xD372, 0x8A56, 0x8A56, 0xD372, 0xD372, 0x8A56, 0x8A56, 0xD372, 0xD372, 0x8A56, 0x8A56, 0xD372, 0xD372, 0x8A56, 0x8A56,
    0xD372, 0xD372, 0x8A56, 0x8A56, 0x8A56, 0x8A56, 0x8A56, 0x8A56, 0x8A56, 0x8A56, 0x8A56, 0x8A56, 0x8A56, 0x8A56, 0x8A56, 0x8A56,
    0x8A56, 0x8A56, 0x8A56, 0x8A56, 0x8A56, 0x8A56, 0x8A56, 0x8A56, 0x8A56, 0x8A56, 0x8A56, 0x8A56, 0x8A56, 0x8A56, 0x8A56, 0x8A56,
    0x8A56, 0x8A56, 0x8A56, 0x8A56, 0x8A56, 0x8A56, 0x8A56, 0x8A56, 0x8A56, 0x8A56, 0x8A56, 0x8A56, 0x8A56, 0x8A56, 0x8A56, 0x8A56,
    0x8A56, 0x8A56, 0x8A56, 0x8A56, 0x8A56, 0x8A56, 0x8A56, 0x8A56, 0x8A56, 0x8A56, 0x8A56, 0x8A56, 0x8A56, 0x8A56, 0x8A56, 0x8A56,
    0x8A56, 0x8A56, 0x8A56, 0x8A56, 0x8A56, 0x8A56, 0x8A56, 0x8A56, 0x8A56, 0x8A56, 0x8A56, 0x8A56, 0x8A56, 0x8A56, 0x8A56, 0x8A56,
    0xD372, 0xD372, 0xD372, 0xD372, 0xD372, 0xD372, 0xD372, 0xD372, 0xD372, 0xD372, 0xD372, 0xD372, 0xD372, 0xD372, 0xD372, 0xD372,
    0xD372, 0xD372, 0xD372, 0xD372, 0xD372, 0xD372, 0xD372, 0xD372, 0xD372, 0xD372, 0xD372, 0xD372, 0xD372, 0xD372, 0xD372, 0xD372,
    0xD372, 0xD372, 0xD372, 0xD372, 0xD372, 0xD372, 0xD372, 0xD372, 0xD372, 0xD372, 0xD372, 0xD372, 0xD372, 0xD372, 0xD372, 0xD372,
    0xD372, 0xD372, 0xD372, 0xD372, 0xD372, 0xD372, 0xD372, 0xD372, 0xD372, 0xD372, 0xD372, 0xD372, 0xD372, 0xD372, 0xD372, 0xD372,
    0xD372, 0xD372, 0xD372, 0xD372, 0xD372, 0xD372, 0xD372, 0xD372, 0xD372, 0xD372, 0xD372, 0xD372, 0xD372, 0xD372, 0xD372, 0xD372,
    0xD372, 0xD372, 0xD372, 0xD372, 0xD372, 0xD372, 0xD372, 0xD372, 0xD372, 0xD372, 0xD372, 0xD372, 0xD372, 0xD372, 0xD372, 0xD372,
    0xD372, 0xD372, 0xD372, 0xD372, 0xD372, 0xD372, 0xD372, 0xD372, 0xD372, 0xD372, 0xD372, 0xD372, 0xD372, 0xD372, 0xD372, 0xD372,
    0xD372, 0xD372, 0xD372, 0xD372, 0xD372, 0xD372, 0xD372, 0xD372, 0xD372, 0xD372, 0xD372, 0xD372, 0xD372, 0xD372, 0x8A56, 0x8A56,
    0xD372, 0xD372, 0xD372, 0xD372, 0xD372, 0x8A56, 0x8A56, 0x8A56, 0x8A56, 0xD372, 0xD372, 0x8A56, 0x8A56, 0xD372, 0xD372, 0x8A56,
    0x8A56, 0xD372, 0x8A56, 0x8A56, 0xD372, 0xD372, 0x8A56, 0x8A56, 0xD372, 0xD372, 0x8A56, 0x8A56, 0xD372, 0xD372, 0x8A56, 0x8A56,
    0xD372, 0xD372, 0x8A56, 0x8A56, 0x8A56, 0x8A56, 0x8A56, 0x8A56, 0x8A56, 0x8A56, 0x8A56, 0x8A56, 0x8A56, 0x8A56, 0x8A56, 0x8A56,
    0x8A56, 0x8A56, 0x8A56, 0x8A56, 0x8A56, 0x8A56, 0x8A56, 0x8A56, 0x8A56, 0x8A56, 0x8A56, 0x8A56, 0x8A56, 0x8A56, 0x8A56, 0x8A56,
    0x8A56, 0x8A56, 0x8A56, 0x8A56, 0x8A56, 0x8A56, 0x8A56, 0x8A56, 0x8A56, 0x8A56, 0x8A56, 0x8A56, 0x8A56, 0x8A56, 0x8A56, 0x8A56,
    0x8A56, 0x8A56, 0x8A56, 0x8A56, 0x8A56, 0x8A56, 0x8A56, 0x8A56, 0x8A56, 0x8A56, 0x8A56, 0x8A56, 0x8A56, 0x8A56, 0x8A56, 0x8A56,
    0x8A56, 0x8A56, 0x8A56, 0x8A56, 0x8A56, 0x8A56, 0x8A56, 0x8A56, 0x8A56, 0x8A56, 0x8A56, 0x8A56, 0x8A56, 0x8A56, 0x8A56, 0x8A56,
    0xD372, 0xD372, 0xD372, 0xD372, 0xD372, 0xD372, 0xD372, 0xD372, 0xD372, 0xD372, 0xD372, 0xD372, 0xD372, 0xD372, 0xD372, 0xD372,
    0xD372, 0xD372, 0xD372, 0xD372, 0xD372, 0xD372, 0xD372, 0xD372, 0xD372, 0xD372, 0xD372, 0xD372, 0xD372, 0xD372, 0xD372, 0xD372,
    0xD372, 0xD372, 0xD372, 0xD372, 0xD372, 0xD372, 0xD372, 0xD372, 0xD372, 0xD372, 0xD372, 0xD372, 0xD372, 0xD372, 0xD372, 0xD372,
    0xD372, 0xD372, 0xD372, 0xD372, 0xD372, 0xD372, 0xD372, 0xD372, 0xD372, 0xD372, 0xD372, 0xD372, 0xD372, 0xD372, 0xD372, 0xD372,
    0xD372, 0xD372, 0xD372, 0xD372, 0xD372, 0xD372, 0xD372, 0xD372, 0xD372, 0xD372, 0xD372, 0xD372, 0xD372, 0xD372, 0xD372, 0xD372,
    0xD372, 0xD372, 0xD372, 0xD372, 0xD372, 0xD372, 0xD372, 0xD372, 0xD372, 0xD372, 0xD372, 0xD372, 0xD372, 0xD372, 0xD372, 0xD372,
    0xD372, 0xD372, 0xD372, 0xD372, 0xD372, 0xD372, 0xD372, 0xD372, 0xD372, 0xD372, 0xD372, 0xD372, 0xD372, 0xD372, 0xD372, 0xD372,
    0xD372, 0xD372, 0xD372, 0xD372, 0xD372, 0xD372, 0xD372, 0xD372, 0xD372, 0xD372, 0xD372, 0xD372, 0xD372, 0xD372, 0x8A56, 0x8A56,
    0xD372, 0xD372, 0xD372, 0xD372, 0xD372, 0x8A56, 0x8A56, 0xD372, 0xD372, 0x8A56, 0x8A56, 0xD372, 0xD372, 0x8A56, 0x8A56, 0xD372,
    0xD372, 0x8A56, 0xD372, 0xD372, 0x8A56, 0x8A56, 0xD372, 0xD372, 0x8A56, 0x8A56, 0xD372, 0xD372, 0x8A56, 0x8A56, 0xD372, 0xD372,
    0x8A56, 0x8A56, 0xD372, 0x8A56, 0x8A56, 0xD372, 0xD372, 0x8A56, 0x8A56, 0xD372, 0xD372, 0x8A56, 0x8A56, 0xD372, 0xD372, 0x8A56,
    0x8A56, 0xD372, 0x8A56, 0x8A56, 0xD372, 0xD372, 0x8A56, 0x8A56, 0xD372, 0xD372, 0x8A56, 0x8A56, 0xD372, 0xD372, 0x8A56, 0x8A56,
    0xD372, 0x8A56, 0x8A56, 0xD372, 0xD372, 0x8A56, 0x8A56, 0xD372, 0xD372, 0x8A56, 0x8A56, 0xD372, 0xD372, 0x8A56, 0x8A56, 0x8A56,
    0x8A56, 0x8A56, 0x8A56, 0x8A56, 0x8A56, 0x8A56, 0x8A56, 0x8A56, 0x8A56, 0x8A56, 0x8A56, 0x8A56, 0x8A56, 0x8A56, 0x8A56, 0x8A56,
    0x8A56, 0x8A56, 0x8A56, 0x8A56, 0x8A56, 0x8A56, 0x8A56, 0x8A56, 0x8A56, 0x8A56, 0x8A56, 0x8A56, 0x8A56, 0x8A56, 0x8A56, 0x8A56,
    0xD372, 0xD372, 0xD372, 0xD372, 0xD372, 0xD372, 0xD372, 0xD372, 0xD372, 0xD372, 0xD372, 0xD372, 0xD372, 0xD372, 0xD372, 0xD372,
    0xD372, 0xD372, 0xD372, 0xD372, 0xD372, 0xD372, 0xD372, 0xD372, 0xD372, 0xD372, 0xD372, 0xD372, 0xD372, 0xD372, 0xD372, 0xD372,
    0xD372, 0xD372, 0xD372, 0xD372, 0xD372, 0xD372, 0xD372, 0xD372, 0xD372, 0xD372, 0xD372, 0xD372, 0xD372, 0xD372, 0xD372, 0xD372,
    0xD372, 0xD372, 0xD372, 0xD372, 0xD372, 0xD372, 0xD372, 0xD372, 0xD372, 0xD372, 0xD372, 0xD372, 0xD372, 0xD372, 0xD372, 0xD372,
    0xD372, 0xD372, 0xD372, 0xD372, 0xD372, 0xD372, 0xD372, 0xD372, 0xD372, 0xD372, 0xD372, 0xD372, 0xD372, 0xD372, 0xD372, 0xD372,
    0xD372, 0xD372, 0xD372, 0xD372, 0xD372, 0xD372, 0xD372, 0xD372, 0xD372, 0xD372, 0xD372, 0xD372, 0xD372, 0xD372, 0xD372, 0xD372,
    0xD372, 0xD372, 0xD372, 0xD372, 0xD372, 0xD372, 0xD372, 0xD372, 0xD372, 0xD372, 0xD372, 0xD372, 0xD372, 0xD372, 0xD372, 0xD372,
    0xD372, 0xD372, 0xD372, 0xD372, 0xD372, 0xD372, 0xD372, 0xD372, 0xD372, 0xD372, 0xD372, 0xD372, 0xD372, 0xD372, 0x8A56, 0x8A56,
    0xD372, 0xD372, 0xD372, 0xD372, 0xD372, 0x8A56, 0x8A56, 0xD372, 0xD372, 0x8A56, 0x8A56, 0xD372, 0xD372, 0x8A56, 0x8A56, 0xD372,
    0xD372, 0x8A56, 0xD372, 0xD372, 0x8A56, 0x8A56, 0xD372, 0xD372, 0x8A56, 0x8A56, 0xD372, 0xD372, 0x8A56, 0x8A56, 0xD372, 0xD372,
    0x8A56, 0x8A56, 0xD372, 0x8A56, 0x8A56, 0xD372, 0xD372, 0x8A56, 0x8A56, 0xD372, 0xD372, 0x8A56, 0x8A56, 0xD372, 0xD372, 0x8A56,
    0x8A56, 0xD372, 0x8A56, 0x8A56, 0xD372, 0xD372, 0x8A56, 0x8A56, 0xD372, 0xD372, 0x8A56, 0x8A56, 0xD372, 0xD372, 0x8A56, 0x8A56,
    0xD372, 0x8A56, 0x8A56, 0xD372, 0xD372, 0x8A56, 0x8A56, 0xD372, 0xD372, 0x8A56, 0x8A56, 0xD372, 0xD372, 0x8A56, 0x8A56, 0x8A56,
    0x8A56, 0x8A56, 0x8A56, 0x8A56, 0x8A56, 0x8A56, 0x8A56, 0x8A56, 0x8A56, 0x8A56, 0x8A56, 0x8A56, 0x8A56, 0x8A56, 0x8A56, 0x8A56,
    0x8A56, 0x8A56, 0x8A56, 0x8A56, 0x8A56, 0x8A56, 0x8A56, 0x8A56, 0x8A56, 0x8A56, 0x8A56, 0x8A56, 0x8A56, 0x8A56, 0x8A56, 0x8A56,
    0xD372, 0xD372, 0xD372, 0xD372, 0xD372, 0xD372, 0xD372, 0xD372, 0xD372, 0xD372, 0xD372, 0xD372, 0xD372, 0xD372, 0xD372, 0xD372,
    0xD372, 0xD372, 0xD372, 0xD372, 0xD372, 0xD372, 0xD372, 0xD372, 0xD372, 0xD372, 0xD372, 0xD372, 0xD372, 0xD372, 0xD372, 0xD372,
    0xD372, 0xD372, 0xD372, 0xD372, 0xD372, 0xD372, 0xD372, 0xD372, 0xD372, 0xD372, 0xD372, 0xD372, 0xD372, 0xD372, 0xD372, 0xD372,
    0xD372, 0xD372, 0xD372, 0xD372, 0xD372, 0xD372, 0xD372, 0xD372, 0xD372, 0xD372, 0xD372, 0xD372, 0xD372, 0xD372, 0xD372, 0xD372,
    0xD372, 0xD372, 0xD372, 0xD372, 0xD372, 0xD372, 0xD372, 0xD372, 0xD372, 0xD372, 0xD372, 0xD372, 0xD372, 0xD372, 0xD372, 0xD372,
    0xD372, 0xD372, 0xD372, 0xD372, 0xD372, 0xD372, 0xD372, 0xD372, 0xD372, 0xD372, 0xD372, 0xD372, 0xD372, 0xD372, 0xD372, 0xD372,
    0xD372, 0xD372, 0xD372, 0xD372, 0xD372, 0xD372, 0xD372, 0xD372, 0xD372, 0xD372, 0xD372, 0xD372, 0xD372, 0xD372, 0xD372, 0xD372,
    0xD372, 0xD372, 0xD372, 0xD372, 0xD372, 0xD372, 0xD372, 0xD372, 0xD372, 0xD372, 0xD372, 0xD372, 0x8A56, 0x8A56, 0xD372, 0xD372,
    0xD372, 0xD372, 0xD372, 0x8A56, 0x8A56, 0xD372, 0xD372, 0x8A56, 0x8A56, 0xD372, 0xD372, 0x8A56, 0x8A56, 0xD372, 0xD372, 0x8A56,
    0x8A56, 0xD372, 0x8A56, 0x8A56, 0xD372, 0xD372, 0x8A56, 0x8A56, 0xD372, 0xD372, 0x8A56, 0x8A56, 0xD372, 0xD372, 0x8A56, 0x8A56,
    0x8A56, 0x8A56, 0x8A56, 0x8A56, 0x8A56, 0x8A56, 0x8A56, 0x8A56, 0x8A56, 0x8A56, 0x8A56, 0x8A56, 0x8A56, 0x8A56, 0x8A56, 0x8A56,
    0x8A56, 0x8A56, 0x8A56, 0x8A56, 0x8A56, 0x8A56, 0x8A56, 0x8A56, 0x8A56, 0x8A56, 0x8A56, 0x8A56, 0x8A56, 0x8A56, 0x8A56, 0x8A56,
    0x8A56, 0x8A56, 0x8A56, 0x8A56, 0x8A56, 0x8A56, 0x8A56, 0x8A56, 0x8A56, 0x8A56, 0x8A56, 0x8A56, 0x8A56, 0x8A56, 0x8A56, 0x8A56,
    0x8A56, 0x8A56, 0x8A56, 0x8A56, 0x8A56, 0x8A56, 0x8A56, 0x8A56, 0x8A56, 0x8A56, 0x8A56, 0x8A56, 0x8A56, 0x8A56, 0x8A56, 0x8A56,
    0x8A56, 0x8A56, 0x8A56, 0x8A56, 0x8A56, 0x8A56, 0x8A56, 0x8A56, 0x8A56, 0x8A56, 0x8A56, 0x8A56, 0x8A56, 0x8A56, 0x8A56, 0x8A56,
    0x8A56, 0x8A56, 0xD372, 0xD372, 0xD372, 0xD372, 0xD372, 0xD372, 0xD372, 0xD372, 0xD372, 0xD372, 0xD372, 0xD372, 0xD372, 0xD372,
    0xD372, 0xD372, 0xD372, 0xD372, 0xD372, 0xD372, 0xD372, 0xD372, 0xD372, 0xD372, 0xD372, 0xD372, 0xD372, 0xD372, 0xD372, 0xD372,
    0xD372, 0xD372, 0xD372, 0xD372, 0xD372, 0xD372, 0xD372, 0xD372, 0xD372, 0xD372, 0xD372, 0xD372, 0xD372, 0xD372, 0xD372, 0xD372,
    0xD372, 0xD372, 0xD372, 0xD372, 0xD372, 0xD372, 0xD372, 0xD372, 0xD372, 0xD372, 0xD372, 0xD372, 0xD372, 0xD372, 0xD372, 0xD372,
    0xD372, 0xD372, 0xD372, 0xD372, 0xD372, 0xD372, 0xD372, 0xD372, 0xD372, 0xD372, 0xD372, 0xD372, 0xD372, 0xD372, 0xD372, 0xD372,
    0xD372, 0xD372, 0xD372, 0xD372, 0xD372, 0xD372, 0xD372, 0xD372, 0xD372, 0xD372, 0xD372, 0xD372, 0xD372, 0xD372, 0xD372, 0xD372,
    0xD372, 0xD372, 0xD372, 0xD372, 0xD372, 0xD372, 0xD372, 0xD372, 0xD372, 0xD372, 0xD372, 0xD372, 0xD372, 0xD372, 0xD372, 0xD372,
    0xD372, 0xD372, 0xD372, 0xD372, 0xD372, 0xD372, 0xD372, 0xD372, 0xD372, 0xD372, 0xD372, 0xD372, 0x8A56, 0x8A56, 0xD372, 0xD372,
    0xD372, 0xD372, 0xD372, 0x8A56, 0x8A56, 0xD372, 0xD372, 0x8A56, 0x8A56, 0xD372, 0xD372, 0x8A56, 0x8A56, 0xD372, 0xD372, 0x8A56,
    0x8A56, 0xD372, 0x8A56, 0x8A56, 0xD372, 0xD372, 0x8A56, 0x8A56, 0xD372, 0xD372, 0x8A56, 0x8A56, 0xD372, 0xD372, 0x8A56, 0x8A56,
    0x8A56, 0x8A56, 0x8A56, 0x8A56, 0x8A56, 0x8A56, 0x8A56, 0x8A56, 0x8A56, 0x8A56, 0x8A56, 0x8A56, 0x8A56, 0x8A56, 0x8A56, 0x8A56,
    0x8A56, 0x8A56, 0x8A56, 0x8A56, 0x8A56, 0x8A56, 0x8A56, 0x8A56, 0x8A56, 0x8A56, 0x8A56, 0x8A56, 0x8A56, 0x8A56, 0x8A56, 0x8A56,
    0x8A56, 0x8A56, 0x8A56, 0x8A56, 0x8A56, 0x8A56, 0x8A56, 0x8A56, 0x8A56, 0x8A56, 0x8A56, 0x8A56, 0x8A56, 0x8A56, 0x8A56, 0x8A56,
    0x8A56, 0x8A56, 0x8A56, 0x8A56, 0x8A56, 0x8A56, 0x8A56, 0x8A56, 0x8A56, 0x8A56, 0x8A56, 0x8A56, 0x8A56, 0x8A56, 0x8A56, 0x8A56,
    0x8A56, 0x8A56, 0x8A56, 0x8A56, 0x8A56, 0x8A56, 0x8A56, 0x8A56, 0x8A56, 0x8A56, 0x8A56, 0x8A56, 0x8A56, 0x8A56, 0x8A56, 0x8A56,
    0x8A56, 0x8A56, 0xD372, 0xD372, 0xD372, 0xD372, 0xD372, 0xD372, 0xD372, 0xD372, 0xD372, 0xD372, 0xD372, 0xD372, 0xD372, 0xD372,
    0xD372, 0xD372, 0xD372, 0xD372, 0xD372, 0xD372, 0xD372, 0xD372, 0xD372, 0xD372, 0xD372, 0xD372, 0xD372, 0xD372, 0xD372, 0xD372,
    0xD372, 0xD372, 0xD372, 0xD372, 0xD372, 0xD372, 0xD372, 0xD372, 0xD372, 0xD372, 0xD372, 0xD372, 0xD372, 0xD372, 0xD372, 0xD372,
    0xD372, 0xD372, 0xD372, 0xD372, 0xD372, 0xD372, 0xD372, 0xD372, 0xD372, 0xD372, 0xD372, 0xD372, 0xD372, 0xD372, 0xD372, 0xD372,
    0xD372, 0xD372, 0xD372, 0xD372, 0xD372, 0xD372, 0xD372, 0xD372, 0xD372, 0xD372, 0xD372, 0xD372, 0xD372, 0xD372, 0xD372, 0xD372,
    0xD372, 0xD372, 0xD372, 0xD372, 0xD372, 0xD372, 0xD372, 0xD372, 0xD372, 0xD372, 0xD372, 0xD372, 0xD372, 0xD372, 0xD372, 0xD372,
    0xD372, 0xD372, 0xD372, 0xD372, 0xD372, 0xD372, 0xD372, 0xD372, 0xD372, 0xD372, 0xD372, 0xD372, 0xD372, 0xD372, 0xD372, 0xD372,
    0xD372, 0xD372, 0xD372, 0xD372, 0xD372, 0xD372, 0xD372, 0xD372, 0xD372, 0xD372, 0xD372, 0xD372, 0x8A56, 0x8A56, 0xD372, 0xD372,
    0xD372, 0xD372, 0xD372, 0xD372, 0xD372, 0xD372, 0xD372, 0xD372, 0xD372, 0xD372, 0xD372, 0xD372, 0xD372, 0xD372, 0xD372, 0xD372,
    0xD372, 0xD372, 0xD372, 0xD372, 0x8A56, 0x8A56, 0xD372, 0xD372, 0x8A56, 0x8A56, 0xD372, 0xD372, 0x8A56, 0x8A56, 0xD372, 0xD372,
    0xD372, 0xD372, 0xD372, 0xD372, 0xD372, 0xD372, 0xD372, 0xD372, 0xD372, 0xD372, 0xD372, 0xD372, 0xD372, 0xD372, 0xD372, 0xD372,
    0xD372, 0xD372, 0xD372, 0xD372, 0xD372, 0xD372, 0x8A56, 0x8A56, 0xD372, 0xD372, 0x8A56, 0x8A56, 0xD372, 0xD372, 0xD372, 0xD372,
    0xD372, 0xD372, 0xD372, 0xD372, 0xD372, 0xD372, 0xD372, 0xD372, 0xD372, 0xD372, 0xD372, 0xD372, 0xD372, 0x8A56, 0x8A56, 0xD372,
    0xD372, 0xD372, 0xD372, 0xD372, 0xD372, 0xD372, 0xD372, 0xD372, 0xD372, 0xD372, 0xD372, 0xD372, 0xD372, 0xD372, 0xD372, 0x8A56,
    0x8A56, 0xD372, 0xD372, 0xD372, 0xD372, 0xD372, 0xD372, 0xD372, 0xD372, 0xD372, 0xD372, 0xD372, 0xD372, 0xD372, 0xD372, 0xD372,
    0xD372, 0xD372, 0xD372, 0xD372, 0xD372, 0xD372, 0xD372, 0xD372, 0xD372, 0xD372, 0xD372, 0xD372, 0xD372, 0xD372, 0xD372, 0xD372,
    0xD372, 0xD372, 0xD372, 0xD372, 0xD372, 0xD372, 0xD372, 0xD372, 0xD372, 0xD372, 0xD372, 0xD372, 0xD372, 0xD372, 0xD372, 0xD372,
    0xD372, 0xD372, 0xD372, 0xD372, 0xD372, 0xD372, 0xD372, 0xD372, 0xD372, 0xD372, 0xD372, 0xD372, 0xD372, 0xD372, 0xD372, 0xD372,
    0xD372, 0xD372, 0xD372, 0xD372, 0xD372, 0xD372, 0xD372, 0xD372, 0xD372, 0xD372, 0xD372, 0xD372, 0xD372, 0xD372, 0xD372, 0xD372,
    0xD372, 0xD372, 0xD372, 0xD372, 0xD372, 0xD372, 0xD372, 0xD372, 0xD372, 0xD372, 0xD372, 0xD372, 0xD372, 0xD372, 0xD372, 0xD372,
    0xD372, 0xD372, 0xD372, 0xD372, 0xD372, 0xD372, 0xD372, 0xD372, 0xD372, 0xD372, 0xD372, 0xD372, 0xD372, 0xD372, 0xD372, 0xD372,
    0xD372, 0xD372, 0xD372, 0xD372, 0xD372, 0xD372, 0xD372, 0xD372, 0xD372, 0xD372, 0xD372, 0xD372, 0xD372, 0xD372, 0xD372, 0xD372,
    0xD372, 0xD372, 0xD372, 0xD372, 0xD372, 0xD372, 0xD372, 0xD372, 0xD372, 0xD372, 0xD372, 0xD372, 0x8A56, 0x8A56, 0xD372, 0xD372,
    0xD372, 0xD372, 0xD372, 0xD372, 0xD372, 0xD372, 0xD372, 0xD372, 0xD372, 0xD372, 0xD372, 0xD372, 0xD372, 0xD372, 0xD372, 0xD372,
    0xD372, 0xD372, 0xD372, 0xD372, 0x8A56, 0x8A56, 0xD372, 0xD372, 0x8A56, 0x8A56, 0xD372, 0xD372, 0x8A56, 0x8A56, 0xD372, 0xD372,
    0xD372, 0xD372, 0xD372, 0xD372, 0xD372, 0xD372, 0xD372, 0xD372, 0xD372, 0xD372, 0xD372, 0xD372, 0xD372, 0xD372, 0xD372, 0xD372,
    0xD372, 0xD372, 0xD372, 0xD372, 0xD372, 0xD372, 0x8A56, 0x8A56, 0xD372, 0xD372, 0x8A56, 0x8A56, 0xD372, 0xD372, 0xD372, 0xD372,
    0xD372, 0xD372, 0xD372, 0xD372, 0xD372, 0xD372, 0xD372, 0xD372, 0xD372, 0xD372, 0xD372, 0xD372, 0xD372, 0x8A56, 0x8A56, 0xD372,
    0xD372, 0xD372, 0xD372, 0xD372, 0xD372, 0xD372, 0xD372, 0xD372, 0xD372, 0xD372, 0xD372, 0xD372, 0xD372, 0xD372, 0xD372, 0x8A56,
    0x8A56, 0xD372, 0xD372, 0xD372, 0xD372, 0xD372, 0xD372, 0xD372, 0xD372, 0xD372, 0xD372, 0xD372, 0xD372, 0xD372, 0xD372, 0xD372,
    0xD372, 0xD372, 0xD372, 0xD372, 0xD372, 0xD372, 0xD372, 0xD372, 0xD372, 0xD372, 0xD372, 0xD372, 0xD372, 0xD372, 0xD372, 0xD372,
    0xD372, 0xD372, 0xD372, 0xD372, 0xD372, 0xD372, 0xD372, 0xD372, 0xD372, 0xD372, 0xD372, 0xD372, 0xD372, 0xD372, 0xD372, 0xD372,
    0xD372, 0xD372, 0xD372, 0xD372, 0xD372, 0xD372, 0xD372, 0xD372, 0xD372, 0xD372, 0xD372, 0xD372, 0xD372, 0xD372, 0xD372, 0xD372,
    0xD372, 0xD372, 0xD372, 0xD372, 0xD372, 0xD372, 0xD372, 0xD372, 0xD372, 0xD372, 0xD372, 0xD372, 0xD372, 0xD372, 0xD372, 0xD372,
    0xD372, 0xD372, 0xD372, 0xD372, 0xD372, 0xD372, 0xD372, 0xD372, 0xD372, 0xD372, 0xD372, 0xD372, 0xD372, 0xD372, 0xD372, 0xD372,
    0xD372, 0xD372, 0xD372, 0xD372, 0xD372, 0xD372, 0xD372, 0xD372, 0xD372, 0xD372, 0xD372, 0xD372, 0xD372, 0xD372, 0xD372, 0xD372,
    0xD372, 0xD372, 0xD372, 0xD372, 0x8A56, 0x8A56, 0x8A56, 0x8A56, 0x8A56, 0x8A56, 0x8A56, 0x8A56, 0x8A56, 0x8A56, 0x8A56, 0x8A56,
    0x8A56, 0x8A56, 0x8A56, 0x8A56, 0x8A56, 0x8A56, 0x8A56, 0x8A56, 0x8A56, 0x8A56, 0xD372, 0xD372, 0xD372, 0xD372, 0x8A56, 0x8A56,
    0x8A56, 0x8A56, 0x8A56, 0x8A56, 0x8A56, 0x8A56, 0x8A56, 0x8A56, 0x8A56, 0x8A56, 0x8A56, 0x8A56, 0x8A56, 0x8A56, 0x8A56, 0x8A56,
    0x8A56, 0x8A56, 0x8A56, 0x8A56, 0xD372, 0xD372, 0x8A56, 0x8A56, 0x8A56, 0x8A56, 0x8A56, 0x8A56, 0xD372, 0xD372, 0x8A56, 0x8A56,
    0x8A56, 0x8A56, 0x8A56, 0x8A56, 0x8A56, 0x8A56, 0x8A56, 0x8A56, 0x8A56, 0x8A56, 0x8A56, 0x8A56, 0x8A56, 0x8A56, 0x8A56, 0x8A56,
    0x8A56, 0x8A56, 0x8A56, 0x8A56, 0x8A56, 0x8A56, 0xD372, 0xD372, 0x8A56, 0x8A56, 0xD372, 0xD372, 0x8A56, 0x8A56, 0x8A56, 0x8A56,
    0x8A56, 0x8A56, 0x8A56, 0x8A56, 0x8A56, 0x8A56, 0x8A56, 0x8A56, 0x8A56, 0x8A56, 0x8A56, 0x8A56, 0x8A56, 0xD372, 0xD372, 0x8A56,
    0x8A56, 0x8A56, 0x8A56, 0x8A56, 0x8A56, 0x8A56, 0x8A56, 0x8A56, 0x8A56, 0x8A56, 0x8A56, 0x8A56, 0x8A56, 0x8A56, 0x8A56, 0xD372,
    0xD372, 0x8A56, 0x8A56, 0x8A56, 0x8A56, 0x8A56, 0x8A56, 0x8A56, 0x8A56, 0x8A56, 0x8A56, 0x8A56, 0x8A56, 0x8A56, 0x8A56, 0x8A56,
    0x8A56, 0x8A56, 0x8A56, 0x8A56, 0x8A56, 0x8A56, 0x8A56, 0x8A56, 0x8A56, 0x8A56, 0xD372, 0xD372, 0xD372, 0xD372, 0xD372, 0xD372,
    0xD372, 0x8A56, 0x8A56, 0x8A56, 0x8A56, 0x8A56, 0x8A56, 0x8A56, 0x8A56, 0x8A56, 0x8A56, 0x8A56, 0x8A56, 0x8A56, 0x8A56, 0x8A56,
    0x8A56, 0x8A56, 0xD372, 0xD372, 0xD372, 0xD372, 0xD372, 0xD372, 0xD372, 0xD372, 0xD372, 0xD372, 0xD372, 0xD372, 0xD372, 0xD372,
    0xD372, 0xD372, 0xD372, 0xD372, 0xD372, 0xD372, 0xD372, 0xD372, 0xD372, 0xD372, 0xD372, 0xD372, 0xD372, 0xD372, 0xD372, 0xD372,
    0xD372, 0xD372, 0xD372, 0xD372, 0xD372, 0xD372, 0xD372, 0xD372, 0xD372, 0xD372, 0xD372, 0xD372, 0xD372, 0xD372, 0xD372, 0xD372,
    0xD372, 0xD372, 0xD372, 0xD372, 0xD372, 0xD372, 0xD372, 0xD372, 0xD372, 0xD372, 0xD372, 0xD372, 0xD372, 0xD372, 0xD372, 0xD372,
    0xD372, 0xD372, 0xD372, 0xD372, 0x8A56, 0x8A56, 0x8A56, 0x8A56, 0x8A56, 0x8A56, 0x8A56, 0x8A56, 0x8A56, 0x8A56, 0x8A56, 0x8A56,
    0x8A56, 0x8A56, 0x8A56, 0x8A56, 0x8A56, 0x8A56, 0x8A56, 0x8A56, 0x8A56, 0x8A56, 0xD372, 0xD372, 0xD372, 0xD372, 0x8A56, 0x8A56,
    0x8A56, 0x8A56, 0x8A56, 0x8A56, 0x8A56, 0x8A56, 0x8A56, 0x8A56, 0x8A56, 0x8A56, 0x8A56, 0x8A56, 0x8A56, 0x8A56, 0x8A56, 0x8A56,
    0x8A56, 0x8A56, 0x8A56, 0x8A56, 0xD372, 0xD372, 0x8A56, 0x8A56, 0x8A56, 0x8A56, 0x8A56, 0x8A56, 0xD372, 0xD372, 0x8A56, 0x8A56,
    0x8A56, 0x8A56, 0x8A56, 0x8A56, 0x8A56, 0x8A56, 0x8A56, 0x8A56, 0x8A56, 0x8A56, 0x8A56, 0x8A56, 0x8A56, 0x8A56, 0x8A56, 0x8A56,
    0x8A56, 0x8A56, 0x8A56, 0x8A56, 0x8A56, 0x8A56, 0xD372, 0xD372, 0x8A56, 0x8A56, 0xD372, 0xD372, 0x8A56, 0x8A56, 0x8A56, 0x8A56,
    0x8A56, 0x8A56, 0x8A56, 0x8A56, 0x8A56, 0x8A56, 0x8A56, 0x8A56, 0x8A56, 0x8A56, 0x8A56, 0x8A56, 0x8A56, 0xD372, 0xD372, 0x8A56,
    0x8A56, 0x8A56, 0x8A56, 0x8A56, 0x8A56, 0x8A56, 0x8A56, 0x8A56, 0x8A56, 0x8A56, 0x8A56, 0x8A56, 0x8A56, 0x8A56, 0x8A56, 0xD372,
    0xD372, 0x8A56, 0x8A56, 0x8A56, 0x8A56, 0x8A56, 0x8A56, 0x8A56, 0x8A56, 0x8A56, 0x8A56, 0x8A56, 0x8A56, 0x8A56, 0x8A56, 0x8A56,
    0x8A56, 0x8A56, 0x8A56, 0x8A56, 0x8A56, 0x8A56, 0x8A56, 0x8A56, 0x8A56, 0x8A56, 0xD372, 0xD372, 0xD372, 0xD372, 0xD372, 0xD372,
    0xD372, 0x8A56, 0x8A56, 0x8A56, 0x8A56, 0x8A56, 0x8A56, 0x8A56, 0x8A56, 0x8A56, 0x8A56, 0x8A56, 0x8A56, 0x8A56, 0x8A56, 0x8A56,
    0x8A56, 0x8A56, 0xD372, 0xD372, 0xD372, 0xD372, 0xD372, 0xD372, 0xD372, 0xD372, 0xD372, 0xD372, 0xD372, 0xD372, 0xD372, 0xD372,
    0xD372, 0xD372, 0xD372, 0xD372, 0xD372, 0xD372, 0xD372, 0xD372, 0xD372, 0xD372, 0xD372, 0xD372, 0xD372, 0xD372, 0xD372, 0xD372,
    0xD372, 0xD372, 0xD372, 0xD372, 0xD372, 0xD372, 0xD372, 0xD372, 0xD372, 0xD372, 0xD372, 0xD372, 0xD372, 0xD372, 0xD372, 0xD372,
    0xD372, 0xD372, 0xD372, 0xD372, 0xD372, 0xD372, 0xD372, 0xD372, 0xD372, 0xD372, 0xD372, 0xD372, 0xD372, 0xD372, 0xD372, 0xD372,
    0xD372, 0xD372, 0xD372, 0xD372, 0x8A56, 0x8A56, 0x8A56, 0x8A56, 0x8A56, 0x8A56, 0x8A56, 0x8A56, 0x8A56, 0x8A56, 0x8A56, 0x8A56,
    0x8A56, 0x8A56, 0x8A56, 0x8A56, 0x8A56, 0x8A56, 0x8A56, 0x8A56, 0x8A56, 0x8A56, 0x8A56, 0x8A56, 0xD372, 0xD372, 0x8A56, 0x8A56,
    0x8A56, 0x8A56, 0x8A56, 0x8A56, 0x8A56, 0x8A56, 0x8A56, 0x8A56, 0x8A56, 0x8A56, 0x8A56, 0x8A56, 0x8A56, 0x8A56, 0x8A56, 0xD372,
    0xD372, 0x8A56, 0x8A56, 0x8A56, 0x8A56, 0x8A56, 0xD372, 0xD372, 0xD372, 0xD372, 0xD372, 0xD372, 0x8A56, 0x8A56, 0x8A56, 0x8A56,
    0x8A56, 0x8A56, 0x8A56, 0x8A56, 0x8A56, 0x8A56, 0x8A56, 0x8A56, 0x8A56, 0x8A56, 0x8A56, 0x8A56, 0x8A56, 0x8A56, 0x8A56, 0x8A56,
    0x8A56, 0x8A56, 0x8A56, 0x8A56, 0x8A56, 0x8A56, 0x8A56, 0x8A56, 0xD372, 0xD372, 0xD372, 0xD372, 0x8A56, 0x8A56, 0x8A56, 0x8A56,
    0x8A56, 0x8A56, 0x8A56, 0x8A56, 0x8A56, 0x8A56, 0x8A56, 0x8A56, 0x8A56, 0x8A56, 0x8A56, 0x8A56, 0x8A56, 0xD372, 0xD372, 0x8A56,
    0x8A56, 0x8A56, 0x8A56, 0x8A56, 0x8A56, 0x8A56, 0x8A56, 0x8A56, 0x8A56, 0x8A56, 0x8A56, 0x8A56, 0x8A56, 0x8A56, 0x8A56, 0xD372,
    0xD372, 0x8A56, 0x8A56, 0x8A56, 0x8A56, 0x8A56, 0x8A56, 0x8A56, 0x8A56, 0x8A56, 0x8A56, 0x8A56, 0x8A56, 0x8A56, 0x8A56, 0x8A56,
    0x8A56, 0x8A56, 0xD372, 0xD372, 0x8A56, 0x8A56, 0x8A56, 0x8A56, 0x8A56, 0x8A56, 0xD372, 0xD372, 0xD372, 0xD372, 0xD372, 0xD372,
    0xD372, 0x8A56, 0x8A56, 0x8A56, 0x8A56, 0x8A56, 0x8A56, 0x8A56, 0x8A56, 0x8A56, 0x8A56, 0x8A56, 0x8A56, 0x8A56, 0x8A56, 0x8A56,
    0x8A56, 0x8A56, 0xD372, 0xD372, 0xD372, 0xD372, 0xD372, 0xD372, 0xD372, 0xD372, 0xD372, 0xD372, 0xD372, 0xD372, 0xD372, 0xD372,
    0xD372, 0xD372, 0xD372, 0xD372, 0xD372, 0xD372, 0xD372, 0xD372, 0xD372, 0xD372, 0xD372, 0xD372, 0xD372, 0xD372, 0xD372, 0xD372,
    0xD372, 0xD372, 0xD372, 0xD372, 0xD372, 0xD372, 0xD372, 0xD372, 0xD372, 0xD372, 0xD372, 0xD372, 0xD372, 0xD372, 0xD372, 0xD372,
    0xD372, 0xD372, 0xD372, 0xD372, 0xD372, 0xD372, 0xD372, 0xD372, 0xD372, 0xD372, 0xD372, 0xD372, 0xD372, 0xD372, 0xD372, 0xD372,
    0xD372, 0xD372, 0xD372, 0xD372, 0x8A56, 0x8A56, 0x8A56, 0x8A56, 0x8A56, 0x8A56, 0x8A56, 0x8A56, 0x8A56, 0x8A56, 0x8A56, 0x8A56,
    0x8A56, 0x8A56, 0x8A56, 0x8A56, 0x8A56, 0x8A56, 0x8A56, 0x8A56, 0x8A56, 0x8A56, 0x8A56, 0x8A56, 0xD372, 0xD372, 0x8A56, 0x8A56,
    0x8A56, 0x8A56, 0x8A56, 0x8A56, 0x8A56, 0x8A56, 0x8A56, 0x8A56, 0x8A56, 0x8A56, 0x8A56, 0x8A56, 0x8A56, 0x8A56, 0x8A56, 0xD372,
    0xD372, 0x8A56, 0x8A56, 0x8A56, 0x8A56, 0x8A56, 0xD372, 0xD372, 0xD372, 0xD372, 0xD372, 0xD372, 0x8A56, 0x8A56, 0x8A56, 0x8A56,
    0x8A56, 0x8A56, 0x8A56, 0x8A56, 0x8A56, 0x8A56, 0x8A56, 0x8A56, 0x8A56, 0x8A56, 0x8A56, 0x8A56, 0x8A56, 0x8A56, 0x8A56, 0x8A56,
    0x8A56, 0x8A56, 0x8A56, 0x8A56, 0x8A56, 0x8A56, 0x8A56, 0x8A56, 0xD372, 0xD372, 0xD372, 0xD372, 0x8A56, 0x8A56, 0x8A56, 0x8A56,
    0x8A56, 0x8A56, 0x8A56, 0x8A56, 0x8A56, 0x8A56, 0x8A56, 0x8A56, 0x8A56, 0x8A56, 0x8A56, 0x8A56, 0x8A56, 0xD372, 0xD372, 0x8A56,
    0x8A56, 0x8A56, 0x8A56, 0x8A56, 0x8A56, 0x8A56, 0x8A56, 0x8A56, 0x8A56, 0x8A56, 0x8A56, 0x8A56, 0x8A56, 0x8A56, 0x8A56, 0xD372,
    0xD372, 0x8A56, 0x8A56, 0x8A56, 0x8A56, 0x8A56, 0x8A56, 0x8A56, 0x8A56, 0x8A56, 0x8A56, 0x8A56, 0x8A56, 0x8A56, 0x8A56, 0x8A56,
    0x8A56, 0x8A56, 0xD372, 0xD372, 0x8A56, 0x8A56, 0x8A56, 0x8A56, 0x8A56, 0x8A56, 0xD372, 0xD372, 0xD372, 0xD372, 0xD372, 0xD372,
    0xD372, 0x8A56, 0x8A56, 0x8A56, 0x8A56, 0x8A56, 0x8A56, 0x8A56, 0x8A56, 0x8A56, 0x8A56, 0x8A56, 0x8A56, 0x8A56, 0x8A56, 0x8A56,
    0x8A56, 0x8A56, 0xD372, 0xD372, 0xD372, 0xD372, 0xD372, 0xD372, 0xD372, 0xD372, 0xD372, 0xD372, 0xD372, 0xD372, 0xD372, 0xD372,
    0xD372, 0xD372, 0xD372, 0xD372, 0xD372, 0xD372, 0xD372, 0xD372, 0xD372, 0xD372, 0xD372, 0xD372, 0xD372, 0xD372, 0xD372, 0xD372,
    0xD372, 0xD372, 0xD372, 0xD372, 0xD372, 0xD372, 0xD372, 0xD372, 0xD372, 0xD372, 0xD372, 0xD372, 0xD372, 0xD372, 0xD372, 0xD372,
    0xD372, 0xD372, 0xD372, 0xD372, 0xD372, 0xD372, 0xD372, 0xD372, 0xD372, 0xD372, 0xD372, 0xD372, 0xD372, 0xD372, 0xD372, 0xD372,
    0xD372, 0xD372, 0xD372, 0xD372, 0xD372, 0xD372, 0xD372, 0xD372, 0xD372, 0x8A56, 0x8A56, 0x8A56, 0x8A56, 0xD372, 0xD372, 0xD372,
    0xD372, 0xD372, 0xD372, 0xD372, 0xD372, 0xD372, 0xD372, 0xD372, 0x8A56, 0x8A56, 0x8A56, 0x8A56, 0xD372, 0xD372, 0x8A56, 0x8A56,
    0x8A56, 0x8A56, 0xD372, 0xD372, 0xD372, 0xD372, 0xD372, 0xD372, 0xD372, 0xD372, 0xD372, 0xD372, 0xD372, 0xD372, 0xD372, 0xD372,
    0xD372, 0x8A56, 0x8A56, 0x8A56, 0x8A56, 0x8A56, 0xD372, 0xD372, 0xD372, 0xD372, 0x8A56, 0x8A56, 0x8A56, 0x8A56, 0x8A56, 0x8A56,
    0xD372, 0xD372, 0xD372, 0xD372, 0xD372, 0x8A56, 0x8A56, 0x8A56, 0x8A56, 0xD372, 0xD372, 0xD372, 0xD372, 0xD372, 0xD372, 0xD372,
    0xD372, 0xD372, 0xD372, 0xD372, 0x8A56, 0x8A56, 0x8A56, 0x8A56, 0xD372, 0xD372, 0xD372, 0xD372, 0x8A56, 0x8A56, 0x8A56, 0x8A56,
    0xD372, 0xD372, 0xD372, 0xD372, 0xD372, 0xD372, 0xD372, 0xD372, 0xD372, 0xD372, 0xD372, 0xD372, 0xD372, 0xD372, 0xD372, 0x8A56,
    0x8A56, 0x8A56, 0xD372, 0xD372, 0xD372, 0xD372, 0xD372, 0xD372, 0xD372, 0xD372, 0xD372, 0xD372, 0xD372, 0xD372, 0xD372, 0x8A56,
    0x8A56, 0xD372, 0xD372, 0xD372, 0xD372, 0xD372, 0xD372, 0x8A56, 0x8A56, 0x8A56, 0x8A56, 0x8A56, 0x8A56, 0xD372, 0xD372, 0xD372,
    0xD372, 0xD372, 0xD372, 0xD372, 0x8A56, 0x8A56, 0x8A56, 0x8A56, 0xD372, 0xD372, 0xD372, 0xD372, 0xD372, 0xD372, 0xD372, 0xD372,
    0xD372, 0x8A56, 0x8A56, 0x8A56, 0x8A56, 0xD372, 0xD372, 0xD372, 0xD372, 0xD372, 0xD372, 0xD372, 0xD372, 0xD372, 0xD372, 0xD372,
    0xD372, 0xD372, 0xD372, 0xD372, 0xD372, 0xD372, 0xD372, 0xD372, 0xD372, 0xD372, 0xD372, 0xD372, 0xD372, 0xD372, 0xD372, 0xD372,
    0xD372, 0xD372, 0xD372, 0xD372, 0xD372, 0xD372, 0xD372, 0xD372, 0xD372, 0xD372, 0xD372, 0xD372, 0xD372, 0xD372, 0xD372, 0xD372,
    0xD372, 0xD372, 0xD372, 0xD372, 0xD372, 0xD372, 0xD372, 0xD372, 0xD372, 0xD372, 0xD372, 0xD372, 0xD372, 0xD372, 0xD372, 0xD372,
    0xD372, 0xD372, 0xD372, 0xD372, 0xD372, 0xD372, 0xD372, 0xD372, 0xD372, 0xD372, 0xD372, 0xD372, 0xD372, 0xD372, 0xD372, 0xD372,
    0xD372, 0xD372, 0xD372, 0xD372, 0xD372, 0xD372, 0xD372, 0xD372, 0xD372, 0x8A56, 0x8A56, 0x8A56, 0x8A56, 0xD372, 0xD372, 0xD372,
    0xD372, 0xD372, 0xD372, 0xD372, 0xD372, 0xD372, 0xD372, 0xD372, 0x8A56, 0x8A56, 0x8A56, 0x8A56, 0xD372, 0xD372, 0x8A56, 0x8A56,
    0x8A56, 0x8A56, 0xD372, 0xD372, 0xD372, 0xD372, 0xD372, 0xD372, 0xD372, 0xD372, 0xD372, 0x8A56, 0x8A56, 0xD372, 0xD372, 0x8A56,
    0x8A56, 0xD372, 0x8A56, 0x8A56, 0x8A56, 0x8A56, 0x8A56, 0x8A56, 0x8A56, 0x8A56, 0x8A56, 0x8A56, 0x8A56, 0x8A56, 0xD372, 0xD372,
    0xD372, 0xD372, 0xD372, 0xD372, 0xD372, 0x8A56, 0x8A56, 0x8A56, 0x8A56, 0xD372, 0xD372, 0xD372, 0xD372, 0xD372, 0xD372, 0xD372,
    0xD372, 0xD372, 0xD372, 0xD372, 0x8A56, 0x8A56, 0x8A56, 0x8A56, 0xD372, 0xD372, 0xD372, 0xD372, 0x8A56, 0x8A56, 0x8A56, 0x8A56,
    0xD372, 0xD372, 0xD372, 0xD372, 0xD372, 0xD372, 0xD372, 0xD372, 0xD372, 0xD372, 0xD372, 0xD372, 0xD372, 0xD372, 0xD372, 0x8A56,
    0x8A56, 0x8A56, 0xD372, 0xD372, 0xD372, 0xD372, 0xD372, 0xD372, 0xD372, 0xD372, 0xD372, 0xD372, 0xD372, 0xD372, 0xD372, 0xD372,
    0xD372, 0x8A56, 0x8A56, 0x8A56, 0x8A56, 0xD372, 0xD372, 0x8A56, 0x8A56, 0x8A56, 0x8A56, 0xD372, 0xD372, 0x8A56, 0x8A56, 0x8A56,
    0x8A56, 0x8A56, 0xD372, 0xD372, 0x8A56, 0x8A56, 0x8A56, 0x8A56, 0xD372, 0xD372, 0xD372, 0xD372, 0xD372, 0xD372, 0xD372, 0xD372,
    0xD372, 0x8A56, 0x8A56, 0x8A56, 0x8A56, 0xD372, 0xD372, 0xD372, 0xD372, 0xD372, 0xD372, 0xD372, 0xD372, 0xD372, 0xD372, 0xD372,
    0xD372, 0xD372, 0xD372, 0xD372, 0xD372, 0xD372, 0xD372, 0xD372, 0xD372, 0xD372, 0xD372, 0xD372, 0xD372, 0xD372, 0xD372, 0xD372,
    0xD372, 0xD372, 0xD372, 0xD372, 0xD372, 0xD372, 0xD372, 0xD372, 0xD372, 0xD372, 0xD372, 0xD372, 0xD372, 0xD372, 0xD372, 0xD372,
    0xD372, 0xD372, 0xD372, 0xD372, 0xD372, 0xD372, 0xD372, 0xD372, 0xD372, 0xD372, 0xD372, 0xD372, 0xD372, 0xD372, 0xD372, 0xD372,
    0xD372, 0xD372, 0xD372, 0xD372, 0xD372, 0xD372, 0xD372, 0xD372, 0xD372, 0xD372, 0xD372, 0xD372, 0xD372, 0xD372, 0xD372, 0xD372,
    0xD372, 0xD372, 0xD372, 0xD372, 0xD372, 0xD372, 0xD372, 0xD372, 0xD372, 0x8A56, 0x8A56, 0x8A56, 0x8A56, 0xD372, 0xD372, 0xD372,
    0xD372, 0xD372, 0xD372, 0xD372, 0xD372, 0xD372, 0xD372, 0xD372, 0x8A56, 0x8A56, 0x8A56, 0x8A56, 0xD372, 0xD372, 0x8A56, 0x8A56,
    0x8A56, 0x8A56, 0xD372, 0xD372, 0xD372, 0xD372, 0xD372, 0xD372, 0xD372, 0xD372, 0xD372, 0x8A56, 0x8A56, 0xD372, 0xD372, 0x8A56,
    0x8A56, 0xD372, 0x8A56, 0x8A56, 0x8A56, 0x8A56, 0x8A56, 0x8A56, 0x8A56, 0x8A56, 0x8A56, 0x8A56, 0x8A56, 0x8A56, 0xD372, 0xD372,
    0xD372, 0xD372, 0xD372, 0xD372, 0xD372, 0x8A56, 0x8A56, 0x8A56, 0x8A56, 0xD372, 0xD372, 0xD372, 0xD372, 0xD372, 0xD372, 0xD372,
    0xD372, 0xD372, 0xD372, 0xD372, 0x8A56, 0x8A56, 0x8A56, 0x8A56, 0xD372, 0xD372, 0xD372, 0xD372, 0x8A56, 0x8A56, 0x8A56, 0x8A56,
    0xD372, 0xD372, 0xD372, 0xD372, 0xD372, 0xD372, 0xD372, 0xD372, 0xD372, 0xD372, 0xD372, 0xD372, 0xD372, 0xD372, 0xD372, 0x8A56,
    0x8A56, 0x8A56, 0xD372, 0xD372, 0xD372, 0xD372, 0xD372, 0xD372, 0xD372, 0xD372, 0xD372, 0xD372, 0xD372, 0xD372, 0xD372, 0xD372,
    0xD372, 0x8A56, 0x8A56, 0x8A56, 0x8A56, 0xD372, 0xD372, 0x8A56, 0x8A56, 0x8A56, 0x8A56, 0xD372, 0xD372, 0x8A56, 0x8A56, 0x8A56,
    0x8A56, 0x8A56, 0xD372, 0xD372, 0x8A56, 0x8A56, 0x8A56, 0x8A56, 0xD372, 0xD372, 0xD372, 0xD372, 0xD372, 0xD372, 0xD372, 0xD372,
    0xD372, 0x8A56, 0x8A56, 0x8A56, 0x8A56, 0xD372, 0xD372, 0xD372, 0xD372, 0xD372, 0xD372, 0xD372, 0xD372, 0xD372, 0xD372, 0xD372,
    0xD372, 0xD372, 0xD372, 0xD372, 0xD372, 0xD372, 0xD372, 0xD372, 0xD372, 0xD372, 0xD372, 0xD372, 0xD372, 0xD372, 0xD372, 0xD372,
    0xD372, 0xD372, 0xD372, 0xD372, 0xD372, 0xD372, 0xD372, 0xD372, 0xD372, 0xD372, 0xD372, 0xD372, 0xD372, 0xD372, 0xD372, 0xD372,
    0xD372, 0xD372, 0xD372, 0xD372, 0xD372, 0xD372, 0xD372, 0xD372, 0xD372, 0xD372, 0xD372, 0xD372, 0xD372, 0xD372, 0xD372, 0xD372,
    0xD372, 0xD372, 0xD372, 0xD372, 0xD372, 0xD372, 0xD372, 0xD372, 0xD372, 0xD372, 0xD372, 0xD372, 0xD372, 0xD372, 0xD372, 0xD372,
    0xD372, 0xD372, 0xD372, 0xD372, 0xD372, 0xD372, 0xD372, 0x8A56, 0x8A56, 0x8A56, 0x8A56, 0x8A56, 0x8A56, 0x8A56, 0x8A56, 0x8A56,
    0x8A56, 0x8A56, 0x8A56, 0x8A56, 0x8A56, 0x8A56, 0x8A56, 0x8A56, 0x8A56, 0x8A56, 0xD372, 0xD372, 0x8A56, 0x8A56, 0x8A56, 0x8A56,
    0x8A56, 0x8A56, 0x8A56, 0x8A56, 0x8A56, 0x8A56, 0x8A56, 0x8A56, 0x8A56, 0x8A56, 0x8A56, 0xD372, 0xD372, 0x8A56, 0x8A56, 0xD372,
    0xD372, 0xD372, 0x8A56, 0x8A56, 0x8A56, 0x8A56, 0x8A56, 0x8A56, 0x8A56, 0x8A56, 0x8A56, 0x8A56, 0xD372, 0xD372, 0xD372, 0xD372,
    0xD372, 0xD372, 0xD372, 0x8A56, 0x8A56, 0x8A56, 0x8A56, 0x8A56, 0x8A56, 0x8A56, 0x8A56, 0x8A56, 0x8A56, 0x8A56, 0x8A56, 0x8A56,
    0x8A56, 0x8A56, 0x8A56, 0x8A56, 0x8A56, 0x8A56, 0xD372, 0xD372, 0xD372, 0xD372, 0x8A56, 0x8A56, 0x8A56, 0x8A56, 0x8A56, 0x8A56,
    0x8A56, 0x8A56, 0x8A56, 0x8A56, 0x8A56, 0x8A56, 0x8A56, 0x8A56, 0x8A56, 0xD372, 0xD372, 0xD372, 0xD372, 0x8A56, 0x8A56, 0x8A56,
    0x8A56, 0x8A56, 0x8A56, 0x8A56, 0x8A56, 0x8A56, 0x8A56, 0x8A56, 0x8A56, 0x8A56, 0x8A56, 0x8A56, 0xD372, 0xD372, 0xD372, 0x8A56,
    0x8A56, 0x8A56, 0x8A56, 0x8A56, 0x8A56, 0xD372, 0xD372, 0x8A56, 0x8A56, 0x8A56, 0x8A56, 0xD372, 0xD372, 0x8A56, 0x8A56, 0x8A56,
    0xD372, 0xD372, 0x8A56, 0x8A56, 0x8A56, 0x8A56, 0x8A56, 0x8A56, 0xD372, 0xD372, 0xD372, 0xD372, 0xD372, 0xD372, 0xD372, 0x8A56,
    0x8A56, 0x8A56, 0x8A56, 0x8A56, 0x8A56, 0x8A56, 0x8A56, 0x8A56, 0x8A56, 0x8A56, 0x8A56, 0x8A56, 0x8A56, 0x8A56, 0xD372, 0xD372,
    0xD372, 0xD372, 0xD372, 0xD372, 0xD372, 0xD372, 0xD372, 0xD372, 0xD372, 0xD372, 0xD372, 0xD372, 0xD372, 0xD372, 0xD372, 0xD372,
    0xD372, 0xD372, 0xD372, 0xD372, 0xD372, 0xD372, 0xD372, 0xD372, 0xD372, 0xD372, 0xD372, 0xD372, 0xD372, 0xD372, 0xD372, 0xD372,
    0xD372, 0xD372, 0xD372, 0xD372, 0xD372, 0xD372, 0xD372, 0xD372, 0xD372, 0xD372, 0xD372, 0xD372, 0xD372, 0xD372, 0xD372, 0xD372,
    0xD372, 0xD372, 0xD372, 0xD372, 0xD372, 0xD372, 0xD372, 0xD372, 0xD372, 0xD372, 0xD372, 0xD372, 0xD372, 0xD372, 0xD372, 0xD372,
    0xD372, 0xD372, 0xD372, 0xD372, 0xD372, 0xD372, 0xD372, 0x8A56, 0x8A56, 0x8A56, 0x8A56, 0x8A56, 0x8A56, 0x8A56, 0x8A56, 0x8A56,
    0x8A56, 0x8A56, 0x8A56, 0x8A56, 0x8A56, 0x8A56, 0x8A56, 0x8A56, 0x8A56, 0x8A56, 0xD372, 0xD372, 0x8A56, 0x8A56, 0x8A56, 0x8A56,
    0x8A56, 0x8A56, 0x8A56, 0x8A56, 0x8A56, 0x8A56, 0x8A56, 0x8A56, 0x8A56, 0x8A56, 0x8A56, 0xD372, 0xD372, 0x8A56, 0x8A56, 0xD372,
    0xD372, 0xD372, 0x8A56, 0x8A56, 0x8A56, 0x8A56, 0x8A56, 0x8A56, 0x8A56, 0x8A56, 0x8A56, 0x8A56, 0xD372, 0xD372, 0xD372, 0xD372,
    0xD372, 0xD372, 0xD372, 0x8A56, 0x8A56, 0x8A56, 0x8A56, 0x8A56, 0x8A56, 0x8A56, 0x8A56, 0x8A56, 0x8A56, 0x8A56, 0x8A56, 0x8A56,
    0x8A56, 0x8A56, 0x8A56, 0x8A56, 0x8A56, 0x8A56, 0xD372, 0xD372, 0xD372, 0xD372, 0x8A56, 0x8A56, 0x8A56, 0x8A56, 0x8A56, 0x8A56,
    0x8A56, 0x8A56, 0x8A56, 0x8A56, 0x8A56, 0x8A56, 0x8A56, 0x8A56, 0x8A56, 0xD372, 0xD372, 0xD372, 0xD372, 0x8A56, 0x8A56, 0x8A56,
    0x8A56, 0x8A56, 0x8A56, 0x8A56, 0x8A56, 0x8A56, 0x8A56, 0x8A56, 0x8A56, 0x8A56, 0x8A56, 0x8A56, 0xD372, 0xD372, 0xD372, 0x8A56,
    0x8A56, 0x8A56, 0x8A56, 0x8A56, 0x8A56, 0xD372, 0xD372, 0x8A56, 0x8A56, 0x8A56, 0x8A56, 0xD372, 0xD372, 0x8A56, 0x8A56, 0x8A56,
    0xD372, 0xD372, 0x8A56, 0x8A56, 0x8A56, 0x8A56, 0x8A56, 0x8A56, 0xD372, 0xD372, 0xD372, 0xD372, 0xD372, 0xD372, 0xD372, 0x8A56,
    0x8A56, 0x8A56, 0x8A56, 0x8A56, 0x8A56, 0x8A56, 0x8A56, 0x8A56, 0x8A56, 0x8A56, 0x8A56, 0x8A56, 0x8A56, 0x8A56, 0xD372, 0xD372,
    0xD372, 0xD372, 0xD372, 0xD372, 0xD372, 0xD372, 0xD372, 0xD372, 0xD372, 0xD372, 0xD372, 0xD372, 0xD372, 0xD372, 0xD372, 0xD372,
    0xD372, 0xD372, 0xD372, 0xD372, 0xD372, 0xD372, 0xD372, 0xD372, 0xD372, 0xD372, 0xD372, 0xD372, 0xD372, 0xD372, 0xD372, 0xD372,
    0xD372, 0xD372, 0xD372, 0xD372, 0xD372, 0xD372, 0xD372, 0xD372, 0xD372, 0xD372, 0xD372, 0xD372, 0xD372, 0xD372, 0xD372, 0xD372,
    0xD372, 0xD372, 0xD372, 0xD372, 0xD372, 0xD372, 0xD372, 0xD372, 0xD372, 0xD372, 0xD372, 0xD372, 0xD372, 0xD372, 0xD372, 0xD372,
    0xD372, 0xD372, 0xD372, 0xD372, 0xD372, 0xD372, 0xD372, 0x8A56, 0x8A56, 0x8A56, 0x8A56, 0x8A56, 0x8A56, 0x8A56, 0x8A56, 0x8A56,
    0x8A56, 0x8A56, 0x8A56, 0x8A56, 0x8A56, 0x8A56, 0x8A56, 0x8A56, 0x8A56, 0x8A56, 0xD372, 0xD372, 0x8A56, 0x8A56, 0x8A56, 0x8A56,
    0x8A56, 0x8A56, 0x8A56, 0x8A56, 0x8A56, 0x8A56, 0x8A56, 0x8A56, 0x8A56, 0xD372, 0xD372, 0xD372, 0xD372, 0x8A56, 0x8A56, 0x8A56,
    0x8A56, 0xD372, 0xD372, 0xD372, 0x8A56, 0x8A56, 0x8A56, 0x8A56, 0x8A56, 0x8A56, 0xD372, 0xD372, 0xD372, 0xD372, 0xD372, 0xD372,
    0xD372, 0xD372, 0xD372, 0x8A56, 0x8A56, 0x8A56, 0x8A56, 0x8A56, 0x8A56, 0x8A56, 0x8A56, 0x8A56, 0x8A56, 0x8A56, 0x8A56, 0x8A56,
    0x8A56, 0x8A56, 0x8A56, 0x8A56, 0x8A56, 0x8A56, 0xD372, 0xD372, 0xD372, 0xD372, 0x8A56, 0x8A56, 0x8A56, 0x8A56, 0x8A56, 0x8A56,
    0x8A56, 0x8A56, 0x8A56, 0x8A56, 0x8A56, 0x8A56, 0x8A56, 0xD372, 0xD372, 0xD372, 0xD372, 0xD372, 0xD372, 0x8A56, 0x8A56, 0x8A56,
    0x8A56, 0x8A56, 0x8A56, 0x8A56, 0x8A56, 0x8A56, 0x8A56, 0x8A56, 0x8A56, 0x8A56, 0xD372, 0xD372, 0xD372, 0xD372, 0x8A56, 0x8A56,
    0x8A56, 0x8A56, 0x8A56, 0xD372, 0xD372, 0x8A56, 0x8A56, 0x8A56, 0x8A56, 0x8A56, 0x8A56, 0xD372, 0xD372, 0x8A56, 0x8A56, 0x8A56,
    0xD372, 0xD372, 0x8A56, 0x8A56, 0x8A56, 0x8A56, 0x8A56, 0x8A56, 0xD372, 0xD372, 0xD372, 0xD372, 0xD372, 0xD372, 0xD372, 0x8A56,
    0x8A56, 0x8A56, 0x8A56, 0x8A56, 0x8A56, 0x8A56, 0x8A56, 0x8A56, 0x8A56, 0x8A56, 0x8A56, 0x8A56, 0xD372, 0xD372, 0xD372, 0xD372,
    0xD372, 0xD372, 0xD372, 0xD372, 0xD372, 0xD372, 0xD372, 0xD372, 0xD372, 0xD372, 0xD372, 0xD372, 0xD372, 0xD372, 0xD372, 0xD372,
    0xD372, 0xD372, 0xD372, 0xD372, 0xD372, 0xD372, 0xD372, 0xD372, 0xD372, 0xD372, 0xD372, 0xD372, 0xD372, 0xD372, 0xD372, 0xD372,
    0xD372, 0xD372, 0xD372, 0xD372, 0xD372, 0xD372, 0xD372, 0xD372, 0xD372, 0xD372, 0xD372, 0xD372, 0xD372, 0xD372, 0xD372, 0xD372,
    0xD372, 0xD372, 0xD372, 0xD372, 0xD372, 0xD372, 0xD372, 0xD372, 0xD372, 0xD372, 0xD372, 0xD372, 0xD372, 0xD372, 0xD372, 0xD372,
    0xD372, 0xD372, 0xD372, 0xD372, 0xD372, 0xD372, 0xD372, 0x8A56, 0x8A56, 0x8A56, 0x8A56, 0x8A56, 0x8A56, 0x8A56, 0x8A56, 0x8A56,
    0x8A56, 0x8A56, 0x8A56, 0x8A56, 0x8A56, 0x8A56, 0x8A56, 0x8A56, 0x8A56, 0x8A56, 0xD372, 0xD372, 0x8A56, 0x8A56, 0x8A56, 0x8A56,
    0x8A56, 0x8A56, 0x8A56, 0x8A56, 0x8A56, 0x8A56, 0x8A56, 0x8A56, 0x8A56, 0xD372, 0xD372, 0xD372, 0xD372, 0x8A56, 0x8A56, 0x8A56,
    0x8A56, 0xD372, 0xD372, 0xD372, 0x8A56, 0x8A56, 0x8A56, 0x8A56, 0x8A56, 0x8A56, 0xD372, 0xD372, 0xD372, 0xD372, 0xD372, 0xD372,
    0xD372, 0xD372, 0xD372, 0x8A56, 0x8A56, 0x8A56, 0x8A56, 0x8A56, 0x8A56, 0x8A56, 0x8A56, 0x8A56, 0x8A56, 0x8A56, 0x8A56, 0x8A56,
    0x8A56, 0x8A56, 0x8A56, 0x8A56, 0x8A56, 0x8A56, 0xD372, 0xD372, 0xD372, 0xD372, 0x8A56, 0x8A56, 0x8A56, 0x8A56, 0x8A56, 0x8A56,
    0x8A56, 0x8A56, 0x8A56, 0x8A56, 0x8A56, 0x8A56, 0x8A56, 0xD372, 0xD372, 0xD372, 0xD372, 0xD372, 0xD372, 0x8A56, 0x8A56, 0x8A56,
    0x8A56, 0x8A56, 0x8A56, 0x8A56, 0x8A56, 0x8A56, 0x8A56, 0x8A56, 0x8A56, 0x8A56, 0xD372, 0xD372, 0xD372, 0xD372, 0x8A56, 0x8A56,
    0x8A56, 0x8A56, 0x8A56, 0xD372, 0xD372, 0x8A56, 0x8A56, 0x8A56, 0x8A56, 0x8A56, 0x8A56, 0xD372, 0xD372, 0x8A56, 0x8A56, 0x8A56,
    0xD372, 0xD372, 0x8A56, 0x8A56, 0x8A56, 0x8A56, 0x8A56, 0x8A56, 0xD372, 0xD372, 0xD372, 0xD372, 0xD372, 0xD372, 0xD372, 0x8A56,
    0x8A56, 0x8A56, 0x8A56, 0x8A56, 0x8A56, 0x8A56, 0x8A56, 0x8A56, 0x8A56, 0x8A56, 0x8A56, 0x8A56, 0xD372, 0xD372, 0xD372, 0xD372,
    0xD372, 0xD372, 0xD372, 0xD372, 0xD372, 0xD372, 0xD372, 0xD372, 0xD372, 0xD372, 0xD372, 0xD372, 0xD372, 0xD372, 0xD372, 0xD372,
    0xD372, 0xD372, 0xD372, 0xD372, 0xD372, 0xD372, 0xD372, 0xD372, 0xD372, 0xD372, 0xD372, 0xD372, 0xD372, 0xD372, 0xD372, 0xD372,
    0xD372, 0xD372, 0xD372, 0xD372, 0xD372, 0xD372, 0xD372, 0xD372, 0xD372, 0xD372, 0xD372, 0xD372, 0xD372, 0xD372, 0xD372, 0xD372,
    0xD372, 0xD372, 0xD372, 0xD372, 0xD372, 0xD372, 0xD372, 0xD372, 0xD372, 0xD372, 0xD372, 0xD372, 0xD372, 0xD372, 0xD372, 0xD372,
    0xD372, 0xD372, 0xD372, 0xD372, 0xD372, 0xD372, 0xD372, 0x8A56, 0x8A56, 0x8A56, 0x8A56, 0xD372, 0xD372, 0xD372, 0xD372, 0xD372,
    0xD372, 0xD372, 0xD372, 0xD372, 0xD372, 0xD372, 0x8A56, 0x8A56, 0x8A56, 0x8A56, 0xD372, 0xD372, 0x8A56, 0x8A56, 0x8A56, 0x8A56,
    0xD372, 0xD372, 0xD372, 0xD372, 0xD372, 0xD372, 0xD372, 0xD372, 0xD372, 0xD372, 0xD372, 0x8A56, 0x8A56, 0xD372, 0xD372, 0x8A56,
    0x8A56, 0x8A56, 0xD372, 0xD372, 0x8A56, 0x8A56, 0x8A56, 0x8A56, 0xD372, 0xD372, 0xD372, 0xD372, 0xD372, 0xD372, 0xD372, 0xD372,
    0xD372, 0xD372, 0xD372, 0x8A56, 0x8A56, 0x8A56, 0x8A56, 0xD372, 0xD372, 0xD372, 0xD372, 0xD372, 0xD372, 0xD372, 0xD372, 0xD372,
    0xD372, 0xD372, 0x8A56, 0x8A56, 0x8A56, 0x8A56, 0xD372, 0xD372, 0xD372, 0xD372, 0x8A56, 0x8A56, 0x8A56, 0x8A56, 0xD372, 0xD372,
    0xD372, 0xD372, 0xD372, 0xD372, 0xD372, 0xD372, 0xD372, 0xD372, 0xD372, 0xD372, 0xD372, 0xD372, 0xD372, 0x8A56, 0x8A56, 0x8A56,
    0xD372, 0xD372, 0xD372, 0xD372, 0xD372, 0xD372, 0xD372, 0xD372, 0xD372, 0xD372, 0xD372, 0xD372, 0x8A56, 0x8A56, 0x8A56, 0x8A56,
    0x8A56, 0x8A56, 0x8A56, 0xD372, 0xD372, 0x8A56, 0x8A56, 0x8A56, 0x8A56, 0x8A56, 0x8A56, 0xD372, 0xD372, 0x8A56, 0x8A56, 0x8A56,
    0xD372, 0xD372, 0x8A56, 0x8A56, 0x8A56, 0x8A56, 0xD372, 0xD372, 0xD372, 0xD372, 0xD372, 0xD372, 0xD372, 0xD372, 0xD372, 0x8A56,
    0x8A56, 0x8A56, 0x8A56, 0xD372, 0xD372, 0xD372, 0xD372, 0xD372, 0xD372, 0xD372, 0xD372, 0xD372, 0xD372, 0xD372, 0xD372, 0xD372,
    0xD372, 0xD372, 0xD372, 0xD372, 0xD372, 0xD372, 0xD372, 0xD372, 0xD372, 0xD372, 0xD372, 0xD372, 0xD372, 0xD372, 0xD372, 0xD372,
    0xD372, 0xD372, 0xD372, 0xD372, 0xD372, 0xD372, 0xD372, 0xD372, 0xD372, 0xD372, 0xD372, 0xD372, 0xD372, 0xD372, 0xD372, 0xD372,
    0xD372, 0xD372, 0xD372, 0xD372, 0xD372, 0xD372, 0xD372, 0xD372, 0xD372, 0xD372, 0xD372, 0xD372, 0xD372, 0xD372, 0xD372, 0xD372,
    0xD372, 0xD372, 0xD372, 0xD372, 0xD372, 0xD372, 0xD372, 0xD372, 0xD372, 0xD372, 0xD372, 0xD372, 0xD372, 0xD372, 0xD372, 0xD372,
    0xD372, 0xD372, 0xD372, 0xD372, 0xD372, 0xD372, 0xD372, 0x8A56, 0x8A56, 0x8A56, 0x8A56, 0xD372, 0xD372, 0xD372, 0xD372, 0xD372,
    0xD372, 0xD372, 0xD372, 0xD372, 0xD372, 0xD372, 0x8A56, 0x8A56, 0x8A56, 0x8A56, 0xD372, 0xD372, 0x8A56, 0x8A56, 0x8A56, 0x8A56,
    0xD372, 0xD372, 0xD372, 0xD372, 0xD372, 0xD372, 0xD372, 0xD372, 0xD372, 0xD372, 0xD372, 0x8A56, 0x8A56, 0xD372, 0xD372, 0x8A56,
    0x8A56, 0x8A56, 0xD372, 0xD372, 0x8A56, 0x8A56, 0x8A56, 0x8A56, 0xD372, 0xD372, 0xD372, 0xD372, 0xD372, 0xD372, 0xD372, 0xD372,
    0xD372, 0xD372, 0xD372, 0x8A56, 0x8A56, 0x8A56, 0x8A56, 0xD372, 0xD372, 0xD372, 0xD372, 0xD372, 0xD372, 0xD372, 0xD372, 0xD372,
    0xD372, 0xD372, 0x8A56, 0x8A56, 0x8A56, 0x8A56, 0xD372, 0xD372, 0xD372, 0xD372, 0x8A56, 0x8A56, 0x8A56, 0x8A56, 0xD372, 0xD372,
    0xD372, 0xD372, 0xD372, 0xD372, 0xD372, 0xD372, 0xD372, 0xD372, 0xD372, 0xD372, 0xD372, 0xD372, 0xD372, 0x8A56, 0x8A56, 0x8A56,
    0xD372, 0xD372, 0xD372, 0xD372, 0xD372, 0xD372, 0xD372, 0xD372, 0xD372, 0xD372, 0xD372, 0xD372, 0x8A56, 0x8A56, 0x8A56, 0x8A56,
    0x8A56, 0x8A56, 0x8A56, 0xD372, 0xD372, 0x8A56, 0x8A56, 0x8A56, 0x8A56, 0x8A56, 0x8A56, 0xD372, 0xD372, 0x8A56, 0x8A56, 0x8A56,
    0xD372, 0xD372, 0x8A56, 0x8A56, 0x8A56, 0x8A56, 0xD372, 0xD372, 0xD372, 0xD372, 0xD372, 0xD372, 0xD372, 0xD372, 0xD372, 0x8A56,
    0x8A56, 0x8A56, 0x8A56, 0xD372, 0xD372, 0xD372, 0xD372, 0xD372, 0xD372, 0xD372, 0xD372, 0xD372, 0xD372, 0xD372, 0xD372, 0xD372,
    0xD372, 0xD372, 0xD372, 0xD372, 0xD372, 0xD372, 0xD372, 0xD372, 0xD372, 0xD372, 0xD372, 0xD372, 0xD372, 0xD372, 0xD372, 0xD372,
    0xD372, 0xD372, 0xD372, 0xD372, 0xD372, 0xD372, 0xD372, 0xD372, 0xD372, 0xD372, 0xD372, 0xD372, 0xD372, 0xD372, 0xD372, 0xD372,
    0xD372, 0xD372, 0xD372, 0xD372, 0xD372, 0xD372, 0xD372, 0xD372, 0xD372, 0xD372, 0xD372, 0xD372, 0xD372, 0xD372, 0xD372, 0xD372,
    0xD372, 0xD372, 0xD372, 0xD372, 0xD372, 0xD372, 0xD372, 0xD372, 0xD372, 0xD372, 0xD372, 0xD372, 0xD372, 0xD372, 0xD372, 0xD372,
    0xD372, 0xD372, 0xD372, 0xD372, 0xD372, 0xD372, 0xD372, 0x8A56, 0x8A56, 0x8A56, 0x8A56, 0xD372, 0xD372, 0xD372, 0xD372, 0xD372,
    0xD372, 0xD372, 0xD372, 0xD372, 0xD372, 0xD372, 0x8A56, 0x8A56, 0x8A56, 0x8A56, 0xD372, 0xD372, 0x8A56, 0x8A56, 0x8A56, 0x8A56,
    0xD372, 0xD372, 0x8A56, 0xD372, 0xD372, 0x8A56, 0x8A56, 0xD372, 0xD372, 0x8A56, 0x8A56, 0xD372, 0xD372, 0x8A56, 0x8A56, 0xD372,
    0xD372, 0x8A56, 0xD372, 0xD372, 0x8A56, 0x8A56, 0x8A56, 0x8A56, 0xD372, 0xD372, 0x8A56, 0x8A56, 0xD372, 0xD372, 0xD372, 0xD372,
    0xD372, 0xD372, 0xD372, 0x8A56, 0x8A56, 0x8A56, 0x8A56, 0xD372, 0xD372, 0xD372, 0xD372, 0xD372, 0xD372, 0xD372, 0xD372, 0xD372,
    0xD372, 0xD372, 0x8A56, 0x8A56, 0x8A56, 0x8A56, 0xD372, 0xD372, 0xD372, 0xD372, 0x8A56, 0x8A56, 0x8A56, 0x8A56, 0xD372, 0xD372,
    0xD372, 0xD372, 0xD372, 0xD372, 0xD372, 0xD372, 0xD372, 0xD372, 0xD372, 0xD372, 0xD372, 0xD372, 0xD372, 0x8A56, 0x8A56, 0x8A56,
    0xD372, 0xD372, 0x8A56, 0x8A56, 0xD372, 0xD372, 0xD372, 0xD372, 0xD372, 0xD372, 0x8A56, 0x8A56, 0x8A56, 0x8A56, 0x8A56, 0x8A56,
    0x8A56, 0x8A56, 0x8A56, 0xD372, 0xD372, 0x8A56, 0x8A56, 0x8A56, 0x8A56, 0xD372, 0xD372, 0x8A56, 0x8A56, 0x8A56, 0x8A56, 0x8A56,
    0xD372, 0xD372, 0x8A56, 0x8A56, 0x8A56, 0x8A56, 0xD372, 0xD372, 0xD372, 0xD372, 0xD372, 0xD372, 0xD372, 0xD372, 0xD372, 0x8A56,
    0x8A56, 0x8A56, 0x8A56, 0xD372, 0xD372, 0xD372, 0xD372, 0xD372, 0xD372, 0xD372, 0xD372, 0xD372, 0xD372, 0xD372, 0xD372, 0xD372,
    0xD372, 0xD372, 0xD372, 0xD372, 0xD372, 0xD372, 0xD372, 0xD372, 0xD372, 0xD372, 0xD372, 0xD372, 0xD372, 0xD372, 0xD372, 0xD372,
    0xD372, 0xD372, 0xD372, 0xD372, 0xD372, 0xD372, 0xD372, 0xD372, 0xD372, 0xD372, 0xD372, 0xD372, 0xD372, 0xD372, 0xD372, 0xD372,
    0xD372, 0xD372, 0xD372, 0xD372, 0xD372, 0xD372, 0xD372, 0xD372, 0xD372, 0xD372, 0xD372, 0xD372, 0xD372, 0xD372, 0xD372, 0xD372,
    0xD372, 0xD372, 0xD372, 0xD372, 0xD372, 0xD372, 0xD372, 0xD372, 0xD372, 0xD372, 0xD372, 0xD372, 0xD372, 0xD372, 0xD372, 0xD372,
    0xD372, 0xD372, 0xD372, 0xD372, 0xD372, 0xD372, 0xD372, 0x8A56, 0x8A56, 0x8A56, 0x8A56, 0xD372, 0xD372, 0xD372, 0xD372, 0xD372,
    0xD372, 0xD372, 0xD372, 0xD372, 0xD372, 0xD372, 0x8A56, 0x8A56, 0x8A56, 0x8A56, 0xD372, 0xD372, 0x8A56, 0x8A56, 0x8A56, 0x8A56,
    0xD372, 0xD372, 0x8A56, 0xD372, 0xD372, 0x8A56, 0x8A56, 0xD372, 0xD372, 0x8A56, 0x8A56, 0xD372, 0xD372, 0x8A56, 0x8A56, 0xD372,
    0xD372, 0x8A56, 0xD372, 0xD372, 0x8A56, 0x8A56, 0x8A56, 0x8A56, 0xD372, 0xD372, 0x8A56, 0x8A56, 0xD372, 0xD372, 0xD372, 0xD372,
    0xD372, 0xD372, 0xD372, 0x8A56, 0x8A56, 0x8A56, 0x8A56, 0xD372, 0xD372, 0xD372, 0xD372, 0xD372, 0xD372, 0xD372, 0xD372, 0xD372,
    0xD372, 0xD372, 0x8A56, 0x8A56, 0x8A56, 0x8A56, 0xD372, 0xD372, 0xD372, 0xD372, 0x8A56, 0x8A56, 0x8A56, 0x8A56, 0xD372, 0xD372,
    0xD372, 0xD372, 0xD372, 0xD372, 0xD372, 0xD372, 0xD372, 0xD372, 0xD372, 0xD372, 0xD372, 0xD372, 0xD372, 0x8A56, 0x8A56, 0x8A56,
    0xD372, 0xD372, 0x8A56, 0x8A56, 0xD372, 0xD372, 0xD372, 0xD372, 0xD372, 0xD372, 0x8A56, 0x8A56, 0x8A56, 0x8A56, 0x8A56, 0x8A56,
    0x8A56, 0x8A56, 0x8A56, 0xD372, 0xD372, 0x8A56, 0x8A56, 0x8A56, 0x8A56, 0xD372, 0xD372, 0x8A56, 0x8A56, 0x8A56, 0x8A56, 0x8A56,
    0xD372, 0xD372, 0x8A56, 0x8A56, 0x8A56, 0x8A56, 0xD372, 0xD372, 0xD372, 0xD372, 0xD372, 0xD372, 0xD372, 0xD372, 0xD372, 0x8A56,
    0x8A56, 0x8A56, 0x8A56, 0xD372, 0xD372, 0xD372, 0xD372, 0xD372, 0xD372, 0xD372, 0xD372, 0xD372, 0xD372, 0xD372, 0xD372, 0xD372,
    0xD372, 0xD372, 0xD372, 0xD372, 0xD372, 0xD372, 0xD372, 0xD372, 0xD372, 0xD372, 0xD372, 0xD372, 0xD372, 0xD372, 0xD372, 0xD372,
    0xD372, 0xD372, 0xD372, 0xD372, 0xD372, 0xD372, 0xD372, 0xD372, 0xD372, 0xD372, 0xD372, 0xD372, 0xD372, 0xD372, 0xD372, 0xD372,
    0xD372, 0xD372, 0xD372, 0xD372, 0xD372, 0xD372, 0xD372, 0xD372, 0xD372, 0xD372, 0xD372, 0xD372, 0xD372, 0xD372, 0xD372, 0xD372,
    0xD372, 0xD372, 0xD372, 0xD372, 0xD372, 0xD372, 0xD372, 0xD372, 0xD372, 0xD372, 0xD372, 0xD372, 0xD372, 0xD372, 0xD372, 0xD372,
    0xD372, 0xD372, 0xD372, 0xD372, 0xD372, 0xD372, 0xD372, 0x8A56, 0x8A56, 0x8A56, 0x8A56, 0xD372, 0xD372, 0xD372, 0xD372, 0xD372,
    0xD372, 0xD372, 0xD372, 0xD372, 0x8A56, 0x8A56, 0x8A56, 0x8A56, 0x8A56, 0x8A56, 0xD372, 0xD372, 0x8A56, 0x8A56, 0x8A56, 0x8A56,
    0xD372, 0xD372, 0xD372, 0xD372, 0xD372, 0xD372, 0xD372, 0xD372, 0xD372, 0xD372, 0xD372, 0x8A56, 0x8A56, 0x8A56, 0x8A56, 0x8A56,
    0x8A56, 0xD372, 0x8A56, 0x8A56, 0x8A56, 0x8A56, 0x8A56, 0x8A56, 0xD372, 0xD372, 0xD372, 0xD372, 0x8A56, 0x8A56, 0xD372, 0xD372,
    0xD372, 0xD372, 0xD372, 0x8A56, 0x8A56, 0x8A56, 0x8A56, 0xD372, 0xD372, 0xD372, 0xD372, 0xD372, 0xD372, 0xD372, 0xD372, 0xD372,
    0xD372, 0x8A56, 0x8A56, 0x8A56, 0x8A56, 0x8A56, 0xD372, 0xD372, 0xD372, 0xD372, 0x8A56, 0x8A56, 0x8A56, 0x8A56, 0xD372, 0xD372,
    0xD372, 0xD372, 0xD372, 0xD372, 0xD372, 0xD372, 0xD372, 0xD372, 0xD372, 0xD372, 0xD372, 0xD372, 0xD372, 0x8A56, 0x8A56, 0x8A56,
    0xD372, 0xD372, 0xD372, 0xD372, 0xD372, 0xD372, 0xD372, 0xD372, 0xD372, 0xD372, 0xD372, 0xD372, 0x8A56, 0x8A56, 0x8A56, 0x8A56,
    0x8A56, 0x8A56, 0x8A56, 0xD372, 0xD372, 0x8A56, 0x8A56, 0x8A56, 0x8A56, 0xD372, 0xD372, 0x8A56, 0x8A56, 0x8A56, 0x8A56, 0x8A56,
    0xD372, 0xD372, 0x8A56, 0x8A56, 0x8A56, 0x8A56, 0xD372, 0xD372, 0xD372, 0xD372, 0xD372, 0xD372, 0xD372, 0xD372, 0xD372, 0x8A56,
    0x8A56, 0x8A56, 0x8A56, 0xD372, 0xD372, 0xD372, 0xD372, 0xD372, 0xD372, 0xD372, 0xD372, 0xD372, 0xD372, 0xD372, 0xD372, 0xD372,
    0xD372, 0xD372, 0xD372, 0xD372, 0xD372, 0xD372, 0xD372, 0xD372, 0xD372, 0xD372, 0xD372, 0xD372, 0xD372, 0xD372, 0xD372, 0xD372,
    0xD372, 0xD372, 0xD372, 0xD372, 0xD372, 0xD372, 0xD372, 0xD372, 0xD372, 0xD372, 0xD372, 0xD372, 0xD372, 0xD372, 0xD372, 0xD372,
    0xD372, 0xD372, 0xD372, 0xD372, 0xD372, 0xD372, 0xD372, 0xD372, 0xD372, 0xD372, 0xD372, 0xD372, 0xD372, 0xD372, 0xD372, 0xD372,
    0xD372, 0xD372, 0xD372, 0xD372, 0xD372, 0xD372, 0xD372, 0xD372, 0xD372, 0xD372, 0xD372, 0xD372, 0xD372, 0xD372, 0xD372, 0xD372,
    0xD372, 0xD372, 0xD372, 0xD372, 0xD372, 0xD372, 0xD372, 0x8A56, 0x8A56, 0x8A56, 0x8A56, 0xD372, 0xD372, 0xD372, 0xD372, 0xD372,
    0xD372, 0xD372, 0xD372, 0xD372, 0x8A56, 0x8A56, 0x8A56, 0x8A56, 0x8A56, 0x8A56, 0xD372, 0xD372, 0x8A56, 0x8A56, 0x8A56, 0x8A56,
    0xD372, 0xD372, 0xD372, 0xD372, 0xD372, 0xD372, 0xD372, 0xD372, 0xD372, 0xD372, 0xD372, 0x8A56, 0x8A56, 0x8A56, 0x8A56, 0x8A56,
    0x8A56, 0xD372, 0x8A56, 0x8A56, 0x8A56, 0x8A56, 0x8A56, 0x8A56, 0xD372, 0xD372, 0xD372, 0xD372, 0x8A56, 0x8A56, 0xD372, 0xD372,
    0xD372, 0xD372, 0xD372, 0x8A56, 0x8A56, 0x8A56, 0x8A56, 0xD372, 0xD372, 0xD372, 0xD372, 0xD372, 0xD372, 0xD372, 0xD372, 0xD372,
    0xD372, 0x8A56, 0x8A56, 0x8A56, 0x8A56, 0x8A56, 0xD372, 0xD372, 0xD372, 0xD372, 0x8A56, 0x8A56, 0x8A56, 0x8A56, 0xD372, 0xD372,
    0xD372, 0xD372, 0xD372, 0xD372, 0xD372, 0xD372, 0xD372, 0xD372, 0xD372, 0xD372, 0xD372, 0xD372, 0xD372, 0x8A56, 0x8A56, 0x8A56,
    0xD372, 0xD372, 0xD372, 0xD372, 0xD372, 0xD372, 0xD372, 0xD372, 0xD372, 0xD372, 0xD372, 0xD372, 0x8A56, 0x8A56, 0x8A56, 0x8A56,
    0x8A56, 0x8A56, 0x8A56, 0xD372, 0xD372, 0x8A56, 0x8A56, 0x8A56, 0x8A56, 0xD372, 0xD372, 0x8A56, 0x8A56, 0x8A56, 0x8A56, 0x8A56,
    0xD372, 0xD372, 0x8A56, 0x8A56, 0x8A56, 0x8A56, 0xD372, 0xD372, 0xD372, 0xD372, 0xD372, 0xD372, 0xD372, 0xD372, 0xD372, 0x8A56,
    0x8A56, 0x8A56, 0x8A56, 0xD372, 0xD372, 0xD372, 0xD372, 0xD372, 0xD372, 0xD372, 0xD372, 0xD372, 0xD372, 0xD372, 0xD372, 0xD372,
    0xD372, 0xD372, 0xD372, 0xD372, 0xD372, 0xD372, 0xD372, 0xD372, 0xD372, 0xD372, 0xD372, 0xD372, 0xD372, 0xD372, 0xD372, 0xD372,
    0xD372, 0xD372, 0xD372, 0xD372, 0xD372, 0xD372, 0xD372, 0xD372, 0xD372, 0xD372, 0xD372, 0xD372, 0xD372, 0xD372, 0xD372, 0xD372,
    0xD372, 0xD372, 0xD372, 0xD372, 0xD372, 0xD372, 0xD372, 0xD372, 0xD372, 0xD372, 0xD372, 0xD372, 0xD372, 0xD372, 0xD372, 0xD372,
    0xD372, 0xD372, 0xD372, 0xD372, 0xD372, 0xD372, 0xD372, 0xD372, 0xD372, 0xD372, 0xD372, 0xD372, 0xD372, 0xD372, 0xD372, 0xD372,
    0xD372, 0xD372, 0xD372, 0xD372, 0xD372, 0x8A56, 0x8A56, 0x8A56, 0x8A56, 0x8A56, 0x8A56, 0x8A56, 0x8A56, 0x8A56, 0x8A56, 0x8A56,
    0x8A56, 0x8A56, 0x8A56, 0x8A56, 0x8A56, 0x8A56, 0x8A56, 0x8A56, 0xD372, 0xD372, 0x8A56, 0x8A56, 0x8A56, 0x8A56, 0x8A56, 0x8A56,
    0x8A56, 0x8A56, 0x8A56, 0x8A56, 0x8A56, 0x8A56, 0x8A56, 0x8A56, 0x8A56, 0x8A56, 0x8A56, 0xD372, 0xD372, 0x8A56, 0x8A56, 0xD372,
    0xD372, 0xD372, 0x8A56, 0x8A56, 0x8A56, 0x8A56, 0xD372, 0xD372, 0xD372, 0xD372, 0xD372, 0xD372, 0xD372, 0xD372, 0x8A56, 0x8A56,
    0xD372, 0xD372, 0x8A56, 0x8A56, 0x8A56, 0x8A56, 0x8A56, 0x8A56, 0x8A56, 0x8A56, 0x8A56, 0x8A56, 0x8A56, 0x8A56, 0x8A56, 0x8A56,
    0x8A56, 0x8A56, 0x8A56, 0x8A56, 0xD372, 0xD372, 0xD372, 0xD372, 0x8A56, 0x8A56, 0x8A56, 0x8A56, 0x8A56, 0x8A56, 0x8A56, 0x8A56,
    0x8A56, 0x8A56, 0x8A56, 0x8A56, 0x8A56, 0x8A56, 0x8A56, 0x8A56, 0x8A56, 0xD372, 0xD372, 0x8A56, 0x8A56, 0x8A56, 0x8A56, 0x8A56,
    0x8A56, 0x8A56, 0x8A56, 0x8A56, 0x8A56, 0x8A56, 0x8A56, 0x8A56, 0x8A56, 0x8A56, 0x8A56, 0x8A56, 0xD372, 0xD372, 0x8A56, 0x8A56,
    0x8A56, 0xD372, 0xD372, 0x8A56, 0x8A56, 0x8A56, 0x8A56, 0x8A56, 0x8A56, 0xD372, 0xD372, 0x8A56, 0x8A56, 0x8A56, 0xD372, 0xD372,
    0x8A56, 0x8A56, 0x8A56, 0x8A56, 0x8A56, 0x8A56, 0x8A56, 0x8A56, 0x8A56, 0x8A56, 0x8A56, 0x8A56, 0x8A56, 0x8A56, 0x8A56, 0x8A56,
    0x8A56, 0x8A56, 0x8A56, 0x8A56, 0x8A56, 0x8A56, 0x8A56, 0x8A56, 0x8A56, 0x8A56, 0x8A56, 0x8A56, 0x8A56, 0x8A56, 0xD372, 0xD372,
    0xD372, 0xD372, 0xD372, 0xD372, 0xD372, 0xD372, 0xD372, 0xD372, 0xD372, 0xD372, 0xD372, 0xD372, 0xD372, 0xD372, 0xD372, 0xD372,
    0xD372, 0xD372, 0xD372, 0xD372, 0xD372, 0xD372, 0xD372, 0xD372, 0xD372, 0xD372, 0xD372, 0xD372, 0xD372, 0xD372, 0xD372, 0xD372,
    0xD372, 0xD372, 0xD372, 0xD372, 0xD372, 0xD372, 0xD372, 0xD372, 0xD372, 0xD372, 0xD372, 0xD372, 0xD372, 0xD372, 0xD372, 0xD372,
    0xD372, 0xD372, 0xD372, 0xD372, 0xD372, 0xD372, 0xD372, 0xD372, 0xD372, 0xD372, 0xD372, 0xD372, 0xD372, 0xD372, 0xD372, 0xD372,
    0xD372, 0xD372, 0xD372, 0xD372, 0xD372, 0x8A56, 0x8A56, 0x8A56, 0x8A56, 0x8A56, 0x8A56, 0x8A56, 0x8A56, 0x8A56, 0x8A56, 0x8A56,
    0x8A56, 0x8A56, 0x8A56, 0x8A56, 0x8A56, 0x8A56, 0x8A56, 0x8A56, 0xD372, 0xD372, 0x8A56, 0x8A56, 0x8A56, 0x8A56, 0x8A56, 0x8A56,
    0x8A56, 0x8A56, 0x8A56, 0x8A56, 0x8A56, 0x8A56, 0x8A56, 0x8A56, 0x8A56, 0x8A56, 0x8A56, 0xD372, 0xD372, 0x8A56, 0x8A56, 0xD372,
    0xD372, 0xD372, 0x8A56, 0x8A56, 0x8A56, 0x8A56, 0xD372, 0xD372, 0xD372, 0xD372, 0xD372, 0xD372, 0xD372, 0xD372, 0x8A56, 0x8A56,
    0xD372, 0xD372, 0x8A56, 0x8A56, 0x8A56, 0x8A56, 0x8A56, 0x8A56, 0x8A56, 0x8A56, 0x8A56, 0x8A56, 0x8A56, 0x8A56, 0x8A56, 0x8A56,
    0x8A56, 0x8A56, 0x8A56, 0x8A56, 0xD372, 0xD372, 0xD372, 0xD372, 0x8A56, 0x8A56, 0x8A56, 0x8A56, 0x8A56, 0x8A56, 0x8A56, 0x8A56,
    0x8A56, 0x8A56, 0x8A56, 0x8A56, 0x8A56, 0x8A56, 0x8A56, 0x8A56, 0x8A56, 0xD372, 0xD372, 0x8A56, 0x8A56, 0x8A56, 0x8A56, 0x8A56,
    0x8A56, 0x8A56, 0x8A56, 0x8A56, 0x8A56, 0x8A56, 0x8A56, 0x8A56, 0x8A56, 0x8A56, 0x8A56, 0x8A56, 0xD372, 0xD372, 0x8A56, 0x8A56,
    0x8A56, 0xD372, 0xD372, 0x8A56, 0x8A56, 0x8A56, 0x8A56, 0x8A56, 0x8A56, 0xD372, 0xD372, 0x8A56, 0x8A56, 0x8A56, 0xD372, 0xD372,
    0x8A56, 0x8A56, 0x8A56, 0x8A56, 0x8A56, 0x8A56, 0x8A56, 0x8A56, 0x8A56, 0x8A56, 0x8A56, 0x8A56, 0x8A56, 0x8A56, 0x8A56, 0x8A56,
    0x8A56, 0x8A56, 0x8A56, 0x8A56, 0x8A56, 0x8A56, 0x8A56, 0x8A56, 0x8A56, 0x8A56, 0x8A56, 0x8A56, 0x8A56, 0x8A56, 0xD372, 0xD372,
    0xD372, 0xD372, 0xD372, 0xD372, 0xD372, 0xD372, 0xD372, 0xD372, 0xD372, 0xD372, 0xD372, 0xD372, 0xD372, 0xD372, 0xD372, 0xD372,
    0xD372, 0xD372, 0xD372, 0xD372, 0xD372, 0xD372, 0xD372, 0xD372, 0xD372, 0xD372, 0xD372, 0xD372, 0xD372, 0xD372, 0xD372, 0xD372,
    0xD372, 0xD372, 0xD372, 0xD372, 0xD372, 0xD372, 0xD372, 0xD372, 0xD372, 0xD372, 0xD372, 0xD372, 0xD372, 0xD372, 0xD372, 0xD372,
    0xD372, 0xD372, 0xD372, 0xD372, 0xD372, 0xD372, 0xD372, 0xD372, 0xD372, 0xD372, 0xD372, 0xD372, 0xD372, 0xD372, 0xD372, 0xD372,
    0xD372, 0xD372, 0xD372, 0xD372, 0xD372, 0x8A56, 0x8A56, 0x8A56, 0x8A56, 0x8A56, 0x8A56, 0x8A56, 0x8A56, 0x8A56, 0x8A56, 0x8A56,
    0x8A56, 0x8A56, 0x8A56, 0x8A56, 0x8A56, 0x8A56, 0xD372, 0xD372, 0xD372, 0xD372, 0x8A56, 0x8A56, 0x8A56, 0x8A56, 0x8A56, 0x8A56,
    0x8A56, 0x8A56, 0x8A56, 0x8A56, 0x8A56, 0x8A56, 0x8A56, 0x8A56, 0x8A56, 0x8A56, 0x8A56, 0xD372, 0xD372, 0x8A56, 0x8A56, 0x8A56,
    0x8A56, 0xD372, 0x8A56, 0x8A56, 0x8A56, 0x8A56, 0xD372, 0xD372, 0x8A56, 0x8A56, 0xD372, 0xD372, 0xD372, 0xD372, 0xD372, 0xD372,
    0xD372, 0xD372, 0x8A56, 0x8A56, 0x8A56, 0x8A56, 0x8A56, 0x8A56, 0x8A56, 0x8A56, 0x8A56, 0x8A56, 0x8A56, 0x8A56, 0x8A56, 0x8A56,
    0x8A56, 0x8A56, 0xD372, 0xD372, 0xD372, 0xD372, 0xD372, 0xD372, 0x8A56, 0x8A56, 0x8A56, 0x8A56, 0x8A56, 0x8A56, 0x8A56, 0x8A56,
    0x8A56, 0x8A56, 0x8A56, 0x8A56, 0x8A56, 0x8A56, 0x8A56, 0x8A56, 0x8A56, 0xD372, 0xD372, 0x8A56, 0x8A56, 0x8A56, 0x8A56, 0x8A56,
    0x8A56, 0x8A56, 0x8A56, 0x8A56, 0x8A56, 0x8A56, 0x8A56, 0x8A56, 0x8A56, 0x8A56, 0x8A56, 0x8A56, 0xD372, 0xD372, 0x8A56, 0x8A56,
    0x8A56, 0xD372, 0xD372, 0x8A56, 0x8A56, 0x8A56, 0x8A56, 0x8A56, 0x8A56, 0xD372, 0xD372, 0x8A56, 0x8A56, 0x8A56, 0xD372, 0xD372,
    0x8A56, 0x8A56, 0x8A56, 0x8A56, 0x8A56, 0x8A56, 0x8A56, 0x8A56, 0x8A56, 0x8A56, 0x8A56, 0x8A56, 0x8A56, 0x8A56, 0x8A56, 0x8A56,
    0x8A56, 0x8A56, 0x8A56, 0x8A56, 0x8A56, 0x8A56, 0x8A56, 0x8A56, 0x8A56, 0x8A56, 0x8A56, 0x8A56, 0x8A56, 0x8A56, 0xD372, 0xD372,
    0xD372, 0xD372, 0xD372, 0xD372, 0xD372, 0xD372, 0xD372, 0xD372, 0xD372, 0xD372, 0xD372, 0xD372, 0xD372, 0xD372, 0xD372, 0xD372,
    0xD372, 0xD372, 0xD372, 0xD372, 0xD372, 0xD372, 0xD372, 0xD372, 0xD372, 0xD372, 0xD372, 0xD372, 0xD372, 0xD372, 0xD372, 0xD372,
    0xD372, 0xD372, 0xD372, 0xD372, 0xD372, 0xD372, 0xD372, 0xD372, 0xD372, 0xD372, 0xD372, 0xD372, 0xD372, 0xD372, 0xD372, 0xD372,
    0xD372, 0xD372, 0xD372, 0xD372, 0xD372, 0xD372, 0xD372, 0xD372, 0xD372, 0xD372, 0xD372, 0xD372, 0xD372, 0xD372, 0xD372, 0xD372,
    0xD372, 0xD372, 0xD372, 0xD372, 0xD372, 0xD372, 0xD372, 0xD372, 0xD372, 0xD372, 0xD372, 0xD372, 0xD372, 0xD372, 0xD372, 0xD372,
    0xD372, 0xD372, 0xD372, 0xD372, 0xD372, 0xD372, 0xD372, 0xD372, 0xD372, 0xD372, 0xD372, 0xD372, 0xD372, 0xD372, 0xD372, 0xD372,
    0xD372, 0xD372, 0xD372, 0xD372, 0xD372, 0xD372, 0xD372, 0xD372, 0xD372, 0xD372, 0xD372, 0xD372, 0xD372, 0x8A56, 0x8A56, 0xD372,
    0xD372, 0x8A56, 0xD372, 0xD372, 0xD372, 0xD372, 0xD372, 0xD372, 0x8A56, 0x8A56, 0x8A56, 0x8A56, 0xD372, 0xD372, 0xD372, 0xD372,
    0xD372, 0xD372, 0xD372, 0xD372, 0xD372, 0xD372, 0xD372, 0xD372, 0xD372, 0xD372, 0xD372, 0xD372, 0xD372, 0xD372, 0xD372, 0xD372,
    0xD372, 0xD372, 0xD372, 0xD372, 0xD372, 0xD372, 0xD372, 0xD372, 0xD372, 0xD372, 0xD372, 0xD372, 0xD372, 0xD372, 0xD372, 0xD372,
    0xD372, 0xD372, 0xD372, 0xD372, 0xD372, 0xD372, 0xD372, 0xD372, 0xD372, 0xD372, 0xD372, 0xD372, 0xD372, 0xD372, 0xD372, 0xD372,
    0xD372, 0xD372, 0xD372, 0xD372, 0xD372, 0xD372, 0xD372, 0xD372, 0xD372, 0xD372, 0xD372, 0xD372, 0x8A56, 0x8A56, 0x8A56, 0x8A56,
    0x8A56, 0x8A56, 0x8A56, 0xD372, 0xD372, 0xD372, 0xD372, 0xD372, 0xD372, 0x8A56, 0x8A56, 0x8A56, 0x8A56, 0xD372, 0xD372, 0xD372,
    0xD372, 0xD372, 0xD372, 0xD372, 0xD372, 0xD372, 0xD372, 0xD372, 0xD372, 0xD372, 0xD372, 0xD372, 0xD372, 0xD372, 0xD372, 0xD372,
    0xD372, 0xD372, 0xD372, 0xD372, 0xD372, 0xD372, 0xD372, 0xD372, 0xD372, 0xD372, 0xD372, 0xD372, 0xD372, 0xD372, 0xD372, 0xD372,
    0xD372, 0xD372, 0xD372, 0xD372, 0xD372, 0xD372, 0xD372, 0xD372, 0xD372, 0xD372, 0xD372, 0xD372, 0xD372, 0xD372, 0xD372, 0xD372,
    0xD372, 0xD372, 0xD372, 0xD372, 0xD372, 0xD372, 0xD372, 0xD372, 0xD372, 0xD372, 0xD372, 0xD372, 0xD372, 0xD372, 0xD372, 0xD372,
    0xD372, 0xD372, 0xD372, 0xD372, 0xD372, 0xD372, 0xD372, 0xD372, 0xD372, 0xD372, 0xD372, 0xD372, 0xD372, 0xD372, 0xD372, 0xD372,
    0xD372, 0xD372, 0xD372, 0xD372, 0xD372, 0xD372, 0xD372, 0xD372, 0xD372, 0xD372, 0xD372, 0xD372, 0xD372, 0xD372, 0xD372, 0xD372,
    0xD372, 0xD372, 0xD372, 0xD372, 0xD372, 0xD372, 0xD372, 0xD372, 0xD372, 0xD372, 0xD372, 0xD372, 0xD372, 0xD372, 0xD372, 0xD372,
    0xD372, 0xD372, 0xD372, 0xD372, 0xD372, 0xD372, 0xD372, 0xD372, 0xD372, 0xD372, 0xD372, 0xD372, 0xD372, 0xD372, 0xD372, 0xD372,
    0xD372, 0xD372, 0xD372, 0xD372, 0xD372, 0xD372, 0xD372, 0xD372, 0xD372, 0xD372, 0xD372, 0xD372, 0xD372, 0x8A56, 0x8A56, 0xD372,
    0xD372, 0x8A56, 0xD372, 0xD372, 0xD372, 0xD372, 0xD372, 0xD372, 0x8A56, 0x8A56, 0x8A56, 0x8A56, 0xD372, 0xD372, 0xD372, 0xD372,
    0xD372, 0xD372, 0xD372, 0xD372, 0xD372, 0xD372, 0xD372, 0xD372, 0xD372, 0xD372, 0xD372, 0xD372, 0xD372, 0xD372, 0xD372, 0xD372,
    0xD372, 0xD372, 0xD372, 0xD372, 0xD372, 0xD372, 0xD372, 0xD372, 0xD372, 0xD372, 0xD372, 0xD372, 0xD372, 0xD372, 0xD372, 0xD372,
    0xD372, 0xD372, 0xD372, 0xD372, 0xD372, 0xD372, 0xD372, 0xD372, 0xD372, 0xD372, 0xD372, 0xD372, 0xD372, 0xD372, 0xD372, 0xD372,
    0xD372, 0xD372, 0xD372, 0xD372, 0xD372, 0xD372, 0xD372, 0xD372, 0xD372, 0xD372, 0xD372, 0xD372, 0x8A56, 0x8A56, 0x8A56, 0x8A56,
    0x8A56, 0x8A56, 0x8A56, 0xD372, 0xD372, 0xD372, 0xD372, 0xD372, 0xD372, 0x8A56, 0x8A56, 0x8A56, 0x8A56, 0xD372, 0xD372, 0xD372,
    0xD372, 0xD372, 0xD372, 0xD372, 0xD372, 0xD372, 0xD372, 0xD372, 0xD372, 0xD372, 0xD372, 0xD372, 0xD372, 0xD372, 0xD372, 0xD372,
    0xD372, 0xD372, 0xD372, 0xD372, 0xD372, 0xD372, 0xD372, 0xD372, 0xD372, 0xD372, 0xD372, 0xD372, 0xD372, 0xD372, 0xD372, 0xD372,
    0xD372, 0xD372, 0xD372, 0xD372, 0xD372, 0xD372, 0xD372, 0xD372, 0xD372, 0xD372, 0xD372, 0xD372, 0xD372, 0xD372, 0xD372, 0xD372,
    0xD372, 0xD372, 0xD372, 0xD372, 0xD372, 0xD372, 0xD372, 0xD372, 0xD372, 0xD372, 0xD372, 0xD372, 0xD372, 0xD372, 0xD372, 0xD372,
    0xD372, 0xD372, 0xD372, 0xD372, 0xD372, 0xD372, 0xD372, 0xD372, 0xD372, 0xD372, 0xD372, 0xD372, 0xD372, 0xD372, 0xD372, 0xD372,
    0xD372, 0xD372, 0xD372, 0xD372, 0xD372, 0xD372, 0xD372, 0xD372, 0xD372, 0xD372, 0xD372, 0xD372, 0xD372, 0xD372, 0xD372, 0xD372,
    0xD372, 0xD372, 0xD372, 0xD372, 0xD372, 0xD372, 0xD372, 0xD372, 0xD372, 0xD372, 0xD372, 0xD372, 0xD372, 0xD372, 0xD372, 0xD372,
    0xD372, 0xD372, 0xD372, 0xD372, 0xD372, 0xD372, 0xD372, 0xD372, 0xD372, 0xD372, 0xD372, 0xD372, 0xD372, 0xD372, 0xD372, 0xD372,
    0xD372, 0xD372, 0xD372, 0x8A56, 0x8A56, 0x8A56, 0x8A56, 0x8A56, 0x8A56, 0x8A56, 0x8A56, 0x8A56, 0x8A56, 0x8A56, 0x8A56, 0x8A56,
    0x8A56, 0x8A56, 0x8A56, 0x8A56, 0x8A56, 0x8A56, 0x8A56, 0x8A56, 0x8A56, 0x8A56, 0x8A56, 0x8A56, 0x8A56, 0x8A56, 0xD372, 0xD372,
    0xD372, 0xD372, 0xD372, 0x8A56, 0x8A56, 0xD372, 0xD372, 0xD372, 0xD372, 0xD372, 0xD372, 0xD372, 0xD372, 0xD372, 0xD372, 0xD372,
    0xD372, 0xD372, 0xD372, 0xD372, 0xD372, 0xD372, 0xD372, 0xD372, 0xD372, 0xD372, 0xD372, 0xD372, 0xD372, 0xD372, 0xD372, 0xD372,
    0xD372, 0xD372, 0xD372, 0xD372, 0xD372, 0xD372, 0xD372, 0xD372, 0xD372, 0x8A56, 0x8A56, 0xD372, 0xD372, 0xD372, 0xD372, 0xD372,
    0x8A56, 0x8A56, 0x8A56, 0x8A56, 0x8A56, 0x8A56, 0x8A56, 0x8A56, 0x8A56, 0x8A56, 0x8A56, 0x8A56, 0x8A56, 0x8A56, 0x8A56, 0x8A56,
    0x8A56, 0x8A56, 0x8A56, 0x8A56, 0x8A56, 0x8A56, 0x8A56, 0x8A56, 0x8A56, 0x8A56, 0x8A56, 0xD372, 0xD372, 0xD372, 0xD372, 0xD372,
    0xD372, 0xD372, 0xD372, 0xD372, 0xD372, 0xD372, 0xD372, 0xD372, 0xD372, 0xD372, 0xD372, 0xD372, 0xD372, 0xD372, 0xD372, 0xD372,
    0xD372, 0xD372, 0xD372, 0xD372, 0xD372, 0xD372, 0xD372, 0xD372, 0xD372, 0xD372, 0xD372, 0xD372, 0xD372, 0xD372, 0xD372, 0xD372,
    0xD372, 0xD372, 0xD372, 0xD372, 0xD372, 0xD372, 0xD372, 0xD372, 0xD372, 0xD372, 0xD372, 0xD372, 0xD372, 0xD372, 0xD372, 0xD372,
    0xD372, 0xD372, 0xD372, 0xD372, 0xD372, 0xD372, 0xD372, 0xD372, 0xD372, 0xD372, 0xD372, 0xD372, 0xD372, 0xD372, 0xD372, 0xD372,
    0xD372, 0xD372, 0xD372, 0xD372, 0xD372, 0xD372, 0xD372, 0xD372, 0xD372, 0xD372, 0xD372, 0xD372, 0xD372, 0xD372, 0xD372, 0xD372,
    0xD372, 0xD372, 0xD372, 0xD372, 0xD372, 0xD372, 0xD372, 0xD372, 0xD372, 0xD372, 0xD372, 0xD372, 0xD372, 0xD372, 0xD372, 0xD372,
    0xD372, 0xD372, 0xD372, 0xD372, 0xD372, 0xD372, 0xD372, 0xD372, 0xD372, 0xD372, 0xD372, 0xD372, 0xD372, 0xD372, 0xD372, 0xD372,
    0xD372, 0xD372, 0xD372, 0xD372, 0xD372, 0xD372, 0xD372, 0xD372, 0xD372, 0xD372, 0xD372, 0xD372, 0xD372, 0xD372, 0xD372, 0xD372,
    0xD372, 0xD372, 0xD372, 0x8A56, 0x8A56, 0x8A56, 0x8A56, 0x8A56, 0x8A56, 0x8A56, 0x8A56, 0x8A56, 0x8A56, 0x8A56, 0x8A56, 0x8A56,
    0x8A56, 0x8A56, 0x8A56, 0x8A56, 0x8A56, 0x8A56, 0x8A56, 0x8A56, 0x8A56, 0x8A56, 0x8A56, 0x8A56, 0x8A56, 0x8A56, 0xD372, 0xD372,
    0xD372, 0xD372, 0xD372, 0x8A56, 0x8A56, 0xD372, 0xD372, 0xD372, 0xD372, 0xD372, 0xD372, 0xD372, 0xD372, 0xD372, 0xD372, 0xD372,
    0xD372, 0xD372, 0xD372, 0xD372, 0xD372, 0xD372, 0xD372, 0xD372, 0xD372, 0xD372, 0xD372, 0xD372, 0xD372, 0xD372, 0xD372, 0xD372,
    0xD372, 0xD372, 0xD372, 0xD372, 0xD372, 0xD372, 0xD372, 0xD372, 0xD372, 0x8A56, 0x8A56, 0xD372, 0xD372, 0xD372, 0xD372, 0xD372,
    0x8A56, 0x8A56, 0x8A56, 0x8A56, 0x8A56, 0x8A56, 0x8A56, 0x8A56, 0x8A56, 0x8A56, 0x8A56, 0x8A56, 0x8A56, 0x8A56, 0x8A56, 0x8A56,
    0x8A56, 0x8A56, 0x8A56, 0x8A56, 0x8A56, 0x8A56, 0x8A56, 0x8A56, 0x8A56, 0x8A56, 0x8A56, 0xD372, 0xD372, 0xD372, 0xD372, 0xD372,
    0xD372, 0xD372, 0xD372, 0xD372, 0xD372, 0xD372, 0xD372, 0xD372, 0xD372, 0xD372, 0xD372, 0xD372, 0xD372, 0xD372, 0xD372, 0xD372,
    0xD372, 0xD372, 0xD372, 0xD372, 0xD372, 0xD372, 0xD372, 0xD372, 0xD372, 0xD372, 0xD372, 0xD372, 0xD372, 0xD372, 0xD372, 0xD372,
    0xD372, 0xD372, 0xD372, 0xD372, 0xD372, 0xD372, 0xD372, 0xD372, 0xD372, 0xD372, 0xD372, 0xD372, 0xD372, 0xD372, 0xD372, 0xD372,
    0xD372, 0xD372, 0xD372, 0xD372, 0xD372, 0xD372, 0xD372, 0xD372, 0xD372, 0xD372, 0xD372, 0xD372, 0xD372, 0xD372, 0xD372, 0xD372,
    0xD372, 0xD372, 0xD372, 0xD372, 0xD372, 0xD372, 0xD372, 0xD372, 0xD372, 0xD372, 0xD372, 0xD372, 0xD372, 0xD372, 0xD372, 0xD372,
    0xD372, 0xD372, 0xD372, 0xD372, 0xD372, 0xD372, 0xD372, 0xD372, 0xD372, 0xD372, 0xD372, 0xD372, 0xD372, 0xD372, 0xD372, 0xD372,
    0xD372, 0xD372, 0xD372, 0xD372, 0xD372, 0xD372, 0xD372, 0xD372, 0xD372, 0xD372, 0xD372, 0xD372, 0xD372, 0xD372, 0xD372, 0xD372,
    0xD372, 0xD372, 0xD372, 0xD372, 0xD372, 0xD372, 0xD372, 0xD372, 0xD372, 0xD372, 0xD372, 0xD372, 0xD372, 0xD372, 0xD372, 0xD372,
    0xD372, 0xD372, 0xD372, 0xD372, 0xD372, 0x8A56, 0x8A56, 0xD372, 0xD372, 0x8A56, 0x8A56, 0xD372, 0xD372, 0x8A56, 0x8A56, 0xD372,
    0xD372, 0x8A56, 0xD372, 0xD372, 0x8A56, 0x8A56, 0xD372, 0xD372, 0x8A56, 0x8A56, 0xD372, 0xD372, 0x8A56, 0x8A56, 0x8A56, 0x8A56,
    0xD372, 0xD372, 0xD372, 0xD372, 0xD372, 0x8A56, 0x8A56, 0xD372, 0xD372, 0xD372, 0xD372, 0xD372, 0xD372, 0xD372, 0xD372, 0xD372,
    0xD372, 0xD372, 0xD372, 0xD372, 0xD372, 0xD372, 0xD372, 0xD372, 0xD372, 0xD372, 0xD372, 0xD372, 0xD372, 0xD372, 0xD372, 0xD372,
    0xD372, 0xD372, 0xD372, 0xD372, 0xD372, 0xD372, 0xD372, 0x8A56, 0x8A56, 0xD372, 0xD372, 0xD372, 0xD372, 0xD372, 0xD372, 0x8A56,
    0x8A56, 0x8A56, 0x8A56, 0x8A56, 0x8A56, 0x8A56, 0x8A56, 0x8A56, 0x8A56, 0x8A56, 0x8A56, 0x8A56, 0x8A56, 0x8A56, 0x8A56, 0x8A56,
    0x8A56, 0x8A56, 0x8A56, 0x8A56, 0x8A56, 0x8A56, 0x8A56, 0x8A56, 0x8A56, 0xD372, 0xD372, 0xD372, 0xD372, 0xD372, 0xD372, 0xD372,
    0xD372, 0xD372, 0xD372, 0xD372, 0xD372, 0xD372, 0xD372, 0xD372, 0xD372, 0xD372, 0xD372, 0xD372, 0xD372, 0xD372, 0xD372, 0xD372,
    0xD372, 0xD372, 0xD372, 0xD372, 0xD372, 0xD372, 0xD372, 0xD372, 0xD372, 0xD372, 0xD372, 0xD372, 0xD372, 0xD372, 0xD372, 0xD372,
    0xD372, 0xD372, 0xD372, 0xD372, 0xD372, 0xD372, 0xD372, 0xD372, 0xD372, 0xD372, 0xD372, 0xD372, 0xD372, 0xD372, 0xD372, 0xD372,
    0xD372, 0xD372, 0xD372, 0xD372, 0xD372, 0xD372, 0xD372, 0xD372, 0xD372, 0xD372, 0xD372, 0xD372, 0xD372, 0xD372, 0xD372, 0xD372,
    0xD372, 0xD372, 0xD372, 0xD372, 0xD372, 0xD372, 0xD372, 0xD372, 0xD372, 0xD372, 0xD372, 0xD372, 0xD372, 0xD372, 0xD372, 0xD372,
    0xD372, 0xD372, 0xD372, 0xD372, 0xD372, 0xD372, 0xD372, 0xD372, 0xD372, 0xD372, 0xD372, 0xD372, 0xD372, 0xD372, 0xD372, 0xD372,
    0xD372, 0xD372, 0xD372, 0xD372, 0xD372, 0xD372, 0xD372, 0xD372, 0xD372, 0xD372, 0xD372, 0xD372, 0xD372, 0xD372, 0xD372, 0xD372,
    0xD372, 0xD372, 0xD372, 0xD372, 0xD372, 0xD372, 0xD372, 0xD372, 0xD372, 0xD372, 0xD372, 0xD372, 0xD372, 0xD372, 0xD372, 0xD372,
    0xD372, 0xD372, 0xD372, 0xD372, 0xD372, 0x8A56, 0x8A56, 0xD372, 0xD372, 0x8A56, 0x8A56, 0xD372, 0xD372, 0x8A56, 0x8A56, 0xD372,
    0xD372, 0x8A56, 0xD372, 0xD372, 0x8A56, 0x8A56, 0xD372, 0xD372, 0x8A56, 0x8A56, 0xD372, 0xD372, 0x8A56, 0x8A56, 0x8A56, 0x8A56,
    0xD372, 0xD372, 0xD372, 0xD372, 0xD372, 0x8A56, 0x8A56, 0xD372, 0xD372, 0xD372, 0xD372, 0xD372, 0xD372, 0xD372, 0xD372, 0xD372,
    0xD372, 0xD372, 0xD372, 0xD372, 0xD372, 0xD372, 0xD372, 0xD372, 0xD372, 0xD372, 0xD372, 0xD372, 0xD372, 0xD372, 0xD372, 0xD372,
    0xD372, 0xD372, 0xD372, 0xD372, 0xD372, 0xD372, 0xD372, 0x8A56, 0x8A56, 0xD372, 0xD372, 0xD372, 0xD372, 0xD372, 0xD372, 0x8A56,
    0x8A56, 0x8A56, 0x8A56, 0x8A56, 0x8A56, 0x8A56, 0x8A56, 0x8A56, 0x8A56, 0x8A56, 0x8A56, 0x8A56, 0x8A56, 0x8A56, 0x8A56, 0x8A56,
    0x8A56, 0x8A56, 0x8A56, 0x8A56, 0x8A56, 0x8A56, 0x8A56, 0x8A56, 0x8A56, 0xD372, 0xD372, 0xD372, 0xD372, 0xD372, 0xD372, 0xD372,
    0xD372, 0xD372, 0xD372, 0xD372, 0xD372, 0xD372, 0xD372, 0xD372, 0xD372, 0xD372, 0xD372, 0xD372, 0xD372, 0xD372, 0xD372, 0xD372,
    0xD372, 0xD372, 0xD372, 0xD372, 0xD372, 0xD372, 0xD372, 0xD372, 0xD372, 0xD372, 0xD372, 0xD372, 0xD372, 0xD372, 0xD372, 0xD372,
    0xD372, 0xD372, 0xD372, 0xD372, 0xD372, 0xD372, 0xD372, 0xD372, 0xD372, 0xD372, 0xD372, 0xD372, 0xD372, 0xD372, 0xD372, 0xD372,
    0xD372, 0xD372, 0xD372, 0xD372, 0xD372, 0xD372, 0xD372, 0xD372, 0xD372, 0xD372, 0xD372, 0xD372, 0xD372, 0xD372, 0xD372, 0xD372,
    0xD372, 0xD372, 0xD372, 0xD372, 0xD372, 0xD372, 0xD372, 0xD372, 0xD372, 0xD372, 0xD372, 0xD372, 0xD372, 0xD372, 0xD372, 0xD372,
    0xD372, 0xD372, 0xD372, 0xD372, 0xD372, 0xD372, 0xD372, 0xD372, 0xD372, 0xD372, 0xD372, 0xD372, 0xD372, 0xD372, 0xD372, 0xD372,
    0xD372, 0xD372, 0xD372, 0xD372, 0xD372, 0xD372, 0xD372, 0xD372, 0xD372, 0xD372, 0xD372, 0xD372, 0xD372, 0xD372, 0xD372, 0xD372,
    0xD372, 0xD372, 0xD372, 0xD372, 0xD372, 0xD372, 0xD372, 0xD372, 0xD372, 0xD372, 0xD372, 0xD372, 0xD372, 0xD372, 0xD372, 0xD372,
    0xD372, 0xD372, 0xD372, 0xD372, 0xD372, 0xD372, 0xD372, 0x8A56, 0x8A56, 0x8A56, 0x8A56, 0x8A56, 0x8A56, 0x8A56, 0x8A56, 0x8A56,
    0x8A56, 0x8A56, 0x8A56, 0x8A56, 0x8A56, 0x8A56, 0x8A56, 0x8A56, 0x8A56, 0x8A56, 0x8A56, 0x8A56, 0x8A56, 0x8A56, 0x8A56, 0x8A56,
    0x8A56, 0x8A56, 0xD372, 0xD372, 0xD372, 0xD372, 0xD372, 0x8A56, 0x8A56, 0xD372, 0xD372, 0xD372, 0xD372, 0xD372, 0xD372, 0xD372,
    0xD372, 0xD372, 0xD372, 0xD372, 0xD372, 0xD372, 0xD372, 0xD372, 0xD372, 0xD372, 0xD372, 0xD372, 0xD372, 0xD372, 0xD372, 0xD372,
    0xD372, 0xD372, 0xD372, 0xD372, 0xD372, 0x8A56, 0x8A56, 0xD372, 0xD372, 0xD372, 0xD372, 0xD372, 0xD372, 0x8A56, 0x8A56, 0x8A56,
    0x8A56, 0x8A56, 0x8A56, 0x8A56, 0x8A56, 0x8A56, 0x8A56, 0x8A56, 0x8A56, 0x8A56, 0x8A56, 0x8A56, 0x8A56, 0x8A56, 0x8A56, 0x8A56,
    0x8A56, 0x8A56, 0x8A56, 0x8A56, 0x8A56, 0x8A56, 0x8A56, 0xD372, 0xD372, 0xD372, 0xD372, 0xD372, 0xD372, 0xD372, 0xD372, 0xD372,
    0xD372, 0xD372, 0xD372, 0xD372, 0xD372, 0xD372, 0xD372, 0xD372, 0xD372, 0xD372, 0xD372, 0xD372, 0xD372, 0xD372, 0xD372, 0xD372,
    0xD372, 0xD372, 0xD372, 0xD372, 0xD372, 0xD372, 0xD372, 0xD372, 0xD372, 0xD372, 0xD372, 0xD372, 0xD372, 0xD372, 0xD372, 0xD372,
    0xD372, 0xD372, 0xD372, 0xD372, 0xD372, 0xD372, 0xD372, 0xD372, 0xD372, 0xD372, 0xD372, 0xD372, 0xD372, 0xD372, 0xD372, 0xD372,
    0xD372, 0xD372, 0xD372, 0xD372, 0xD372, 0xD372, 0xD372, 0xD372, 0xD372, 0xD372, 0xD372, 0xD372, 0xD372, 0xD372, 0xD372, 0xD372,
    0xD372, 0xD372, 0xD372, 0xD372, 0xD372, 0xD372, 0xD372, 0xD372, 0xD372, 0xD372, 0xD372, 0xD372, 0xD372, 0xD372, 0xD372, 0xD372,
    0xD372, 0xD372, 0xD372, 0xD372, 0xD372, 0xD372, 0xD372, 0xD372, 0xD372, 0xD372, 0xD372, 0xD372, 0xD372, 0xD372, 0xD372, 0xD372,
    0xD372, 0xD372, 0xD372, 0xD372, 0xD372, 0xD372, 0xD372, 0xD372, 0xD372, 0xD372, 0xD372, 0xD372, 0xD372, 0xD372, 0xD372, 0xD372,
    0xD372, 0xD372, 0xD372, 0xD372, 0xD372, 0xD372, 0xD372, 0xD372, 0xD372, 0xD372, 0xD372, 0xD372, 0xD372, 0xD372, 0xD372, 0xD372,
    0xD372, 0xD372, 0xD372, 0xD372, 0xD372, 0xD372, 0xD372, 0x8A56, 0x8A56, 0x8A56, 0x8A56, 0x8A56, 0x8A56, 0x8A56, 0x8A56, 0x8A56,
    0x8A56, 0x8A56, 0x8A56, 0x8A56, 0x8A56, 0x8A56, 0x8A56, 0x8A56, 0x8A56, 0x8A56, 0x8A56, 0x8A56, 0x8A56, 0x8A56, 0x8A56, 0x8A56,
    0x8A56, 0x8A56, 0xD372, 0xD372, 0xD372, 0xD372, 0xD372, 0x8A56, 0x8A56, 0xD372, 0xD372, 0xD372, 0xD372, 0xD372, 0xD372, 0xD372,
    0xD372, 0xD372, 0xD372, 0xD372, 0xD372, 0xD372, 0xD372, 0xD372, 0xD372, 0xD372, 0xD372, 0xD372, 0xD372, 0xD372, 0xD372, 0xD372,
    0xD372, 0xD372, 0xD372, 0xD372, 0xD372, 0x8A56, 0x8A56, 0xD372, 0xD372, 0xD372, 0xD372, 0xD372, 0xD372, 0x8A56, 0x8A56, 0x8A56,
    0x8A56, 0x8A56, 0x8A56, 0x8A56, 0x8A56, 0x8A56, 0x8A56, 0x8A56, 0x8A56, 0x8A56, 0x8A56, 0x8A56, 0x8A56, 0x8A56, 0x8A56, 0x8A56,
    0x8A56, 0x8A56, 0x8A56, 0x8A56, 0x8A56, 0x8A56, 0x8A56, 0xD372, 0xD372, 0xD372, 0xD372, 0xD372, 0xD372, 0xD372, 0xD372, 0xD372,
    0xD372, 0xD372, 0xD372, 0xD372, 0xD372, 0xD372, 0xD372, 0xD372, 0xD372, 0xD372, 0xD372, 0xD372, 0xD372, 0xD372, 0xD372, 0xD372,
    0xD372, 0xD372, 0xD372, 0xD372, 0xD372, 0xD372, 0xD372, 0xD372, 0xD372, 0xD372, 0xD372, 0xD372, 0xD372, 0xD372, 0xD372, 0xD372,
    0xD372, 0xD372, 0xD372, 0xD372, 0xD372, 0xD372, 0xD372, 0xD372, 0xD372, 0xD372, 0xD372, 0xD372, 0xD372, 0xD372, 0xD372, 0xD372,
    0xD372, 0xD372, 0xD372, 0xD372, 0xD372, 0xD372, 0xD372, 0xD372, 0xD372, 0xD372, 0xD372, 0xD372, 0xD372, 0xD372, 0xD372, 0xD372,
    0xD372, 0xD372, 0xD372, 0xD372, 0xD372, 0xD372, 0xD372, 0xD372, 0xD372, 0xD372, 0xD372, 0xD372, 0xD372, 0xD372, 0xD372, 0xD372,
    0xD372, 0xD372, 0xD372, 0xD372, 0xD372, 0xD372, 0xD372, 0xD372, 0xD372, 0xD372, 0xD372, 0xD372, 0xD372, 0xD372, 0xD372, 0xD372,
    0xD372, 0xD372, 0xD372, 0xD372, 0xD372, 0xD372, 0xD372, 0xD372, 0xD372, 0xD372, 0xD372, 0xD372, 0xD372, 0xD372, 0xD372, 0xD372,
    0xD372, 0xD372, 0xD372, 0xD372, 0xD372, 0xD372, 0xD372, 0xD372, 0xD372, 0xD372, 0xD372, 0xD372, 0xD372, 0xD372, 0xD372, 0xD372,
    0xD372, 0xD372, 0xD372, 0xD372, 0xD372, 0xD372, 0xD372, 0xD372, 0xD372, 0x8A56, 0x8A56, 0xD372, 0xD372, 0x8A56, 0x8A56, 0xD372,
    0xD372, 0x8A56, 0xD372, 0xD372, 0x8A56, 0x8A56, 0xD372, 0xD372, 0x8A56, 0x8A56, 0xD372, 0xD372, 0x8A56, 0x8A56, 0xD372, 0xD372,
    0x8A56, 0x8A56, 0x8A56, 0xD372, 0xD372, 0xD372, 0xD372, 0xD372, 0xD372, 0x8A56, 0x8A56, 0xD372, 0xD372, 0xD372, 0xD372, 0xD372,
    0xD372, 0xD372, 0xD372, 0xD372, 0xD372, 0xD372, 0xD372, 0xD372, 0xD372, 0xD372, 0xD372, 0xD372, 0xD372, 0xD372, 0xD372, 0xD372,
    0xD372, 0xD372, 0xD372, 0x8A56, 0x8A56, 0xD372, 0xD372, 0xD372, 0xD372, 0xD372, 0xD372, 0x8A56, 0x8A56, 0x8A56, 0x8A56, 0x8A56,
    0x8A56, 0x8A56, 0x8A56, 0x8A56, 0x8A56, 0x8A56, 0x8A56, 0x8A56, 0x8A56, 0x8A56, 0x8A56, 0x8A56, 0x8A56, 0x8A56, 0x8A56, 0x8A56,
    0x8A56, 0x8A56, 0x8A56, 0x8A56, 0x8A56, 0xD372, 0xD372, 0xD372, 0xD372, 0xD372, 0xD372, 0xD372, 0xD372, 0xD372, 0xD372, 0xD372,
    0xD372, 0xD372, 0xD372, 0xD372, 0xD372, 0xD372, 0xD372, 0xD372, 0xD372, 0xD372, 0xD372, 0xD372, 0xD372, 0xD372, 0xD372, 0xD372,
    0xD372, 0xD372, 0xD372, 0xD372, 0xD372, 0xD372, 0xD372, 0xD372, 0xD372, 0xD372, 0xD372, 0xD372, 0xD372, 0xD372, 0xD372, 0xD372,
    0xD372, 0xD372, 0xD372, 0xD372, 0xD372, 0xD372, 0xD372, 0xD372, 0xD372, 0xD372, 0xD372, 0xD372, 0xD372, 0xD372, 0xD372, 0xD372,
    0xD372, 0xD372, 0xD372, 0xD372, 0xD372, 0xD372, 0xD372, 0xD372, 0xD372, 0xD372, 0xD372, 0xD372, 0xD372, 0xD372, 0xD372, 0xD372,
    0xD372, 0xD372, 0xD372, 0xD372, 0xD372, 0xD372, 0xD372, 0xD372, 0xD372, 0xD372, 0xD372, 0xD372, 0xD372, 0xD372, 0xD372, 0xD372,
    0xD372, 0xD372, 0xD372, 0xD372, 0xD372, 0xD372, 0xD372, 0xD372, 0xD372, 0xD372, 0xD372, 0xD372, 0xD372, 0xD372, 0xD372, 0xD372,
    0xD372, 0xD372, 0xD372, 0xD372, 0xD372, 0xD372, 0xD372, 0xD372, 0xD372, 0xD372, 0xD372, 0xD372, 0xD372, 0xD372, 0xD372, 0xD372,
    0xD372, 0xD372, 0xD372, 0xD372, 0xD372, 0xD372, 0xD372, 0xD372, 0xD372, 0xD372, 0xD372, 0xD372, 0xD372, 0xD372, 0xD372, 0xD372,
    0xD372, 0xD372, 0xD372, 0xD372, 0xD372, 0xD372, 0xD372, 0xD372, 0xD372, 0x8A56, 0x8A56, 0xD372, 0xD372, 0x8A56, 0x8A56, 0xD372,
    0xD372, 0x8A56, 0xD372, 0xD372, 0x8A56, 0x8A56, 0xD372, 0xD372, 0x8A56, 0x8A56, 0xD372, 0xD372, 0x8A56, 0x8A56, 0xD372, 0xD372,
    0x8A56, 0x8A56, 0x8A56, 0xD372, 0xD372, 0xD372, 0xD372, 0xD372, 0xD372, 0x8A56, 0x8A56, 0xD372, 0xD372, 0xD372, 0xD372, 0xD372,
    0xD372, 0xD372, 0xD372, 0xD372, 0xD372, 0xD372, 0xD372, 0xD372, 0xD372, 0xD372, 0xD372, 0xD372, 0xD372, 0xD372, 0xD372, 0xD372,
    0xD372, 0xD372, 0xD372, 0x8A56, 0x8A56, 0xD372, 0xD372, 0xD372, 0xD372, 0xD372, 0xD372, 0x8A56, 0x8A56, 0x8A56, 0x8A56, 0x8A56,
    0x8A56, 0x8A56, 0x8A56, 0x8A56, 0x8A56, 0x8A56, 0x8A56, 0x8A56, 0x8A56, 0x8A56, 0x8A56, 0x8A56, 0x8A56, 0x8A56, 0x8A56, 0x8A56,
    0x8A56, 0x8A56, 0x8A56, 0x8A56, 0x8A56, 0xD372, 0xD372, 0xD372, 0xD372, 0xD372, 0xD372, 0xD372, 0xD372, 0xD372, 0xD372, 0xD372,
    0xD372, 0xD372, 0xD372, 0xD372, 0xD372, 0xD372, 0xD372, 0xD372, 0xD372, 0xD372, 0xD372, 0xD372, 0xD372, 0xD372, 0xD372, 0xD372,
    0xD372, 0xD372, 0xD372, 0xD372, 0xD372, 0xD372, 0xD372, 0xD372, 0xD372, 0xD372, 0xD372, 0xD372, 0xD372, 0xD372, 0xD372, 0xD372,
    0xD372, 0xD372, 0xD372, 0xD372, 0xD372, 0xD372, 0xD372, 0xD372, 0xD372, 0xD372, 0xD372, 0xD372, 0xD372, 0xD372, 0xD372, 0xD372,
    0xD372, 0xD372, 0xD372, 0xD372, 0xD372, 0xD372, 0xD372, 0xD372, 0xD372, 0xD372, 0xD372, 0xD372, 0xD372, 0xD372, 0xD372, 0xD372,
    0xD372, 0xD372, 0xD372, 0xD372, 0xD372, 0xD372, 0xD372, 0xD372, 0xD372, 0xD372, 0xD372, 0xD372, 0xD372, 0xD372, 0xD372, 0xD372,
    0xD372, 0xD372, 0xD372, 0xD372, 0xD372, 0xD372, 0xD372, 0xD372, 0xD372, 0xD372, 0xD372, 0xD372, 0xD372, 0xD372, 0xD372, 0xD372,
    0xD372, 0xD372, 0xD372, 0xD372, 0xD372, 0xD372, 0xD372, 0xD372, 0xD372, 0xD372, 0xD372, 0xD372, 0xD372, 0xD372, 0xD372, 0xD372,
    0xD372, 0xD372, 0xD372, 0xD372, 0xD372, 0xD372, 0xD372, 0xD372, 0xD372, 0xD372, 0xD372, 0xD372, 0xD372, 0xD372, 0xD372, 0xD372,
    0xD372, 0xD372, 0xD372, 0xD372, 0xD372, 0xD372, 0xD372, 0xD372, 0xD372, 0xD372, 0xD372, 0x8A56, 0x8A56, 0x8A56, 0x8A56, 0x8A56,
    0x8A56, 0x8A56, 0x8A56, 0x8A56, 0x8A56, 0x8A56, 0x8A56, 0x8A56, 0x8A56, 0x8A56, 0x8A56, 0x8A56, 0x8A56, 0x8A56, 0x8A56, 0x8A56,
    0x8A56, 0x8A56, 0x8A56, 0x8A56, 0x8A56, 0xD372, 0xD372, 0xD372, 0xD372, 0xD372, 0xD372, 0x8A56, 0x8A56, 0xD372, 0xD372, 0xD372,
    0xD372, 0xD372, 0xD372, 0xD372, 0xD372, 0xD372, 0xD372, 0xD372, 0xD372, 0xD372, 0xD372, 0xD372, 0xD372, 0xD372, 0xD372, 0xD372,
    0xD372, 0x8A56, 0x8A56, 0xD372, 0xD372, 0xD372, 0xD372, 0xD372, 0xD372, 0x8A56, 0x8A56, 0x8A56, 0x8A56, 0x8A56, 0x8A56, 0x8A56,
    0x8A56, 0x8A56, 0x8A56, 0x8A56, 0x8A56, 0x8A56, 0x8A56, 0x8A56, 0x8A56, 0x8A56, 0x8A56, 0x8A56, 0x8A56, 0x8A56, 0x8A56, 0x8A56,
    0x8A56, 0x8A56, 0x8A56, 0xD372, 0xD372, 0xD372, 0xD372, 0xD372, 0xD372, 0xD372, 0xD372, 0xD372, 0xD372, 0xD372, 0xD372, 0xD372,
    0xD372, 0xD372, 0xD372, 0xD372, 0xD372, 0xD372, 0xD372, 0xD372, 0xD372, 0xD372, 0xD372, 0xD372, 0xD372, 0xD372, 0xD372, 0xD372,
    0xD372, 0xD372, 0xD372, 0xD372, 0xD372, 0xD372, 0xD372, 0xD372, 0xD372, 0xD372, 0xD372, 0xD372, 0xD372, 0xD372, 0xD372, 0xD372,
    0xD372, 0xD372, 0xD372, 0xD372, 0xD372, 0xD372, 0xD372, 0xD372, 0xD372, 0xD372, 0xD372, 0xD372, 0xD372, 0xD372, 0xD372, 0xD372,
    0xD372, 0xD372, 0xD372, 0xD372, 0xD372, 0xD372, 0xD372, 0xD372, 0xD372, 0xD372, 0xD372, 0xD372, 0xD372, 0xD372, 0xD372, 0xD372,
    0xD372, 0xD372, 0xD372, 0xD372, 0xD372, 0xD372, 0xD372, 0xD372, 0xD372, 0xD372, 0xD372, 0xD372, 0xD372, 0xD372, 0xD372, 0xD372,
    0xD372, 0xD372, 0xD372, 0xD372, 0xD372, 0xD372, 0xD372, 0xD372, 0xD372, 0xD372, 0xD372, 0xD372, 0xD372, 0xD372, 0xD372, 0xD372,
    0xD372, 0xD372, 0xD372, 0xD372, 0xD372, 0xD372, 0xD372, 0xD372, 0xD372, 0xD372, 0xD372, 0xD372, 0xD372, 0xD372, 0xD372, 0xD372,
    0xD372, 0xD372, 0xD372, 0xD372, 0xD372, 0xD372, 0xD372, 0xD372, 0xD372, 0xD372, 0xD372, 0xD372, 0xD372, 0xD372, 0xD372, 0xD372,
    0xD372, 0xD372, 0xD372, 0xD372, 0xD372, 0xD372, 0xD372, 0xD372, 0xD372, 0xD372, 0xD372, 0x8A56, 0x8A56, 0x8A56, 0x8A56, 0x8A56,
    0x8A56, 0x8A56, 0x8A56, 0x8A56, 0x8A56, 0x8A56, 0x8A56, 0x8A56, 0x8A56, 0x8A56, 0x8A56, 0x8A56, 0x8A56, 0x8A56, 0x8A56, 0x8A56,
    0x8A56, 0x8A56, 0x8A56, 0x8A56, 0x8A56, 0xD372, 0xD372, 0xD372, 0xD372, 0xD372, 0xD372, 0x8A56, 0x8A56, 0xD372, 0xD372, 0xD372,
    0xD372, 0xD372, 0xD372, 0xD372, 0xD372, 0xD372, 0xD372, 0xD372, 0xD372, 0xD372, 0xD372, 0xD372, 0xD372, 0xD372, 0xD372, 0xD372,
    0xD372, 0x8A56, 0x8A56, 0xD372, 0xD372, 0xD372, 0xD372, 0xD372, 0xD372, 0x8A56, 0x8A56, 0x8A56, 0x8A56, 0x8A56, 0x8A56, 0x8A56,
    0x8A56, 0x8A56, 0x8A56, 0x8A56, 0x8A56, 0x8A56, 0x8A56, 0x8A56, 0x8A56, 0x8A56, 0x8A56, 0x8A56, 0x8A56, 0x8A56, 0x8A56, 0x8A56,
    0x8A56, 0x8A56, 0x8A56, 0xD372, 0xD372, 0xD372, 0xD372, 0xD372, 0xD372, 0xD372, 0xD372, 0xD372, 0xD372, 0xD372, 0xD372, 0xD372,
    0xD372, 0xD372, 0xD372, 0xD372, 0xD372, 0xD372, 0xD372, 0xD372, 0xD372, 0xD372, 0xD372, 0xD372, 0xD372, 0xD372, 0xD372, 0xD372,
    0xD372, 0xD372, 0xD372, 0xD372, 0xD372, 0xD372, 0xD372, 0xD372, 0xD372, 0xD372, 0xD372, 0xD372, 0xD372, 0xD372, 0xD372, 0xD372,
    0xD372, 0xD372, 0xD372, 0xD372, 0xD372, 0xD372, 0xD372, 0xD372, 0xD372, 0xD372, 0xD372, 0xD372, 0xD372, 0xD372, 0xD372, 0xD372,
    0xD372, 0xD372, 0xD372, 0xD372, 0xD372, 0xD372, 0xD372, 0xD372, 0xD372, 0xD372, 0xD372, 0xD372, 0xD372, 0xD372, 0xD372, 0xD372,
    0xD372, 0xD372, 0xD372, 0xD372, 0xD372, 0xD372, 0xD372, 0xD372, 0xD372, 0xD372, 0xD372, 0xD372, 0xD372, 0xD372, 0xD372, 0xD372,
    0xD372, 0xD372, 0xD372, 0xD372, 0xD372, 0xD372, 0xD372, 0xD372, 0xD372, 0xD372, 0xD372, 0xD372, 0xD372, 0xD372, 0xD372, 0xD372,
    0xD372, 0xD372, 0xD372, 0xD372, 0xD372, 0xD372, 0xD372, 0xD372, 0xD372, 0xD372, 0xD372, 0xD372, 0xD372, 0xD372, 0xD372, 0xD372,
    0xD372, 0xD372, 0xD372, 0xD372, 0xD372, 0xD372, 0xD372, 0xD372, 0xD372, 0xD372, 0xD372, 0xD372, 0xD372, 0xD372, 0xD372, 0xD372,
    0xD372, 0xD372, 0xD372, 0xD372, 0xD372, 0xD372, 0xD372, 0xD372, 0xD372, 0xD372, 0xD372, 0xD372, 0xD372, 0x8A56, 0x8A56, 0xD372,
    0xD372, 0x8A56, 0xD372, 0xD372, 0x8A56, 0x8A56, 0xD372, 0xD372, 0x8A56, 0x8A56, 0xD372, 0xD372, 0x8A56, 0x8A56, 0xD372, 0xD372,
    0x8A56, 0x8A56, 0xD372, 0x8A56, 0x8A56, 0x8A56, 0x8A56, 0xD372, 0xD372, 0xD372, 0xD372, 0xD372, 0xD372, 0x8A56, 0x8A56, 0xD372,
    0xD372, 0xD372, 0xD372, 0xD372, 0xD372, 0xD372, 0xD372, 0xD372, 0xD372, 0xD372, 0xD372, 0xD372, 0xD372, 0xD372, 0xD372, 0xD372,
    0x8A56, 0xD372, 0xD372, 0xD372, 0xD372, 0xD372, 0xD372, 0x8A56, 0x8A56, 0x8A56, 0x8A56, 0x8A56, 0x8A56, 0x8A56, 0x8A56, 0x8A56,
    0x8A56, 0x8A56, 0x8A56, 0x8A56, 0x8A56, 0x8A56, 0x8A56, 0x8A56, 0x8A56, 0x8A56, 0x8A56, 0x8A56, 0x8A56, 0x8A56, 0x8A56, 0x8A56,
    0x8A56, 0xD372, 0xD372, 0xD372, 0xD372, 0xD372, 0xD372, 0xD372, 0xD372, 0xD372, 0xD372, 0xD372, 0xD372, 0xD372, 0xD372, 0xD372,
    0xD372, 0xD372, 0xD372, 0xD372, 0xD372, 0xD372, 0xD372, 0xD372, 0xD372, 0xD372, 0xD372, 0xD372, 0xD372, 0xD372, 0xD372, 0xD372,
    0xD372, 0xD372, 0xD372, 0xD372, 0xD372, 0xD372, 0xD372, 0xD372, 0xD372, 0xD372, 0xD372, 0xD372, 0xD372, 0xD372, 0xD372, 0xD372,
    0xD372, 0xD372, 0xD372, 0xD372, 0xD372, 0xD372, 0xD372, 0xD372, 0xD372, 0xD372, 0xD372, 0xD372, 0xD372, 0xD372, 0xD372, 0xD372,
    0xD372, 0xD372, 0xD372, 0xD372, 0xD372, 0xD372, 0xD372, 0xD372, 0xD372, 0xD372, 0xD372, 0xD372, 0xD372, 0xD372, 0xD372, 0xD372,
    0xD372, 0xD372, 0xD372, 0xD372, 0xD372, 0xD372, 0xD372, 0xD372, 0xD372, 0xD372, 0xD372, 0xD372, 0xD372, 0xD372, 0xD372, 0xD372,
    0xD372, 0xD372, 0xD372, 0xD372, 0xD372, 0xD372, 0xD372, 0xD372, 0xD372, 0xD372, 0xD372, 0xD372, 0xD372, 0xD372, 0xD372, 0xD372,
    0xD372, 0xD372, 0xD372, 0xD372, 0xD372, 0xD372, 0xD372, 0xD372, 0xD372, 0xD372, 0xD372, 0xD372, 0xD372, 0xD372, 0xD372, 0xD372,
    0xD372, 0xD372, 0xD372, 0xD372, 0xD372, 0xD372, 0xD372, 0xD372, 0xD372, 0xD372, 0xD372, 0xD372, 0xD372, 0xD372, 0xD372, 0xD372,
    0xD372, 0xD372, 0xD372, 0xD372, 0xD372, 0xD372, 0xD372, 0xD372, 0xD372, 0xD372, 0xD372, 0xD372, 0xD372, 0x8A56, 0x8A56, 0xD372,
    0xD372, 0x8A56, 0xD372, 0xD372, 0x8A56, 0x8A56, 0xD372, 0xD372, 0x8A56, 0x8A56, 0xD372, 0xD372, 0x8A56, 0x8A56, 0xD372, 0xD372,
    0x8A56, 0x8A56, 0xD372, 0x8A56, 0x8A56, 0x8A56, 0x8A56, 0xD372, 0xD372, 0xD372, 0xD372, 0xD372, 0xD372, 0x8A56, 0x8A56, 0xD372,
    0xD372, 0xD372, 0xD372, 0xD372, 0xD372, 0xD372, 0xD372, 0xD372, 0xD372, 0xD372, 0xD372, 0xD372, 0xD372, 0xD372, 0xD372, 0xD372,
    0x8A56, 0xD372, 0xD372, 0xD372, 0xD372, 0xD372, 0xD372, 0x8A56, 0x8A56, 0x8A56, 0x8A56, 0x8A56, 0x8A56, 0x8A56, 0x8A56, 0x8A56,
    0x8A56, 0x8A56, 0x8A56, 0x8A56, 0x8A56, 0x8A56, 0x8A56, 0x8A56, 0x8A56, 0x8A56, 0x8A56, 0x8A56, 0x8A56, 0x8A56, 0x8A56, 0x8A56,
    0x8A56, 0xD372, 0xD372, 0xD372, 0xD372, 0xD372, 0xD372, 0xD372, 0xD372, 0xD372, 0xD372, 0xD372, 0xD372, 0xD372, 0xD372, 0xD372,
    0xD372, 0xD372, 0xD372, 0xD372, 0xD372, 0xD372, 0xD372, 0xD372, 0xD372, 0xD372, 0xD372, 0xD372, 0xD372, 0xD372, 0xD372, 0xD372,
    0xD372, 0xD372, 0xD372, 0xD372, 0xD372, 0xD372, 0xD372, 0xD372, 0xD372, 0xD372, 0xD372, 0xD372, 0xD372, 0xD372, 0xD372, 0xD372,
    0xD372, 0xD372, 0xD372, 0xD372, 0xD372, 0xD372, 0xD372, 0xD372, 0xD372, 0xD372, 0xD372, 0xD372, 0xD372, 0xD372, 0xD372, 0xD372,
    0xD372, 0xD372, 0xD372, 0xD372, 0xD372, 0xD372, 0xD372, 0xD372, 0xD372, 0xD372, 0xD372, 0xD372, 0xD372, 0xD372, 0xD372, 0xD372,
    0xD372, 0xD372, 0xD372, 0xD372, 0xD372, 0xD372, 0xD372, 0xD372, 0xD372, 0xD372, 0xD372, 0xD372, 0xD372, 0xD372, 0xD372, 0xD372,
    0xD372, 0xD372, 0xD372, 0xD372, 0xD372, 0xD372, 0xD372, 0xD372, 0xD372, 0xD372, 0xD372, 0xD372, 0xD372, 0xD372, 0xD372, 0xD372,
    0xD372, 0xD372, 0xD372, 0xD372, 0xD372, 0xD372, 0xD372, 0xD372, 0xD372, 0xD372, 0xD372, 0xD372, 0xD372, 0xD372, 0xD372, 0xD372,
    0xD372, 0xD372, 0xD372, 0xD372, 0xD372, 0xD372, 0xD372, 0xD372, 0xD372, 0xD372, 0xD372, 0xD372, 0xD372, 0xD372, 0xD372, 0xD372,
    0xD372, 0xD372, 0xD372, 0xD372, 0xD372, 0xD372, 0xD372, 0xD372, 0xD372, 0xD372, 0xD372, 0xD372, 0xD372, 0xD372, 0xD372, 0x8A56,
    0x8A56, 0x8A56, 0x8A56, 0x8A56, 0x8A56, 0x8A56, 0x8A56, 0x8A56, 0x8A56, 0x8A56, 0x8A56, 0x8A56, 0x8A56, 0x8A56, 0x8A56, 0x8A56,
    0x8A56, 0x8A56, 0x8A56, 0x8A56, 0x8A56, 0x8A56, 0x8A56, 0x8A56, 0x8A56, 0xD372, 0xD372, 0xD372, 0xD372, 0xD372, 0xD372, 0x8A56,
    0x8A56, 0xD372, 0xD372, 0xD372, 0xD372, 0xD372, 0xD372, 0xD372, 0xD372, 0xD372, 0xD372, 0xD372, 0xD372, 0xD372, 0x8A56, 0x8A56,
    0xD372, 0xD372, 0xD372, 0xD372, 0xD372, 0x8A56, 0x8A56, 0x8A56, 0x8A56, 0x8A56, 0x8A56, 0x8A56, 0x8A56, 0x8A56, 0x8A56, 0x8A56,
    0x8A56, 0x8A56, 0x8A56, 0x8A56, 0x8A56, 0x8A56, 0x8A56, 0x8A56, 0x8A56, 0x8A56, 0x8A56, 0x8A56, 0x8A56, 0x8A56, 0x8A56, 0xD372,
    0xD372, 0xD372, 0xD372, 0xD372, 0xD372, 0xD372, 0xD372, 0xD372, 0xD372, 0xD372, 0xD372, 0xD372, 0xD372, 0xD372, 0xD372, 0xD372,
    0xD372, 0xD372, 0xD372, 0xD372, 0xD372, 0xD372, 0xD372, 0xD372, 0xD372, 0xD372, 0xD372, 0xD372, 0xD372, 0xD372, 0xD372, 0xD372,
    0xD372, 0xD372, 0xD372, 0xD372, 0xD372, 0xD372, 0xD372, 0xD372, 0xD372, 0xD372, 0xD372, 0xD372, 0xD372, 0xD372, 0xD372, 0xD372,
    0xD372, 0xD372, 0xD372, 0xD372, 0xD372, 0xD372, 0xD372, 0xD372, 0xD372, 0xD372, 0xD372, 0xD372, 0xD372, 0xD372, 0xD372, 0xD372,
    0xD372, 0xD372, 0xD372, 0xD372, 0xD372, 0xD372, 0xD372, 0xD372, 0xD372, 0xD372, 0xD372, 0xD372, 0xD372, 0xD372, 0xD372, 0xD372,
    0xD372, 0xD372, 0xD372, 0xD372, 0xD372, 0xD372, 0xD372, 0xD372, 0xD372, 0xD372, 0xD372, 0xD372, 0xD372, 0xD372, 0xD372, 0xD372,
    0xD372, 0xD372, 0xD372, 0xD372, 0xD372, 0xD372, 0xD372, 0xD372, 0xD372, 0xD372, 0xD372, 0xD372, 0xD372, 0xD372, 0xD372, 0xD372,
    0xD372, 0xD372, 0xD372, 0xD372, 0xD372, 0xD372, 0xD372, 0xD372, 0xD372, 0xD372, 0xD372, 0xD372, 0xD372, 0xD372, 0xD372, 0xD372,
    0xD372, 0xD372, 0xD372, 0xD372, 0xD372, 0xD372, 0xD372, 0xD372, 0xD372, 0xD372, 0xD372, 0xD372, 0xD372, 0xD372, 0xD372, 0xD372,
    0xD372, 0xD372, 0xD372, 0xD372, 0xD372, 0xD372, 0xD372, 0xD372, 0xD372, 0xD372, 0xD372, 0xD372, 0xD372, 0xD372, 0xD372, 0xD372,
    0xD372, 0x8A56, 0xD372, 0xD372, 0x8A56, 0x8A56, 0xD372, 0xD372, 0x8A56, 0x8A56, 0xD372, 0xD372, 0x8A56, 0x8A56, 0xD372, 0xD372,
    0x8A56, 0x8A56, 0x8A56, 0x8A56, 0x8A56, 0x8A56, 0x8A56, 0x8A56, 0x8A56, 0x8A56, 0x8A56, 0xD372, 0xD372, 0xD372, 0xD372, 0xD372,
    0xD372, 0x8A56, 0xD372, 0xD372, 0xD372, 0xD372, 0xD372, 0xD372, 0xD372, 0xD372, 0xD372, 0xD372, 0x8A56, 0x8A56, 0xD372, 0xD372,
    0xD372, 0xD372, 0xD372, 0x8A56, 0x8A56, 0x8A56, 0x8A56, 0x8A56, 0x8A56, 0x8A56, 0x8A56, 0x8A56, 0x8A56, 0x8A56, 0x8A56, 0x8A56,
    0x8A56, 0x8A56, 0x8A56, 0x8A56, 0x8A56, 0x8A56, 0x8A56, 0x8A56, 0x8A56, 0x8A56, 0x8A56, 0x8A56, 0x8A56, 0x8A56, 0xD372, 0xD372,
    0xD372, 0xD372, 0xD372, 0xD372, 0xD372, 0xD372, 0xD372, 0xD372, 0xD372, 0xD372, 0xD372, 0xD372, 0xD372, 0xD372, 0xD372, 0xD372,
    0xD372, 0xD372, 0xD372, 0xD372, 0xD372, 0xD372, 0xD372, 0xD372, 0xD372, 0xD372, 0xD372, 0xD372, 0xD372, 0xD372, 0xD372, 0xD372,
    0xD372, 0xD372, 0xD372, 0xD372, 0xD372, 0xD372, 0xD372, 0xD372, 0xD372, 0xD372, 0xD372, 0xD372, 0xD372, 0xD372, 0xD372, 0xD372,
    0xD372, 0xD372, 0xD372, 0xD372, 0xD372, 0xD372, 0xD372, 0xD372, 0xD372, 0xD372, 0xD372, 0xD372, 0xD372, 0xD372, 0xD372, 0xD372,
    0xD372, 0xD372, 0xD372, 0xD372, 0xD372, 0xD372, 0xD372, 0xD372, 0xD372, 0xD372, 0xD372, 0xD372, 0xD372, 0xD372, 0xD372, 0xD372,
    0xD372, 0xD372, 0xD372, 0xD372, 0xD372, 0xD372, 0xD372, 0xD372, 0xD372, 0xD372, 0xD372, 0xD372, 0xD372, 0xD372, 0xD372, 0xD372,
    0xD372, 0xD372, 0xD372, 0xD372, 0xD372, 0xD372, 0xD372, 0xD372, 0xD372, 0xD372, 0xD372, 0xD372, 0xD372, 0xD372, 0xD372, 0xD372,
    0xD372, 0xD372, 0xD372, 0xD372, 0xD372, 0xD372, 0xD372, 0xD372, 0xD372, 0xD372, 0xD372, 0xD372, 0xD372, 0xD372, 0xD372, 0xD372,
    0xD372, 0xD372, 0xD372, 0xD372, 0xD372, 0xD372, 0xD372, 0xD372, 0xD372, 0xD372, 0xD372, 0xD372, 0xD372, 0xD372, 0xD372, 0xD372,
    0xD372, 0xD372, 0xD372, 0xD372, 0xD372, 0xD372, 0xD372, 0xD372, 0xD372, 0xD372, 0xD372, 0xD372, 0xD372, 0xD372, 0xD372, 0xD372,
    0xD372, 0x8A56, 0xD372, 0xD372, 0x8A56, 0x8A56, 0xD372, 0xD372, 0x8A56, 0x8A56, 0xD372, 0xD372, 0x8A56, 0x8A56, 0xD372, 0xD372,
    0x8A56, 0x8A56, 0x8A56, 0x8A56, 0x8A56, 0x8A56, 0x8A56, 0x8A56, 0x8A56, 0x8A56, 0x8A56, 0xD372, 0xD372, 0xD372, 0xD372, 0xD372,
    0xD372, 0x8A56, 0xD372, 0xD372, 0xD372, 0xD372, 0xD372, 0xD372, 0xD372, 0xD372, 0xD372, 0xD372, 0x8A56, 0x8A56, 0xD372, 0xD372,
    0xD372, 0xD372, 0xD372, 0x8A56, 0x8A56, 0x8A56, 0x8A56, 0x8A56, 0x8A56, 0x8A56, 0x8A56, 0x8A56, 0x8A56, 0x8A56, 0x8A56, 0x8A56,
    0x8A56, 0x8A56, 0x8A56, 0x8A56, 0x8A56, 0x8A56, 0x8A56, 0x8A56, 0x8A56, 0x8A56, 0x8A56, 0x8A56, 0x8A56, 0x8A56, 0xD372, 0xD372,
    0xD372, 0xD372, 0xD372, 0xD372, 0xD372, 0xD372, 0xD372, 0xD372, 0xD372, 0xD372, 0xD372, 0xD372, 0xD372, 0xD372, 0xD372, 0xD372,
    0xD372, 0xD372, 0xD372, 0xD372, 0xD372, 0xD372, 0xD372, 0xD372, 0xD372, 0xD372, 0xD372, 0xD372, 0xD372, 0xD372, 0xD372, 0xD372,
    0xD372, 0xD372, 0xD372, 0xD372, 0xD372, 0xD372, 0xD372, 0xD372, 0xD372, 0xD372, 0xD372, 0xD372, 0xD372, 0xD372, 0xD372, 0xD372,
    0xD372, 0xD372, 0xD372, 0xD372, 0xD372, 0xD372, 0xD372, 0xD372, 0xD372, 0xD372, 0xD372, 0xD372, 0xD372, 0xD372, 0xD372, 0xD372,
    0xD372, 0xD372, 0xD372, 0xD372, 0xD372, 0xD372, 0xD372, 0xD372, 0xD372, 0xD372, 0xD372, 0xD372, 0xD372, 0xD372, 0xD372, 0xD372,
    0xD372, 0xD372, 0xD372, 0xD372, 0xD372, 0xD372, 0xD372, 0xD372, 0xD372, 0xD372, 0xD372, 0xD372, 0xD372, 0xD372, 0xD372, 0xD372,
    0xD372, 0xD372, 0xD372, 0xD372, 0xD372, 0xD372, 0xD372, 0xD372, 0xD372, 0xD372, 0xD372, 0xD372, 0xD372, 0xD372, 0xD372, 0xD372,
    0xD372, 0xD372, 0xD372, 0xD372, 0xD372, 0xD372, 0xD372, 0xD372, 0xD372, 0xD372, 0xD372, 0xD372, 0xD372, 0xD372, 0xD372, 0xD372,
    0xD372, 0xD372, 0xD372, 0xD372, 0xD372, 0xD372, 0xD372, 0xD372, 0xD372, 0xD372, 0xD372, 0xD372, 0xD372, 0xD372, 0xD372, 0xD372,
    0xD372, 0xD372, 0xD372, 0xD372, 0xD372, 0xD372, 0xD372, 0xD372, 0xD372, 0xD372, 0xD372, 0xD372, 0xD372, 0xD372, 0xD372, 0xD372,
    0xD372, 0xD372, 0x8A56, 0x8A56, 0x8A56, 0x8A56, 0x8A56, 0x8A56, 0x8A56, 0x8A56, 0x8A56, 0x8A56, 0x8A56, 0x8A56, 0x8A56, 0x8A56,
    0x8A56, 0x8A56, 0x8A56, 0x8A56, 0x8A56, 0x8A56, 0x8A56, 0x8A56, 0x8A56, 0x8A56, 0x8A56, 0x8A56, 0x8A56, 0xD372, 0xD372, 0xD372,
    0xD372, 0xD372, 0x8A56, 0x8A56, 0xD372, 0xD372, 0xD372, 0xD372, 0xD372, 0xD372, 0x8A56, 0x8A56, 0xD372, 0xD372, 0xD372, 0xD372,
    0xD372, 0x8A56, 0x8A56, 0x8A56, 0x8A56, 0x8A56, 0x8A56, 0x8A56, 0x8A56, 0x8A56, 0x8A56, 0x8A56, 0x8A56, 0x8A56, 0x8A56, 0x8A56,
    0x8A56, 0x8A56, 0x8A56, 0x8A56, 0x8A56, 0x8A56, 0x8A56, 0x8A56, 0x8A56, 0x8A56, 0x8A56, 0x8A56, 0xD372, 0xD372, 0xD372, 0xD372,
    0xD372, 0xD372, 0xD372, 0xD372, 0xD372, 0xD372, 0xD372, 0xD372, 0xD372, 0xD372, 0xD372, 0xD372, 0xD372, 0xD372, 0xD372, 0xD372,
    0xD372, 0xD372, 0xD372, 0xD372, 0xD372, 0xD372, 0xD372, 0xD372, 0xD372, 0xD372, 0xD372, 0xD372, 0xD372, 0xD372, 0xD372, 0xD372,
    0xD372, 0xD372, 0xD372, 0xD372, 0xD372, 0xD372, 0xD372, 0xD372, 0xD372, 0xD372, 0xD372, 0xD372, 0xD372, 0xD372, 0xD372, 0xD372,
    0xD372, 0xD372, 0xD372, 0xD372, 0xD372, 0xD372, 0xD372, 0xD372, 0xD372, 0xD372, 0xD372, 0xD372, 0xD372, 0xD372, 0xD372, 0xD372,
    0xD372, 0xD372, 0xD372, 0xD372, 0xD372, 0xD372, 0xD372, 0xD372, 0xD372, 0xD372, 0xD372, 0xD372, 0xD372, 0xD372, 0xD372, 0xD372,
    0xD372, 0xD372, 0xD372, 0xD372, 0xD372, 0xD372, 0xD372, 0xD372, 0xD372, 0xD372, 0xD372, 0xD372, 0xD372, 0xD372, 0xD372, 0xD372,
    0xD372, 0xD372, 0xD372, 0xD372, 0xD372, 0xD372, 0xD372, 0xD372, 0xD372, 0xD372, 0xD372, 0xD372, 0xD372, 0xD372, 0xD372, 0xD372,
    0xD372, 0xD372, 0xD372, 0xD372, 0xD372, 0xD372, 0xD372, 0xD372, 0xD372, 0xD372, 0xD372, 0xD372, 0xD372, 0xD372, 0xD372, 0xD372,
    0xD372, 0xD372, 0xD372, 0xD372, 0xD372, 0xD372, 0xD372, 0xD372, 0xD372, 0xD372, 0xD372, 0xD372, 0xD372, 0xD372, 0xD372, 0xD372,
    0xD372, 0xD372, 0xD372, 0xD372, 0xD372, 0xD372, 0xD372, 0xD372, 0xD372, 0xD372, 0xD372, 0xD372, 0xD372, 0xD372, 0xD372, 0xD372,
    0xD372, 0xD372, 0x8A56, 0x8A56, 0x8A56, 0x8A56, 0x8A56, 0x8A56, 0x8A56, 0x8A56, 0x8A56, 0x8A56, 0x8A56, 0x8A56, 0x8A56, 0x8A56,
    0x8A56, 0x8A56, 0x8A56, 0x8A56, 0x8A56, 0x8A56, 0x8A56, 0x8A56, 0x8A56, 0x8A56, 0x8A56, 0x8A56, 0x8A56, 0xD372, 0xD372, 0xD372,
    0xD372, 0xD372, 0x8A56, 0x8A56, 0xD372, 0xD372, 0xD372, 0xD372, 0xD372, 0xD372, 0x8A56, 0x8A56, 0xD372, 0xD372, 0xD372, 0xD372,
    0xD372, 0x8A56, 0x8A56, 0x8A56, 0x8A56, 0x8A56, 0x8A56, 0x8A56, 0x8A56, 0x8A56, 0x8A56, 0x8A56, 0x8A56, 0x8A56, 0x8A56, 0x8A56,
    0x8A56, 0x8A56, 0x8A56, 0x8A56, 0x8A56, 0x8A56, 0x8A56, 0x8A56, 0x8A56, 0x8A56, 0x8A56, 0x8A56, 0xD372, 0xD372, 0xD372, 0xD372,
    0xD372, 0xD372, 0xD372, 0xD372, 0xD372, 0xD372, 0xD372, 0xD372, 0xD372, 0xD372, 0xD372, 0xD372, 0xD372, 0xD372, 0xD372, 0xD372,
    0xD372, 0xD372, 0xD372, 0xD372, 0xD372, 0xD372, 0xD372, 0xD372, 0xD372, 0xD372, 0xD372, 0xD372, 0xD372, 0xD372, 0xD372, 0xD372,
    0xD372, 0xD372, 0xD372, 0xD372, 0xD372, 0xD372, 0xD372, 0xD372, 0xD372, 0xD372, 0xD372, 0xD372, 0xD372, 0xD372, 0xD372, 0xD372,
    0xD372, 0xD372, 0xD372, 0xD372, 0xD372, 0xD372, 0xD372, 0xD372, 0xD372, 0xD372, 0xD372, 0xD372, 0xD372, 0xD372, 0xD372, 0xD372,
    0xD372, 0xD372, 0xD372, 0xD372, 0xD372, 0xD372, 0xD372, 0xD372, 0xD372, 0xD372, 0xD372, 0xD372, 0xD372, 0xD372, 0xD372, 0xD372,
    0xD372, 0xD372, 0xD372, 0xD372, 0xD372, 0xD372, 0xD372, 0xD372, 0xD372, 0xD372, 0xD372, 0xD372, 0xD372, 0xD372, 0xD372, 0xD372,
    0xD372, 0xD372, 0xD372, 0xD372, 0xD372, 0xD372, 0xD372, 0xD372, 0xD372, 0xD372, 0xD372, 0xD372, 0xD372, 0xD372, 0xD372, 0xD372,
    0xD372, 0xD372, 0xD372, 0xD372, 0xD372, 0xD372, 0xD372, 0xD372, 0xD372, 0xD372, 0xD372, 0xD372, 0xD372, 0xD372, 0xD372, 0xD372,
    0xD372, 0xD372, 0xD372, 0xD372, 0xD372, 0xD372, 0xD372, 0xD372, 0xD372, 0xD372, 0xD372, 0xD372, 0xD372, 0xD372, 0xD372, 0xD372,
    0xD372, 0xD372, 0xD372, 0xD372, 0xD372, 0xD372, 0xD372, 0xD372, 0xD372, 0xD372, 0xD372, 0xD372, 0xD372, 0xD372, 0xD372, 0xD372,
    0xD372, 0xD372, 0xD372, 0xD372, 0x8A56, 0x8A56, 0xD372, 0xD372, 0x8A56, 0x8A56, 0xD372, 0xD372, 0x8A56, 0x8A56, 0x8A56, 0x8A56,
    0x8A56, 0x8A56, 0x8A56, 0x8A56, 0x8A56, 0x8A56, 0x8A56, 0x8A56, 0x8A56, 0x8A56, 0x8A56, 0x8A56, 0x8A56, 0x8A56, 0x8A56, 0xD372,
    0xD372, 0xD372, 0xD372, 0xD372, 0x8A56, 0x8A56, 0xD372, 0xD372, 0x8A56, 0x8A56, 0xD372, 0xD372, 0xD372, 0xD372, 0xD372, 0xD372,
    0x8A56, 0x8A56, 0x8A56, 0x8A56, 0x8A56, 0x8A56, 0x8A56, 0x8A56, 0x8A56, 0x8A56, 0x8A56, 0x8A56, 0x8A56, 0x8A56, 0x8A56, 0x8A56,
    0x8A56, 0x8A56, 0x8A56, 0x8A56, 0x8A56, 0x8A56, 0x8A56, 0x8A56, 0x8A56, 0x8A56, 0xD372, 0xD372, 0xD372, 0xD372, 0xD372, 0xD372,
    0xD372, 0xD372, 0xD372, 0xD372, 0xD372, 0xD372, 0xD372, 0xD372, 0xD372, 0xD372, 0xD372, 0xD372, 0xD372, 0xD372, 0xD372, 0xD372,
    0xD372, 0xD372, 0xD372, 0xD372, 0xD372, 0xD372, 0xD372, 0xD372, 0xD372, 0xD372, 0xD372, 0xD372, 0xD372, 0xD372, 0xD372, 0xD372,
    0xD372, 0xD372, 0xD372, 0xD372, 0xD372, 0xD372, 0xD372, 0xD372, 0xD372, 0xD372, 0xD372, 0xD372, 0xD372, 0xD372, 0xD372, 0xD372,
    0xD372, 0xD372, 0xD372, 0xD372, 0xD372, 0xD372, 0xD372, 0xD372, 0xD372, 0xD372, 0xD372, 0xD372, 0xD372, 0xD372, 0xD372, 0xD372,
    0xD372, 0xD372, 0xD372, 0xD372, 0xD372, 0xD372, 0xD372, 0xD372, 0xD372, 0xD372, 0xD372, 0xD372, 0xD372, 0xD372, 0xD372, 0xD372,
    0xD372, 0xD372, 0xD372, 0xD372, 0xD372, 0xD372, 0xD372, 0xD372, 0xD372, 0xD372, 0xD372, 0xD372, 0xD372, 0xD372, 0xD372, 0xD372,
    0xD372, 0xD372, 0xD372, 0xD372, 0xD372, 0xD372, 0xD372, 0xD372, 0xD372, 0xD372, 0xD372, 0xD372, 0xD372, 0xD372, 0xD372, 0xD372,
    0xD372, 0xD372, 0xD372, 0xD372, 0xD372, 0xD372, 0xD372, 0xD372, 0xD372, 0xD372, 0xD372, 0xD372, 0xD372, 0xD372, 0xD372, 0xD372,
    0xD372, 0xD372, 0xD372, 0xD372, 0xD372, 0xD372, 0xD372, 0xD372, 0xD372, 0xD372, 0xD372, 0xD372, 0xD372, 0xD372, 0xD372, 0xD372,
    0xD372, 0xD372, 0xD372, 0xD372, 0xD372, 0xD372, 0xD372, 0xD372, 0xD372, 0xD372, 0xD372, 0xD372, 0xD372, 0xD372, 0xD372, 0xD372,
    0xD372, 0xD372, 0xD372, 0xD372, 0x8A56, 0x8A56, 0xD372, 0xD372, 0x8A56, 0x8A56, 0xD372, 0xD372, 0x8A56, 0x8A56, 0x8A56, 0x8A56,
    0x8A56, 0x8A56, 0x8A56, 0x8A56, 0x8A56, 0x8A56, 0x8A56, 0x8A56, 0x8A56, 0x8A56, 0x8A56, 0x8A56, 0x8A56, 0x8A56, 0x8A56, 0xD372,
    0xD372, 0xD372, 0xD372, 0xD372, 0x8A56, 0x8A56, 0xD372, 0xD372, 0x8A56, 0x8A56, 0xD372, 0xD372, 0xD372, 0xD372, 0xD372, 0xD372,
    0x8A56, 0x8A56, 0x8A56, 0x8A56, 0x8A56, 0x8A56, 0x8A56, 0x8A56, 0x8A56, 0x8A56, 0x8A56, 0x8A56, 0x8A56, 0x8A56, 0x8A56, 0x8A56,
    0x8A56, 0x8A56, 0x8A56, 0x8A56, 0x8A56, 0x8A56, 0x8A56, 0x8A56, 0x8A56, 0x8A56, 0xD372, 0xD372, 0xD372, 0xD372, 0xD372, 0xD372,
    0xD372, 0xD372, 0xD372, 0xD372, 0xD372, 0xD372, 0xD372, 0xD372, 0xD372, 0xD372, 0xD372, 0xD372, 0xD372, 0xD372, 0xD372, 0xD372,
    0xD372, 0xD372, 0xD372, 0xD372, 0xD372, 0xD372, 0xD372, 0xD372, 0xD372, 0xD372, 0xD372, 0xD372, 0xD372, 0xD372, 0xD372, 0xD372,
    0xD372, 0xD372, 0xD372, 0xD372, 0xD372, 0xD372, 0xD372, 0xD372, 0xD372, 0xD372, 0xD372, 0xD372, 0xD372, 0xD372, 0xD372, 0xD372,
    0xD372, 0xD372, 0xD372, 0xD372, 0xD372, 0xD372, 0xD372, 0xD372, 0xD372, 0xD372, 0xD372, 0xD372, 0xD372, 0xD372, 0xD372, 0xD372,
    0xD372, 0xD372, 0xD372, 0xD372, 0xD372, 0xD372, 0xD372, 0xD372, 0xD372, 0xD372, 0xD372, 0xD372, 0xD372, 0xD372, 0xD372, 0xD372,
    0xD372, 0xD372, 0xD372, 0xD372, 0xD372, 0xD372, 0xD372, 0xD372, 0xD372, 0xD372, 0xD372, 0xD372, 0xD372, 0xD372, 0xD372, 0xD372,
    0xD372, 0xD372, 0xD372, 0xD372, 0xD372, 0xD372, 0xD372, 0xD372, 0xD372, 0xD372, 0xD372, 0xD372, 0xD372, 0xD372, 0xD372, 0xD372,
    0xD372, 0xD372, 0xD372, 0xD372, 0xD372, 0xD372, 0xD372, 0xD372, 0xD372, 0xD372, 0xD372, 0xD372, 0xD372, 0xD372, 0xD372, 0xD372,
    0xD372, 0xD372, 0xD372, 0xD372, 0xD372, 0xD372, 0xD372, 0xD372, 0xD372, 0xD372, 0xD372, 0xD372, 0xD372, 0xD372, 0xD372, 0xD372,
    0xD372, 0xD372, 0xD372, 0xD372, 0xD372, 0xD372, 0xD372, 0xD372, 0xD372, 0xD372, 0xD372, 0xD372, 0xD372, 0xD372, 0xD372, 0xD372,
    0xD372, 0xD372, 0xD372, 0xD372, 0xD372, 0xD372, 0x8A56, 0x8A56, 0x8A56, 0x8A56, 0x8A56, 0x8A56, 0x8A56, 0x8A56, 0x8A56, 0x8A56,
    0x8A56, 0x8A56, 0x8A56, 0x8A56, 0x8A56, 0x8A56, 0x8A56, 0x8A56, 0x8A56, 0x8A56, 0x8A56, 0x8A56, 0x8A56, 0x8A56, 0x8A56, 0x8A56,
    0x8A56, 0xD372, 0xD372, 0xD372, 0xD372, 0xD372, 0x8A56, 0x8A56, 0xD372, 0xD372, 0xD372, 0xD372, 0xD372, 0xD372, 0x8A56, 0x8A56,
    0x8A56, 0x8A56, 0x8A56, 0x8A56, 0x8A56, 0x8A56, 0x8A56, 0x8A56, 0x8A56, 0x8A56, 0x8A56, 0x8A56, 0x8A56, 0x8A56, 0x8A56, 0x8A56,
    0x8A56, 0x8A56, 0x8A56, 0x8A56, 0x8A56, 0x8A56, 0x8A56, 0x8A56, 0xD372, 0xD372, 0xD372, 0xD372, 0xD372, 0xD372, 0xD372, 0xD372,
    0xD372, 0xD372, 0xD372, 0xD372, 0xD372, 0xD372, 0xD372, 0xD372, 0xD372, 0xD372, 0xD372, 0xD372, 0xD372, 0xD372, 0xD372, 0xD372,
    0xD372, 0xD372, 0xD372, 0xD372, 0xD372, 0xD372, 0xD372, 0xD372, 0xD372, 0xD372, 0xD372, 0xD372, 0xD372, 0xD372, 0xD372, 0xD372,
    0xD372, 0xD372, 0xD372, 0xD372, 0xD372, 0xD372, 0xD372, 0xD372, 0xD372, 0xD372, 0xD372, 0xD372, 0xD372, 0xD372, 0xD372, 0xD372,
    0xD372, 0xD372, 0xD372, 0xD372, 0xD372, 0xD372, 0xD372, 0xD372, 0xD372, 0xD372, 0xD372, 0xD372, 0xD372, 0xD372, 0xD372, 0xD372,
    0xD372, 0xD372, 0xD372, 0xD372, 0xD372, 0xD372, 0xD372, 0xD372, 0xD372, 0xD372, 0xD372, 0xD372, 0xD372, 0xD372, 0xD372, 0xD372,
    0xD372, 0xD372, 0xD372, 0xD372, 0xD372, 0xD372, 0xD372, 0xD372, 0xD372, 0xD372, 0xD372, 0xD372, 0xD372, 0xD372, 0xD372, 0xD372,
    0xD372, 0xD372, 0xD372, 0xD372, 0xD372, 0xD372, 0xD372, 0xD372, 0xD372, 0xD372, 0xD372, 0xD372, 0xD372, 0xD372, 0xD372, 0xD372,
    0xD372, 0xD372, 0xD372, 0xD372, 0xD372, 0xD372, 0xD372, 0xD372, 0xD372, 0xD372, 0xD372, 0xD372, 0xD372, 0xD372, 0xD372, 0xD372,
    0xD372, 0xD372, 0xD372, 0xD372, 0xD372, 0xD372, 0xD372, 0xD372, 0xD372, 0xD372, 0xD372, 0xD372, 0xD372, 0xD372, 0xD372, 0xD372,
    0xD372, 0xD372, 0xD372, 0xD372, 0xD372, 0xD372, 0xD372, 0xD372, 0xD372, 0xD372, 0xD372, 0xD372, 0xD372, 0xD372, 0xD372, 0xD372,
    0xD372, 0xD372, 0xD372, 0xD372, 0xD372, 0xD372, 0x8A56, 0x8A56, 0x8A56, 0x8A56, 0x8A56, 0x8A56, 0x8A56, 0x8A56, 0x8A56, 0x8A56,
    0x8A56, 0x8A56, 0x8A56, 0x8A56, 0x8A56, 0x8A56, 0x8A56, 0x8A56, 0x8A56, 0x8A56, 0x8A56, 0x8A56, 0x8A56, 0x8A56, 0x8A56, 0x8A56,
    0x8A56, 0xD372, 0xD372, 0xD372, 0xD372, 0xD372, 0x8A56, 0x8A56, 0xD372, 0xD372, 0xD372, 0xD372, 0xD372, 0xD372, 0x8A56, 0x8A56,
    0x8A56, 0x8A56, 0x8A56, 0x8A56, 0x8A56, 0x8A56, 0x8A56, 0x8A56, 0x8A56, 0x8A56, 0x8A56, 0x8A56, 0x8A56, 0x8A56, 0x8A56, 0x8A56,
    0x8A56, 0x8A56, 0x8A56, 0x8A56, 0x8A56, 0x8A56, 0x8A56, 0x8A56, 0xD372, 0xD372, 0xD372, 0xD372, 0xD372, 0xD372, 0xD372, 0xD372,
    0xD372, 0xD372, 0xD372, 0xD372, 0xD372, 0xD372, 0xD372, 0xD372, 0xD372, 0xD372, 0xD372, 0xD372, 0xD372, 0xD372, 0xD372, 0xD372,
    0xD372, 0xD372, 0xD372, 0xD372, 0xD372, 0xD372, 0xD372, 0xD372, 0xD372, 0xD372, 0xD372, 0xD372, 0xD372, 0xD372, 0xD372, 0xD372,
    0xD372, 0xD372, 0xD372, 0xD372, 0xD372, 0xD372, 0xD372, 0xD372, 0xD372, 0xD372, 0xD372, 0xD372, 0xD372, 0xD372, 0xD372, 0xD372,
    0xD372, 0xD372, 0xD372, 0xD372, 0xD372, 0xD372, 0xD372, 0xD372, 0xD372, 0xD372, 0xD372, 0xD372, 0xD372, 0xD372, 0xD372, 0xD372,
    0xD372, 0xD372, 0xD372, 0xD372, 0xD372, 0xD372, 0xD372, 0xD372, 0xD372, 0xD372, 0xD372, 0xD372, 0xD372, 0xD372, 0xD372, 0xD372,
    0xD372, 0xD372, 0xD372, 0xD372, 0xD372, 0xD372, 0xD372, 0xD372, 0xD372, 0xD372, 0xD372, 0xD372, 0xD372, 0xD372, 0xD372, 0xD372,
    0xD372, 0xD372, 0xD372, 0xD372, 0xD372, 0xD372, 0xD372, 0xD372, 0xD372, 0xD372, 0xD372, 0xD372, 0xD372, 0xD372, 0xD372, 0xD372,
    0xD372, 0xD372, 0xD372, 0xD372, 0xD372, 0xD372, 0xD372, 0xD372, 0xD372, 0xD372, 0xD372, 0xD372, 0xD372, 0xD372, 0xD372, 0xD372,
    0xD372, 0xD372, 0xD372, 0xD372, 0xD372, 0xD372, 0xD372, 0xD372, 0xD372, 0xD372, 0xD372, 0xD372, 0xD372, 0xD372, 0xD372, 0xD372,
    0xD372, 0xD372, 0xD372, 0xD372, 0xD372, 0xD372, 0xD372, 0xD372, 0xD372, 0xD372, 0xD372, 0xD372, 0xD372, 0xD372, 0xD372, 0xD372,
    0xD372, 0xD372, 0xD372, 0xD372, 0xD372, 0xD372, 0xD372, 0xD372, 0x8A56, 0x8A56, 0x8A56, 0x8A56, 0x8A56, 0x8A56, 0x8A56, 0x8A56,
    0x8A56, 0x8A56, 0x8A56, 0x8A56, 0x8A56, 0x8A56, 0x8A56, 0x8A56, 0x8A56, 0x8A56, 0x8A56, 0x8A56, 0x8A56, 0x8A56, 0x8A56, 0x8A56,
    0x8A56, 0x8A56, 0xD372, 0xD372, 0xD372, 0xD372, 0xD372, 0xD372, 0x8A56, 0x8A56, 0xD372, 0xD372, 0x8A56, 0x8A56, 0x8A56, 0x8A56,
    0x8A56, 0x8A56, 0x8A56, 0x8A56, 0x8A56, 0x8A56, 0x8A56, 0x8A56, 0x8A56, 0x8A56, 0x8A56, 0x8A56, 0x8A56, 0x8A56, 0x8A56, 0x8A56,
    0x8A56, 0x8A56, 0x8A56, 0x8A56, 0x8A56, 0x8A56, 0xD372, 0xD372, 0xD372, 0xD372, 0xD372, 0xD372, 0xD372, 0xD372, 0xD372, 0xD372,
    0xD372, 0xD372, 0xD372, 0xD372, 0xD372, 0xD372, 0xD372, 0xD372, 0xD372, 0xD372, 0xD372, 0xD372, 0xD372, 0xD372, 0xD372, 0xD372,
    0xD372, 0xD372, 0xD372, 0xD372, 0xD372, 0xD372, 0xD372, 0xD372, 0xD372, 0xD372, 0xD372, 0xD372, 0xD372, 0xD372, 0xD372, 0xD372,
    0xD372, 0xD372, 0xD372, 0xD372, 0xD372, 0xD372, 0xD372, 0xD372, 0xD372, 0xD372, 0xD372, 0xD372, 0xD372, 0xD372, 0xD372, 0xD372,
    0xD372, 0xD372, 0xD372, 0xD372, 0xD372, 0xD372, 0xD372, 0xD372, 0xD372, 0xD372, 0xD372, 0xD372, 0xD372, 0xD372, 0xD372, 0xD372,
    0xD372, 0xD372, 0xD372, 0xD372, 0xD372, 0xD372, 0xD372, 0xD372, 0xD372, 0xD372, 0xD372, 0xD372, 0xD372, 0xD372, 0xD372, 0xD372,
    0xD372, 0xD372, 0xD372, 0xD372, 0xD372, 0xD372, 0xD372, 0xD372, 0xD372, 0xD372, 0xD372, 0xD372, 0xD372, 0xD372, 0xD372, 0xD372,
    0xD372, 0xD372, 0xD372, 0xD372, 0xD372, 0xD372, 0xD372, 0xD372, 0xD372, 0xD372, 0xD372, 0xD372, 0xD372, 0xD372, 0xD372, 0xD372,
    0xD372, 0xD372, 0xD372, 0xD372, 0xD372, 0xD372, 0xD372, 0xD372, 0xD372, 0xD372, 0xD372, 0xD372, 0xD372, 0xD372, 0xD372, 0xD372,
    0xD372, 0xD372, 0xD372, 0xD372, 0xD372, 0xD372, 0xD372, 0xD372, 0xD372, 0xD372, 0xD372, 0xD372, 0xD372, 0xD372, 0xD372, 0xD372,
    0xD372, 0xD372, 0xD372, 0xD372, 0xD372, 0xD372, 0xD372, 0xD372, 0xD372, 0xD372, 0xD372, 0xD372, 0xD372, 0xD372, 0xD372, 0xD372,
    0xD372, 0xD372, 0xD372, 0xD372, 0xD372, 0xD372, 0xD372, 0xD372, 0x8A56, 0x8A56, 0x8A56, 0x8A56, 0x8A56, 0x8A56, 0x8A56, 0x8A56,
    0x8A56, 0x8A56, 0x8A56, 0x8A56, 0x8A56, 0x8A56, 0x8A56, 0x8A56, 0x8A56, 0x8A56, 0x8A56, 0x8A56, 0x8A56, 0x8A56, 0x8A56, 0x8A56,
    0x8A56, 0x8A56, 0xD372, 0xD372, 0xD372, 0xD372, 0xD372, 0xD372, 0x8A56, 0x8A56, 0xD372, 0xD372, 0x8A56, 0x8A56, 0x8A56, 0x8A56,
    0x8A56, 0x8A56, 0x8A56, 0x8A56, 0x8A56, 0x8A56, 0x8A56, 0x8A56, 0x8A56, 0x8A56, 0x8A56, 0x8A56, 0x8A56, 0x8A56, 0x8A56, 0x8A56,
    0x8A56, 0x8A56, 0x8A56, 0x8A56, 0x8A56, 0x8A56, 0xD372, 0xD372, 0xD372, 0xD372, 0xD372, 0xD372, 0xD372, 0xD372, 0xD372, 0xD372,
    0xD372, 0xD372, 0xD372, 0xD372, 0xD372, 0xD372, 0xD372, 0xD372, 0xD372, 0xD372, 0xD372, 0xD372, 0xD372, 0xD372, 0xD372, 0xD372,
    0xD372, 0xD372, 0xD372, 0xD372, 0xD372, 0xD372, 0xD372, 0xD372, 0xD372, 0xD372, 0xD372, 0xD372, 0xD372, 0xD372, 0xD372, 0xD372,
    0xD372, 0xD372, 0xD372, 0xD372, 0xD372, 0xD372, 0xD372, 0xD372, 0xD372, 0xD372, 0xD372, 0xD372, 0xD372, 0xD372, 0xD372, 0xD372,
    0xD372, 0xD372, 0xD372, 0xD372, 0xD372, 0xD372, 0xD372, 0xD372, 0xD372, 0xD372, 0xD372, 0xD372, 0xD372, 0xD372, 0xD372, 0xD372,
    0xD372, 0xD372, 0xD372, 0xD372, 0xD372, 0xD372, 0xD372, 0xD372, 0xD372, 0xD372, 0xD372, 0xD372, 0xD372, 0xD372, 0xD372, 0xD372,
    0xD372, 0xD372, 0xD372, 0xD372, 0xD372, 0xD372, 0xD372, 0xD372, 0xD372, 0xD372, 0xD372, 0xD372, 0xD372, 0xD372, 0xD372, 0xD372,
    0xD372, 0xD372, 0xD372, 0xD372, 0xD372, 0xD372, 0xD372, 0xD372, 0xD372, 0xD372, 0xD372, 0xD372, 0xD372, 0xD372, 0xD372, 0xD372,
    0xD372, 0xD372, 0xD372, 0xD372, 0xD372, 0xD372, 0xD372, 0xD372, 0xD372, 0xD372, 0xD372, 0xD372, 0xD372, 0xD372, 0xD372, 0xD372,
    0xD372, 0xD372, 0xD372, 0xD372, 0xD372, 0xD372, 0xD372, 0xD372, 0xD372, 0xD372, 0xD372, 0xD372, 0xD372, 0xD372, 0xD372, 0xD372,
    0xD372, 0xD372, 0xD372, 0xD372, 0xD372, 0xD372, 0xD372, 0xD372, 0xD372, 0xD372, 0xD372, 0xD372, 0xD372, 0xD372, 0xD372, 0xD372,
    0xD372, 0xD372, 0xD372, 0xD372, 0xD372, 0xD372, 0xD372, 0xD372, 0xD372, 0xD372, 0x8A56, 0x8A56, 0x8A56, 0x8A56, 0x8A56, 0x8A56,
    0x8A56, 0x8A56, 0x8A56, 0x8A56, 0x8A56, 0x8A56, 0x8A56, 0x8A56, 0x8A56, 0x8A56, 0x8A56, 0x8A56, 0x8A56, 0x8A56, 0x8A56, 0x8A56,
    0x8A56, 0x8A56, 0x8A56, 0x8A56, 0xD372, 0xD372, 0xD372, 0xD372, 0xD372, 0xD372, 0x8A56, 0x8A56, 0x8A56, 0x8A56, 0x8A56, 0x8A56,
    0x8A56, 0x8A56, 0x8A56, 0x8A56, 0x8A56, 0x8A56, 0x8A56, 0x8A56, 0x8A56, 0x8A56, 0x8A56, 0x8A56, 0x8A56, 0x8A56, 0x8A56, 0x8A56,
    0x8A56, 0x8A56, 0x8A56, 0x8A56, 0xD372, 0xD372, 0xD372, 0xD372, 0xD372, 0xD372, 0xD372, 0xD372, 0xD372, 0xD372, 0xD372, 0xD372,
    0xD372, 0xD372, 0xD372, 0xD372, 0xD372, 0xD372, 0xD372, 0xD372, 0xD372, 0xD372, 0xD372, 0xD372, 0xD372, 0xD372, 0xD372, 0xD372,
    0xD372, 0xD372, 0xD372, 0xD372, 0xD372, 0xD372, 0xD372, 0xD372, 0xD372, 0xD372, 0xD372, 0xD372, 0xD372, 0xD372, 0xD372, 0xD372,
    0xD372, 0xD372, 0xD372, 0xD372, 0xD372, 0xD372, 0xD372, 0xD372, 0xD372, 0xD372, 0xD372, 0xD372, 0xD372, 0xD372, 0xD372, 0xD372,
    0xD372, 0xD372, 0xD372, 0xD372, 0xD372, 0xD372, 0xD372, 0xD372, 0xD372, 0xD372, 0xD372, 0xD372, 0xD372, 0xD372, 0xD372, 0xD372,
    0xD372, 0xD372, 0xD372, 0xD372, 0xD372, 0xD372, 0xD372, 0xD372, 0xD372, 0xD372, 0xD372, 0xD372, 0xD372, 0xD372, 0xD372, 0xD372,
    0xD372, 0xD372, 0xD372, 0xD372, 0xD372, 0xD372, 0xD372, 0xD372, 0xD372, 0xD372, 0xD372, 0xD372, 0xD372, 0xD372, 0xD372, 0xD372,
    0xD372, 0xD372, 0xD372, 0xD372, 0xD372, 0xD372, 0xD372, 0xD372, 0xD372, 0xD372, 0xD372, 0xD372, 0xD372, 0xD372, 0xD372, 0xD372,
    0xD372, 0xD372, 0xD372, 0xD372, 0xD372, 0xD372, 0xD372, 0xD372, 0xD372, 0xD372, 0xD372, 0xD372, 0xD372, 0xD372, 0xD372, 0xD372,
    0xD372, 0xD372, 0xD372, 0xD372, 0xD372, 0xD372, 0xD372, 0xD372, 0xD372, 0xD372, 0xD372, 0xD372, 0xD372, 0xD372, 0xD372, 0xD372,
    0xD372, 0xD372, 0xD372, 0xD372, 0xD372, 0xD372, 0xD372, 0xD372, 0xD372, 0xD372, 0xD372, 0xD372, 0xD372, 0xD372, 0xD372, 0xD372,
    0xD372, 0xD372, 0xD372, 0xD372, 0xD372, 0xD372, 0xD372, 0xD372, 0xD372, 0xD372, 0x8A56, 0x8A56, 0x8A56, 0x8A56, 0x8A56, 0x8A56,
    0x8A56, 0x8A56, 0x8A56, 0x8A56, 0x8A56, 0x8A56, 0x8A56, 0x8A56, 0x8A56, 0x8A56, 0x8A56, 0x8A56, 0x8A56, 0x8A56, 0x8A56, 0x8A56,
    0x8A56, 0x8A56, 0x8A56, 0x8A56, 0xD372, 0xD372, 0xD372, 0xD372, 0xD372, 0xD372, 0x8A56, 0x8A56, 0x8A56, 0x8A56, 0x8A56, 0x8A56,
    0x8A56, 0x8A56, 0x8A56, 0x8A56, 0x8A56, 0x8A56, 0x8A56, 0x8A56, 0x8A56, 0x8A56, 0x8A56, 0x8A56, 0x8A56, 0x8A56, 0x8A56, 0x8A56,
    0x8A56, 0x8A56, 0x8A56, 0x8A56, 0xD372, 0xD372, 0xD372, 0xD372, 0xD372, 0xD372, 0xD372, 0xD372, 0xD372, 0xD372, 0xD372, 0xD372,
    0xD372, 0xD372, 0xD372, 0xD372, 0xD372, 0xD372, 0xD372, 0xD372, 0xD372, 0xD372, 0xD372, 0xD372, 0xD372, 0xD372, 0xD372, 0xD372,
    0xD372, 0xD372, 0xD372, 0xD372, 0xD372, 0xD372, 0xD372, 0xD372, 0xD372, 0xD372, 0xD372, 0xD372, 0xD372, 0xD372, 0xD372, 0xD372,
    0xD372, 0xD372, 0xD372, 0xD372, 0xD372, 0xD372, 0xD372, 0xD372, 0xD372, 0xD372, 0xD372, 0xD372, 0xD372, 0xD372, 0xD372, 0xD372,
    0xD372, 0xD372, 0xD372, 0xD372, 0xD372, 0xD372, 0xD372, 0xD372, 0xD372, 0xD372, 0xD372, 0xD372, 0xD372, 0xD372, 0xD372, 0xD372,
    0xD372, 0xD372, 0xD372, 0xD372, 0xD372, 0xD372, 0xD372, 0xD372, 0xD372, 0xD372, 0xD372, 0xD372, 0xD372, 0xD372, 0xD372, 0xD372,
    0xD372, 0xD372, 0xD372, 0xD372, 0xD372, 0xD372, 0xD372, 0xD372, 0xD372, 0xD372, 0xD372, 0xD372, 0xD372, 0xD372, 0xD372, 0xD372,
    0xD372, 0xD372, 0xD372, 0xD372, 0xD372, 0xD372, 0xD372, 0xD372, 0xD372, 0xD372, 0xD372, 0xD372, 0xD372, 0xD372, 0xD372, 0xD372,
    0xD372, 0xD372, 0xD372, 0xD372, 0xD372, 0xD372, 0xD372, 0xD372, 0xD372, 0xD372, 0xD372, 0xD372, 0xD372, 0xD372, 0xD372, 0xD372,
    0xD372, 0xD372, 0xD372, 0xD372, 0xD372, 0xD372, 0xD372, 0xD372, 0xD372, 0xD372, 0xD372, 0xD372, 0xD372, 0xD372, 0xD372, 0xD372,
    0xD372, 0xD372, 0xD372, 0xD372, 0xD372, 0xD372, 0xD372, 0xD372, 0xD372, 0xD372, 0xD372, 0xD372, 0xD372, 0xD372, 0xD372, 0xD372,
    0xD372, 0xD372, 0xD372, 0xD372, 0xD372, 0xD372, 0xD372, 0xD372, 0xD372, 0xD372, 0xD372, 0xD372, 0x8A56, 0x8A56, 0x8A56, 0x8A56,
    0x8A56, 0x8A56, 0x8A56, 0x8A56, 0x8A56, 0x8A56, 0x8A56, 0x8A56, 0x8A56, 0x8A56, 0x8A56, 0x8A56, 0x8A56, 0x8A56, 0x8A56, 0x8A56,
    0x8A56, 0x8A56, 0x8A56, 0x8A56, 0x8A56, 0x8A56, 0xD372, 0xD372, 0x8A56, 0x8A56, 0x8A56, 0x8A56, 0x8A56, 0x8A56, 0x8A56, 0x8A56,
    0x8A56, 0x8A56, 0x8A56, 0x8A56, 0x8A56, 0x8A56, 0x8A56, 0x8A56, 0x8A56, 0x8A56, 0x8A56, 0x8A56, 0x8A56, 0x8A56, 0x8A56, 0x8A56,
    0x8A56, 0x8A56, 0xD372, 0xD372, 0xD372, 0xD372, 0xD372, 0xD372, 0xD372, 0xD372, 0xD372, 0xD372, 0xD372, 0xD372, 0xD372, 0xD372,
    0xD372, 0xD372, 0xD372, 0xD372, 0xD372, 0xD372, 0xD372, 0xD372, 0xD372, 0xD372, 0xD372, 0xD372, 0xD372, 0xD372, 0xD372, 0xD372,
    0xD372, 0xD372, 0xD372, 0xD372, 0xD372, 0xD372, 0xD372, 0xD372, 0xD372, 0xD372, 0xD372, 0xD372, 0xD372, 0xD372, 0xD372, 0xD372,
    0xD372, 0xD372, 0xD372, 0xD372, 0xD372, 0xD372, 0xD372, 0xD372, 0xD372, 0xD372, 0xD372, 0xD372, 0xD372, 0xD372, 0xD372, 0xD372,
    0xD372, 0xD372, 0xD372, 0xD372, 0xD372, 0xD372, 0xD372, 0xD372, 0xD372, 0xD372, 0xD372, 0xD372, 0xD372, 0xD372, 0xD372, 0xD372,
    0xD372, 0xD372, 0xD372, 0xD372, 0xD372, 0xD372, 0xD372, 0xD372, 0xD372, 0xD372, 0xD372, 0xD372, 0xD372, 0xD372, 0xD372, 0xD372,
    0xD372, 0xD372, 0xD372, 0xD372, 0xD372, 0xD372, 0xD372, 0xD372, 0xD372, 0xD372, 0xD372, 0xD372, 0xD372, 0xD372, 0xD372, 0xD372,
    0xD372, 0xD372, 0xD372, 0xD372, 0xD372, 0xD372, 0xD372, 0xD372, 0xD372, 0xD372, 0xD372, 0xD372, 0xD372, 0xD372, 0xD372, 0xD372,
    0xD372, 0xD372, 0xD372, 0xD372, 0xD372, 0xD372, 0xD372, 0xD372, 0xD372, 0xD372, 0xD372, 0xD372, 0xD372, 0xD372, 0xD372, 0xD372,
    0xD372, 0xD372, 0xD372, 0xD372, 0xD372, 0xD372, 0xD372, 0xD372, 0xD372, 0xD372, 0xD372, 0xD372, 0xD372, 0xD372, 0xD372, 0xD372,
    0xD372, 0xD372, 0xD372, 0xD372, 0xD372, 0xD372, 0xD372, 0xD372, 0xD372, 0xD372, 0xD372, 0xD372, 0xD372, 0xD372, 0xD372, 0xD372,
    0xD372, 0xD372, 0xD372, 0xD372, 0xD372, 0xD372, 0xD372, 0xD372, 0xD372, 0xD372, 0xD372, 0xD372, 0x8A56, 0x8A56, 0x8A56, 0x8A56,
    0x8A56, 0x8A56, 0x8A56, 0x8A56, 0x8A56, 0x8A56, 0x8A56, 0x8A56, 0x8A56, 0x8A56, 0x8A56, 0x8A56, 0x8A56, 0x8A56, 0x8A56, 0x8A56,
    0x8A56, 0x8A56, 0x8A56, 0x8A56, 0x8A56, 0x8A56, 0xD372, 0xD372, 0x8A56, 0x8A56, 0x8A56, 0x8A56, 0x8A56, 0x8A56, 0x8A56, 0x8A56,
    0x8A56, 0x8A56, 0x8A56, 0x8A56, 0x8A56, 0x8A56, 0x8A56, 0x8A56, 0x8A56, 0x8A56, 0x8A56, 0x8A56, 0x8A56, 0x8A56, 0x8A56, 0x8A56,
    0x8A56, 0x8A56, 0xD372, 0xD372, 0xD372, 0xD372, 0xD372, 0xD372, 0xD372, 0xD372, 0xD372, 0xD372, 0xD372, 0xD372, 0xD372, 0xD372,
    0xD372, 0xD372, 0xD372, 0xD372, 0xD372, 0xD372, 0xD372, 0xD372, 0xD372, 0xD372, 0xD372, 0xD372, 0xD372, 0xD372, 0xD372, 0xD372,
    0xD372, 0xD372, 0xD372, 0xD372, 0xD372, 0xD372, 0xD372, 0xD372, 0xD372, 0xD372, 0xD372, 0xD372, 0xD372, 0xD372, 0xD372, 0xD372,
    0xD372, 0xD372, 0xD372, 0xD372, 0xD372, 0xD372, 0xD372, 0xD372, 0xD372, 0xD372, 0xD372, 0xD372, 0xD372, 0xD372, 0xD372, 0xD372,
    0xD372, 0xD372, 0xD372, 0xD372, 0xD372, 0xD372, 0xD372, 0xD372, 0xD372, 0xD372, 0xD372, 0xD372, 0xD372, 0xD372, 0xD372, 0xD372,
    0xD372, 0xD372, 0xD372, 0xD372, 0xD372, 0xD372, 0xD372, 0xD372, 0xD372, 0xD372, 0xD372, 0xD372, 0xD372, 0xD372, 0xD372, 0xD372,
    0xD372, 0xD372, 0xD372, 0xD372, 0xD372, 0xD372, 0xD372, 0xD372, 0xD372, 0xD372, 0xD372, 0xD372, 0xD372, 0xD372, 0xD372, 0xD372,
    0xD372, 0xD372, 0xD372, 0xD372, 0xD372, 0xD372, 0xD372, 0xD372, 0xD372, 0xD372, 0xD372, 0xD372, 0xD372, 0xD372, 0xD372, 0xD372,
    0xD372, 0xD372, 0xD372, 0xD372, 0xD372, 0xD372, 0xD372, 0xD372, 0xD372, 0xD372, 0xD372, 0xD372, 0xD372, 0xD372, 0xD372, 0xD372,
    0xD372, 0xD372, 0xD372, 0xD372, 0xD372, 0xD372, 0xD372, 0xD372, 0xD372, 0xD372, 0xD372, 0xD372, 0xD372, 0xD372, 0xD372, 0xD372,
    0xD372, 0xD372, 0xD372, 0xD372, 0xD372, 0xD372, 0xD372, 0xD372, 0xD372, 0xD372, 0xD372, 0xD372, 0xD372, 0xD372, 0xD372, 0xD372,
    0xD372, 0xD372, 0xD372, 0xD372, 0xD372, 0xD372, 0xD372, 0xD372, 0xD372, 0xD372, 0xD372, 0xD372, 0xD372, 0xD372, 0x8A56, 0x8A56,
    0x8A56, 0x8A56, 0x8A56, 0x8A56, 0x8A56, 0x8A56, 0x8A56, 0x8A56, 0x8A56, 0x8A56, 0x8A56, 0x8A56, 0x8A56, 0x8A56, 0x8A56, 0x8A56,
    0x8A56, 0x8A56, 0x8A56, 0x8A56, 0x8A56, 0x8A56, 0x8A56, 0x8A56, 0x8A56, 0x8A56, 0x8A56, 0x8A56, 0x8A56, 0x8A56, 0x8A56, 0x8A56,
    0x8A56, 0x8A56, 0x8A56, 0x8A56, 0x8A56, 0x8A56, 0x8A56, 0x8A56, 0x8A56, 0x8A56, 0x8A56, 0x8A56, 0x8A56, 0x8A56, 0x8A56, 0x8A56,
    0xD372, 0xD372, 0xD372, 0xD372, 0xD372, 0xD372, 0xD372, 0xD372, 0xD372, 0xD372, 0xD372, 0xD372, 0xD372, 0xD372, 0xD372, 0xD372,
    0xD372, 0xD372, 0xD372, 0xD372, 0xD372, 0xD372, 0xD372, 0xD372, 0xD372, 0xD372, 0xD372, 0xD372, 0xD372, 0xD372, 0xD372, 0xD372,
    0xD372, 0xD372, 0xD372, 0xD372, 0xD372, 0xD372, 0xD372, 0xD372, 0xD372, 0xD372, 0xD372, 0xD372, 0xD372, 0xD372, 0xD372, 0xD372,
    0xD372, 0xD372, 0xD372, 0xD372, 0xD372, 0xD372, 0xD372, 0xD372, 0xD372, 0xD372, 0xD372, 0xD372, 0xD372, 0xD372, 0xD372, 0xD372,
    0xD372, 0xD372, 0xD372, 0xD372, 0xD372, 0xD372, 0xD372, 0xD372, 0xD372, 0xD372, 0xD372, 0xD372, 0xD372, 0xD372, 0xD372, 0xD372,
    0xD372, 0xD372, 0xD372, 0xD372, 0xD372, 0xD372, 0xD372, 0xD372, 0xD372, 0xD372, 0xD372, 0xD372, 0xD372, 0xD372, 0xD372, 0xD372,
    0xD372, 0xD372, 0xD372, 0xD372, 0xD372, 0xD372, 0xD372, 0xD372, 0xD372, 0xD372, 0xD372, 0xD372, 0xD372, 0xD372, 0xD372, 0xD372,
    0xD372, 0xD372, 0xD372, 0xD372, 0xD372, 0xD372, 0xD372, 0xD372, 0xD372, 0xD372, 0xD372, 0xD372, 0xD372, 0xD372, 0xD372, 0xD372,
    0xD372, 0xD372, 0xD372, 0xD372, 0xD372, 0xD372, 0xD372, 0xD372, 0xD372, 0xD372, 0xD372, 0xD372, 0xD372, 0xD372, 0xD372, 0xD372,
    0xD372, 0xD372, 0xD372, 0xD372, 0xD372, 0xD372, 0xD372, 0xD372, 0xD372, 0xD372, 0xD372, 0xD372, 0xD372, 0xD372, 0xD372, 0xD372,
    0xD372, 0xD372, 0xD372, 0xD372, 0xD372, 0xD372, 0xD372, 0xD372, 0xD372, 0xD372, 0xD372, 0xD372, 0xD372, 0xD372, 0xD372, 0xD372,
    0xD372, 0xD372, 0xD372, 0xD372, 0xD372, 0xD372, 0xD372, 0xD372, 0xD372, 0xD372, 0xD372, 0xD372, 0xD372, 0xD372, 0xD372, 0xD372,
    0x8A56, 0x8A56, 0x8A56, 0x8A56, 0x8A56, 0x8A56, 0x8A56, 0x8A56, 0x8A56, 0x8A56, 0x8A56, 0x8A56, 0x8A56, 0x8A56, 0x8A56, 0x8A56,
    0x8A56, 0x8A56, 0x8A56, 0x8A56, 0x8A56, 0x8A56, 0x8A56, 0x8A56, 0x8A56, 0x8A56, 0x8A56, 0x8A56, 0x8A56, 0x8A56, 0x8A56, 0x8A56,
    0x8A56, 0x8A56, 0x8A56, 0x8A56, 0x8A56, 0x8A56, 0x8A56, 0x8A56, 0x8A56, 0x8A56, 0x8A56, 0x8A56, 0x8A56, 0x8A56, 0x8A56, 0xD372,
    0xD372, 0xD372, 0xD372, 0xD372, 0xD372, 0xD372, 0xD372, 0xD372, 0xD372, 0xD372, 0xD372, 0xD372, 0xD372, 0xD372, 0xD372, 0xD372,
    0xD372, 0xD372, 0xD372, 0xD372, 0xD372, 0xD372, 0xD372, 0xD372, 0xD372, 0xD372, 0xD372, 0xD372, 0xD372, 0xD372, 0xD372, 0xD372,
    0xD372, 0xD372, 0xD372, 0xD372, 0xD372, 0xD372, 0xD372, 0xD372, 0xD372, 0xD372, 0xD372, 0xD372, 0xD372, 0xD372, 0xD372, 0xD372,
    0xD372, 0xD372, 0xD372, 0xD372, 0xD372, 0xD372, 0xD372, 0xD372, 0xD372, 0xD372, 0xD372, 0xD372, 0xD372, 0xD372, 0xD372, 0xD372,
    0xD372, 0xD372, 0xD372, 0xD372, 0xD372, 0xD372, 0xD372, 0xD372, 0xD372, 0xD372, 0xD372, 0xD372, 0xD372, 0xD372, 0xD372, 0xD372,
    0xD372, 0xD372, 0xD372, 0xD372, 0xD372, 0xD372, 0xD372, 0xD372, 0xD372, 0xD372, 0xD372, 0xD372, 0xD372, 0xD372, 0xD372, 0xD372,
    0xD372, 0xD372, 0xD372, 0xD372, 0xD372, 0xD372, 0xD372, 0xD372, 0xD372, 0xD372, 0xD372, 0xD372, 0xD372, 0xD372, 0xD372, 0xD372,
    0xD372, 0xD372, 0xD372, 0xD372, 0xD372, 0xD372, 0xD372, 0xD372, 0xD372, 0xD372, 0xD372, 0xD372, 0xD372, 0xD372, 0xD372, 0xD372,
    0xD372, 0xD372, 0xD372, 0xD372, 0xD372, 0xD372, 0xD372, 0xD372, 0xD372, 0xD372, 0xD372, 0xD372, 0xD372, 0xD372, 0xD372, 0xD372,
    0xD372, 0xD372, 0xD372, 0xD372, 0xD372, 0xD372, 0xD372, 0xD372, 0xD372, 0xD372, 0xD372, 0xD372, 0xD372, 0xD372, 0xD372, 0xD372,
    0xD372, 0xD372, 0xD372, 0xD372, 0xD372, 0xD372, 0xD372, 0xD372, 0xD372, 0xD372, 0xD372, 0xD372, 0xD372, 0xD372, 0xD372, 0xD372,
    0xD372, 0xD372, 0xD372, 0xD372, 0xD372, 0xD372, 0xD372, 0xD372, 0xD372, 0xD372, 0xD372, 0xD372, 0xD372, 0xD372, 0xD372, 0xD372,
    0x8A56, 0x8A56, 0x8A56, 0x8A56, 0x8A56, 0x8A56, 0x8A56, 0x8A56, 0x8A56, 0x8A56, 0x8A56, 0x8A56, 0x8A56, 0x8A56, 0x8A56, 0x8A56,
    0x8A56, 0x8A56, 0x8A56, 0x8A56, 0x8A56, 0x8A56, 0x8A56, 0x8A56, 0x8A56, 0x8A56, 0x8A56, 0x8A56, 0x8A56, 0x8A56, 0x8A56, 0x8A56,
    0x8A56, 0x8A56, 0x8A56, 0x8A56, 0x8A56, 0x8A56, 0x8A56, 0x8A56, 0x8A56, 0x8A56, 0x8A56, 0x8A56, 0x8A56, 0x8A56, 0x8A56, 0xD372,
    0xD372, 0xD372, 0xD372, 0xD372, 0xD372, 0xD372, 0xD372, 0xD372, 0xD372, 0xD372, 0xD372, 0xD372, 0xD372, 0xD372, 0xD372, 0xD372,
    0xD372, 0xD372, 0xD372, 0xD372, 0xD372, 0xD372, 0xD372, 0xD372, 0xD372, 0xD372, 0xD372, 0xD372, 0xD372, 0xD372, 0xD372, 0xD372,
    0xD372, 0xD372, 0xD372, 0xD372, 0xD372, 0xD372, 0xD372, 0xD372, 0xD372, 0xD372, 0xD372, 0xD372, 0xD372, 0xD372, 0xD372, 0xD372,
    0xD372, 0xD372, 0xD372, 0xD372, 0xD372, 0xD372, 0xD372, 0xD372, 0xD372, 0xD372, 0xD372, 0xD372, 0xD372, 0xD372, 0xD372, 0xD372,
    0xD372, 0xD372, 0xD372, 0xD372, 0xD372, 0xD372, 0xD372, 0xD372, 0xD372, 0xD372, 0xD372, 0xD372, 0xD372, 0xD372, 0xD372, 0xD372,
    0xD372, 0xD372, 0xD372, 0xD372, 0xD372, 0xD372, 0xD372, 0xD372, 0xD372, 0xD372, 0xD372, 0xD372, 0xD372, 0xD372, 0xD372, 0xD372,
    0xD372, 0xD372, 0xD372, 0xD372, 0xD372, 0xD372, 0xD372, 0xD372, 0xD372, 0xD372, 0xD372, 0xD372, 0xD372, 0xD372, 0xD372, 0xD372,
    0xD372, 0xD372, 0xD372, 0xD372, 0xD372, 0xD372, 0xD372, 0xD372, 0xD372, 0xD372, 0xD372, 0xD372, 0xD372, 0xD372, 0xD372, 0xD372,
    0xD372, 0xD372, 0xD372, 0xD372, 0xD372, 0xD372, 0xD372, 0xD372, 0xD372, 0xD372, 0xD372, 0xD372, 0xD372, 0xD372, 0xD372, 0xD372,
    0xD372, 0xD372, 0xD372, 0xD372, 0xD372, 0xD372, 0xD372, 0xD372, 0xD372, 0xD372, 0xD372, 0xD372, 0xD372, 0xD372, 0xD372, 0xD372,
    0xD372, 0xD372, 0xD372, 0xD372, 0xD372, 0xD372, 0xD372, 0xD372, 0xD372, 0xD372, 0xD372, 0xD372, 0xD372, 0xD372, 0xD372, 0xD372,
    0xD372, 0xD372, 0xD372, 0xD372, 0xD372, 0xD372, 0xD372, 0xD372, 0xD372, 0xD372, 0xD372, 0xD372, 0xD372, 0xD372, 0xD372, 0xD372,
    0xD372, 0xD372, 0x8A56, 0x8A56, 0x8A56, 0x8A56, 0x8A56, 0x8A56, 0x8A56, 0x8A56, 0x8A56, 0x8A56, 0x8A56, 0x8A56, 0x8A56, 0x8A56,
    0x8A56, 0x8A56, 0x8A56, 0x8A56, 0x8A56, 0x8A56, 0x8A56, 0x8A56, 0x8A56, 0x8A56, 0x8A56, 0x8A56, 0x8A56, 0x8A56, 0x8A56, 0x8A56,
    0x8A56, 0x8A56, 0x8A56, 0x8A56, 0x8A56, 0x8A56, 0x8A56, 0x8A56, 0x8A56, 0x8A56, 0x8A56, 0x8A56, 0x8A56, 0xD372, 0xD372, 0xD372,
    0xD372, 0xD372, 0xD372, 0xD372, 0xD372, 0xD372, 0xD372, 0xD372, 0xD372, 0xD372, 0xD372, 0xD372, 0xD372, 0xD372, 0xD372, 0xD372,
    0xD372, 0xD372, 0xD372, 0xD372, 0xD372, 0xD372, 0xD372, 0xD372, 0xD372, 0xD372, 0xD372, 0xD372, 0xD372, 0xD372, 0xD372, 0xD372,
    0xD372, 0xD372, 0xD372, 0xD372, 0xD372, 0xD372, 0xD372, 0xD372, 0xD372, 0xD372, 0xD372, 0xD372, 0xD372, 0xD372, 0xD372, 0xD372,
    0xD372, 0xD372, 0xD372, 0xD372, 0xD372, 0xD372, 0xD372, 0xD372, 0xD372, 0xD372, 0xD372, 0xD372, 0xD372, 0xD372, 0xD372, 0xD372,
    0xD372, 0xD372, 0xD372, 0xD372, 0xD372, 0xD372, 0xD372, 0xD372, 0xD372, 0xD372, 0xD372, 0xD372, 0xD372, 0xD372, 0xD372, 0xD372,
    0xD372, 0xD372, 0xD372, 0xD372, 0xD372, 0xD372, 0xD372, 0xD372, 0xD372, 0xD372, 0xD372, 0xD372, 0xD372, 0xD372, 0xD372, 0xD372,
    0xD372, 0xD372, 0xD372, 0xD372, 0xD372, 0xD372, 0xD372, 0xD372, 0xD372, 0xD372, 0xD372, 0xD372, 0xD372, 0xD372, 0xD372, 0xD372,
    0xD372, 0xD372, 0xD372, 0xD372, 0xD372, 0xD372, 0xD372, 0xD372, 0xD372, 0xD372, 0xD372, 0xD372, 0xD372, 0xD372, 0xD372, 0xD372,
    0xD372, 0xD372, 0xD372, 0xD372, 0xD372, 0xD372, 0xD372, 0xD372, 0xD372, 0xD372, 0xD372, 0xD372, 0xD372, 0xD372, 0xD372, 0xD372,
    0xD372, 0xD372, 0xD372, 0xD372, 0xD372, 0xD372, 0xD372, 0xD372, 0xD372, 0xD372, 0xD372, 0xD372, 0xD372, 0xD372, 0xD372, 0xD372,
    0xD372, 0xD372, 0xD372, 0xD372, 0xD372, 0xD372, 0xD372, 0xD372, 0xD372, 0xD372, 0xD372, 0xD372, 0xD372, 0xD372, 0xD372, 0xD372,
    0xD372, 0xD372, 0xD372, 0xD372, 0xD372, 0xD372, 0xD372, 0xD372, 0xD372, 0xD372, 0xD372, 0xD372, 0xD372, 0xD372, 0xD372, 0xD372,
    0xD372, 0xD372, 0x8A56, 0x8A56, 0x8A56, 0x8A56, 0x8A56, 0x8A56, 0x8A56, 0x8A56, 0x8A56, 0x8A56, 0x8A56, 0x8A56, 0x8A56, 0x8A56,
    0x8A56, 0x8A56, 0x8A56, 0x8A56, 0x8A56, 0x8A56, 0x8A56, 0x8A56, 0x8A56, 0x8A56, 0x8A56, 0x8A56, 0x8A56, 0x8A56, 0x8A56, 0x8A56,
    0x8A56, 0x8A56, 0x8A56, 0x8A56, 0x8A56, 0x8A56, 0x8A56, 0x8A56, 0x8A56, 0x8A56, 0x8A56, 0x8A56, 0x8A56, 0xD372, 0xD372, 0xD372,
    0xD372, 0xD372, 0xD372, 0xD372, 0xD372, 0xD372, 0xD372, 0xD372, 0xD372, 0xD372, 0xD372, 0xD372, 0xD372, 0xD372, 0xD372, 0xD372,
    0xD372, 0xD372, 0xD372, 0xD372, 0xD372, 0xD372, 0xD372, 0xD372, 0xD372, 0xD372, 0xD372, 0xD372, 0xD372, 0xD372, 0xD372, 0xD372,
    0xD372, 0xD372, 0xD372, 0xD372, 0xD372, 0xD372, 0xD372, 0xD372, 0xD372, 0xD372, 0xD372, 0xD372, 0xD372, 0xD372, 0xD372, 0xD372,
    0xD372, 0xD372, 0xD372, 0xD372, 0xD372, 0xD372, 0xD372, 0xD372, 0xD372, 0xD372, 0xD372, 0xD372, 0xD372, 0xD372, 0xD372, 0xD372,
    0xD372, 0xD372, 0xD372, 0xD372, 0xD372, 0xD372, 0xD372, 0xD372, 0xD372, 0xD372, 0xD372, 0xD372, 0xD372, 0xD372, 0xD372, 0xD372,
    0xD372, 0xD372, 0xD372, 0xD372, 0xD372, 0xD372, 0xD372, 0xD372, 0xD372, 0xD372, 0xD372, 0xD372, 0xD372, 0xD372, 0xD372, 0xD372,
    0xD372, 0xD372, 0xD372, 0xD372, 0xD372, 0xD372, 0xD372, 0xD372, 0xD372, 0xD372, 0xD372, 0xD372, 0xD372, 0xD372, 0xD372, 0xD372,
    0xD372, 0xD372, 0xD372, 0xD372, 0xD372, 0xD372, 0xD372, 0xD372, 0xD372, 0xD372, 0xD372, 0xD372, 0xD372, 0xD372, 0xD372, 0xD372,
    0xD372, 0xD372, 0xD372, 0xD372, 0xD372, 0xD372, 0xD372, 0xD372, 0xD372, 0xD372, 0xD372, 0xD372, 0xD372, 0xD372, 0xD372, 0xD372,
    0xD372, 0xD372, 0xD372, 0xD372, 0xD372, 0xD372, 0xD372, 0xD372, 0xD372, 0xD372, 0xD372, 0xD372, 0xD372, 0xD372, 0xD372, 0xD372,
    0xD372, 0xD372, 0xD372, 0xD372, 0xD372, 0xD372, 0xD372, 0xD372, 0xD372, 0xD372, 0xD372, 0xD372, 0xD372, 0xD372, 0xD372, 0xD372,
    0xD372, 0xD372, 0xD372, 0xD372, 0xD372, 0xD372, 0xD372, 0xD372, 0xD372, 0xD372, 0xD372, 0xD372, 0xD372, 0xD372, 0xD372, 0xD372,
    0xD372, 0xD372, 0xD372, 0x8A56, 0x8A56, 0x8A56, 0x8A56, 0x8A56, 0x8A56, 0x8A56, 0x8A56, 0x8A56, 0x8A56, 0x8A56, 0x8A56, 0x8A56,
    0x8A56, 0x8A56, 0x8A56, 0x8A56, 0x8A56, 0x8A56, 0x8A56, 0x8A56, 0x8A56, 0x8A56, 0x8A56, 0x8A56, 0x8A56, 0x8A56, 0x8A56, 0x8A56,
    0x8A56, 0x8A56, 0x8A56, 0x8A56, 0x8A56, 0x8A56, 0x8A56, 0x8A56, 0x8A56, 0x8A56, 0x8A56, 0xD372, 0xD372, 0xD372, 0xD372, 0xD372,
    0xD372, 0xD372, 0xD372, 0xD372, 0xD372, 0xD372, 0xD372, 0xD372, 0xD372, 0xD372, 0xD372, 0xD372, 0xD372, 0xD372, 0xD372, 0xD372,
    0xD372, 0xD372, 0xD372, 0xD372, 0xD372, 0xD372, 0xD372, 0xD372, 0xD372, 0xD372, 0xD372, 0xD372, 0xD372, 0xD372, 0xD372, 0xD372,
    0xD372, 0xD372, 0xD372, 0xD372, 0xD372, 0xD372, 0xD372, 0xD372, 0xD372, 0xD372, 0xD372, 0xD372, 0xD372, 0xD372, 0xD372, 0xD372,
    0xD372, 0xD372, 0xD372, 0xD372, 0xD372, 0xD372, 0xD372, 0xD372, 0xD372, 0xD372, 0xD372, 0xD372, 0xD372, 0xD372, 0xD372, 0xD372,
    0xD372, 0xD372, 0xD372, 0xD372, 0xD372, 0xD372, 0xD372, 0xD372, 0xD372, 0xD372, 0xD372, 0xD372, 0xD372, 0xD372, 0xD372, 0xD372,
    0xD372, 0xD372, 0xD372, 0xD372, 0xD372, 0xD372, 0xD372, 0xD372, 0xD372, 0xD372, 0xD372, 0xD372, 0xD372, 0xD372, 0xD372, 0xD372,
    0xD372, 0xD372, 0xD372, 0xD372, 0xD372, 0xD372, 0xD372, 0xD372, 0xD372, 0xD372, 0xD372, 0xD372, 0xD372, 0xD372, 0xD372, 0xD372,
    0xD372, 0xD372, 0xD372, 0xD372, 0xD372, 0xD372, 0xD372, 0xD372, 0xD372, 0xD372, 0xD372, 0xD372, 0xD372, 0xD372, 0xD372, 0xD372,
    0xD372, 0xD372, 0xD372, 0xD372, 0xD372, 0xD372, 0xD372, 0xD372, 0xD372, 0xD372, 0xD372, 0xD372, 0xD372, 0xD372, 0xD372, 0xD372,
    0xD372, 0xD372, 0xD372, 0xD372, 0xD372, 0xD372, 0xD372, 0xD372, 0xD372, 0xD372, 0xD372, 0xD372, 0xD372, 0xD372, 0xD372, 0xD372,
    0xD372, 0xD372, 0xD372, 0xD372, 0xD372, 0xD372, 0xD372, 0xD372, 0xD372, 0xD372, 0xD372, 0xD372, 0xD372, 0xD372, 0xD372, 0xD372,
    0xD372, 0xD372, 0xD372, 0xD372, 0xD372, 0xD372, 0xD372, 0xD372, 0xD372, 0xD372, 0xD372, 0xD372, 0xD372, 0xD372, 0xD372, 0xD372,
    0xD372, 0xD372, 0xD372, 0x8A56, 0x8A56, 0x8A56, 0x8A56, 0x8A56, 0x8A56, 0x8A56, 0x8A56, 0x8A56, 0x8A56, 0x8A56, 0x8A56, 0x8A56,
    0x8A56, 0x8A56, 0x8A56, 0x8A56, 0x8A56, 0x8A56, 0x8A56, 0x8A56, 0x8A56, 0x8A56, 0x8A56, 0x8A56, 0x8A56, 0x8A56, 0x8A56, 0x8A56,
    0x8A56, 0x8A56, 0x8A56, 0x8A56, 0x8A56, 0x8A56, 0x8A56, 0x8A56, 0x8A56, 0x8A56, 0x8A56, 0xD372, 0xD372, 0xD372, 0xD372, 0xD372,
    0xD372, 0xD372, 0xD372, 0xD372, 0xD372, 0xD372, 0xD372, 0xD372, 0xD372, 0xD372, 0xD372, 0xD372, 0xD372, 0xD372, 0xD372, 0xD372,
    0xD372, 0xD372, 0xD372, 0xD372, 0xD372, 0xD372, 0xD372, 0xD372, 0xD372, 0xD372, 0xD372, 0xD372, 0xD372, 0xD372, 0xD372, 0xD372,
    0xD372, 0xD372, 0xD372, 0xD372, 0xD372, 0xD372, 0xD372, 0xD372, 0xD372, 0xD372, 0xD372, 0xD372, 0xD372, 0xD372, 0xD372, 0xD372,
    0xD372, 0xD372, 0xD372, 0xD372, 0xD372, 0xD372, 0xD372, 0xD372, 0xD372, 0xD372, 0xD372, 0xD372, 0xD372, 0xD372, 0xD372, 0xD372,
    0xD372, 0xD372, 0xD372, 0xD372, 0xD372, 0xD372, 0xD372, 0xD372, 0xD372, 0xD372, 0xD372, 0xD372, 0xD372, 0xD372, 0xD372, 0xD372,
    0xD372, 0xD372, 0xD372, 0xD372, 0xD372, 0xD372, 0xD372, 0xD372, 0xD372, 0xD372, 0xD372, 0xD372, 0xD372, 0xD372, 0xD372, 0xD372,
    0xD372, 0xD372, 0xD372, 0xD372, 0xD372, 0xD372, 0xD372, 0xD372, 0xD372, 0xD372, 0xD372, 0xD372, 0xD372, 0xD372, 0xD372, 0xD372,
    0xD372, 0xD372, 0xD372, 0xD372, 0xD372, 0xD372, 0xD372, 0xD372, 0xD372, 0xD372, 0xD372, 0xD372, 0xD372, 0xD372, 0xD372, 0xD372,
    0xD372, 0xD372, 0xD372, 0xD372, 0xD372, 0xD372, 0xD372, 0xD372, 0xD372, 0xD372, 0xD372, 0xD372, 0xD372, 0xD372, 0xD372, 0xD372,
    0xD372, 0xD372, 0xD372, 0xD372, 0xD372, 0xD372, 0xD372, 0xD372, 0xD372, 0xD372, 0xD372, 0xD372, 0xD372, 0xD372, 0xD372, 0xD372,
    0xD372, 0xD372, 0xD372, 0xD372, 0xD372, 0xD372, 0xD372, 0xD372, 0xD372, 0xD372, 0xD372, 0xD372, 0xD372, 0xD372, 0xD372, 0xD372,
    0xD372, 0xD372, 0xD372, 0xD372, 0xD372, 0xD372, 0xD372, 0xD372, 0xD372, 0xD372, 0xD372, 0xD372, 0xD372, 0xD372, 0xD372, 0xD372,
    0xD372, 0xD372, 0xD372, 0xD372, 0xD372, 0x8A56, 0x8A56, 0x8A56, 0x8A56, 0x8A56, 0x8A56, 0x8A56, 0x8A56, 0x8A56, 0x8A56, 0x8A56,
    0x8A56, 0x8A56, 0x8A56, 0x8A56, 0x8A56, 0x8A56, 0x8A56, 0x8A56, 0x8A56, 0x8A56, 0x8A56, 0x8A56, 0x8A56, 0x8A56, 0x8A56, 0x8A56,
    0x8A56, 0x8A56, 0x8A56, 0x8A56, 0x8A56, 0x8A56, 0x8A56, 0x8A56, 0x8A56, 0xD372, 0xD372, 0xD372, 0xD372, 0xD372, 0xD372, 0xD372,
    0xD372, 0xD372, 0xD372, 0xD372, 0xD372, 0xD372, 0xD372, 0xD372, 0xD372, 0xD372, 0xD372, 0xD372, 0xD372, 0xD372, 0xD372, 0xD372,
    0xD372, 0xD372, 0xD372, 0xD372, 0xD372, 0xD372, 0xD372, 0xD372, 0xD372, 0xD372, 0xD372, 0xD372, 0xD372, 0xD372, 0xD372, 0xD372,
    0xD372, 0xD372, 0xD372, 0xD372, 0xD372, 0xD372, 0xD372, 0xD372, 0xD372, 0xD372, 0xD372, 0xD372, 0xD372, 0xD372, 0xD372, 0xD372,
    0xD372, 0xD372, 0xD372, 0xD372, 0xD372, 0xD372, 0xD372, 0xD372, 0xD372, 0xD372, 0xD372, 0xD372, 0xD372, 0xD372, 0xD372, 0xD372,
    0xD372, 0xD372, 0xD372, 0xD372, 0xD372, 0xD372, 0xD372, 0xD372, 0xD372, 0xD372, 0xD372, 0xD372, 0xD372, 0xD372, 0xD372, 0xD372,
    0xD372, 0xD372, 0xD372, 0xD372, 0xD372, 0xD372, 0xD372, 0xD372, 0xD372, 0xD372, 0xD372, 0xD372, 0xD372, 0xD372, 0xD372, 0xD372,
    0xD372, 0xD372, 0xD372, 0xD372, 0xD372, 0xD372, 0xD372, 0xD372, 0xD372, 0xD372, 0xD372, 0xD372, 0xD372, 0xD372, 0xD372, 0xD372,
    0xD372, 0xD372, 0xD372, 0xD372, 0xD372, 0xD372, 0xD372, 0xD372, 0xD372, 0xD372, 0xD372, 0xD372, 0xD372, 0xD372, 0xD372, 0xD372,
    0xD372, 0xD372, 0xD372, 0xD372, 0xD372, 0xD372, 0xD372, 0xD372, 0xD372, 0xD372, 0xD372, 0xD372, 0xD372, 0xD372, 0xD372, 0xD372,
    0xD372, 0xD372, 0xD372, 0xD372, 0xD372, 0xD372, 0xD372, 0xD372, 0xD372, 0xD372, 0xD372, 0xD372, 0xD372, 0xD372, 0xD372, 0xD372,
    0xD372, 0xD372, 0xD372, 0xD372, 0xD372, 0xD372, 0xD372, 0xD372, 0xD372, 0xD372, 0xD372, 0xD372, 0xD372, 0xD372, 0xD372, 0xD372,
    0xD372, 0xD372, 0xD372, 0xD372, 0xD372, 0xD372, 0xD372, 0xD372, 0xD372, 0xD372, 0xD372, 0xD372, 0xD372, 0xD372, 0xD372, 0xD372,
    0xD372, 0xD372, 0xD372, 0xD372, 0xD372, 0x8A56, 0x8A56, 0x8A56, 0x8A56, 0x8A56, 0x8A56, 0x8A56, 0x8A56, 0x8A56, 0x8A56, 0x8A56,
    0x8A56, 0x8A56, 0x8A56, 0x8A56, 0x8A56, 0x8A56, 0x8A56, 0x8A56, 0x8A56, 0x8A56, 0x8A56, 0x8A56, 0x8A56, 0x8A56, 0x8A56, 0x8A56,
    0x8A56, 0x8A56, 0x8A56, 0x8A56, 0x8A56, 0x8A56, 0x8A56, 0x8A56, 0x8A56, 0xD372, 0xD372, 0xD372, 0xD372, 0xD372, 0xD372, 0xD372,
    0xD372, 0xD372, 0xD372, 0xD372, 0xD372, 0xD372, 0xD372, 0xD372, 0xD372, 0xD372, 0xD372, 0xD372, 0xD372, 0xD372, 0xD372, 0xD372,
    0xD372, 0xD372, 0xD372, 0xD372, 0xD372, 0xD372, 0xD372, 0xD372, 0xD372, 0xD372, 0xD372, 0xD372, 0xD372, 0xD372, 0xD372, 0xD372,
    0xD372, 0xD372, 0xD372, 0xD372, 0xD372, 0xD372, 0xD372, 0xD372, 0xD372, 0xD372, 0xD372, 0xD372, 0xD372, 0xD372, 0xD372, 0xD372,
    0xD372, 0xD372, 0xD372, 0xD372, 0xD372, 0xD372, 0xD372, 0xD372, 0xD372, 0xD372, 0xD372, 0xD372, 0xD372, 0xD372, 0xD372, 0xD372,
    0xD372, 0xD372, 0xD372, 0xD372, 0xD372, 0xD372, 0xD372, 0xD372, 0xD372, 0xD372, 0xD372, 0xD372, 0xD372, 0xD372, 0xD372, 0xD372,
    0xD372, 0xD372, 0xD372, 0xD372, 0xD372, 0xD372, 0xD372, 0xD372, 0xD372, 0xD372, 0xD372, 0xD372, 0xD372, 0xD372, 0xD372, 0xD372,
    0xD372, 0xD372, 0xD372, 0xD372, 0xD372, 0xD372, 0xD372, 0xD372, 0xD372, 0xD372, 0xD372, 0xD372, 0xD372, 0xD372, 0xD372, 0xD372,
    0xD372, 0xD372, 0xD372, 0xD372, 0xD372, 0xD372, 0xD372, 0xD372, 0xD372, 0xD372, 0xD372, 0xD372, 0xD372, 0xD372, 0xD372, 0xD372,
    0xD372, 0xD372, 0xD372, 0xD372, 0xD372, 0xD372, 0xD372, 0xD372, 0xD372, 0xD372, 0xD372, 0xD372, 0xD372, 0xD372, 0xD372, 0xD372,
    0xD372, 0xD372, 0xD372, 0xD372, 0xD372, 0xD372, 0xD372, 0xD372, 0xD372, 0xD372, 0xD372, 0xD372, 0xD372, 0xD372, 0xD372, 0xD372,
    0xD372, 0xD372, 0xD372, 0xD372, 0xD372, 0xD372, 0xD372, 0xD372, 0xD372, 0xD372, 0xD372, 0xD372, 0xD372, 0xD372, 0xD372, 0xD372,
    0xD372, 0xD372, 0xD372, 0xD372, 0xD372, 0xD372, 0xD372, 0xD372, 0xD372, 0xD372, 0xD372, 0xD372, 0xD372, 0xD372, 0xD372, 0xD372,
    0xD372, 0xD372, 0xD372, 0xD372, 0xD372, 0xD372, 0xD372, 0x8A56, 0x8A56, 0x8A56, 0x8A56, 0x8A56, 0x8A56, 0x8A56, 0x8A56, 0x8A56,
    0x8A56, 0x8A56, 0x8A56, 0x8A56, 0x8A56, 0x8A56, 0x8A56, 0x8A56, 0x8A56, 0x8A56, 0x8A56, 0x8A56, 0x8A56, 0x8A56, 0x8A56, 0x8A56,
    0x8A56, 0x8A56, 0x8A56, 0x8A56, 0x8A56, 0x8A56, 0x8A56, 0xD372, 0xD372, 0xD372, 0xD372, 0xD372, 0xD372, 0xD372, 0xD372, 0xD372,
    0xD372, 0xD372, 0xD372, 0xD372, 0xD372, 0xD372, 0xD372, 0xD372, 0xD372, 0xD372, 0xD372, 0xD372, 0xD372, 0xD372, 0xD372, 0xD372,
    0xD372, 0xD372, 0xD372, 0xD372, 0xD372, 0xD372, 0xD372, 0xD372, 0xD372, 0xD372, 0xD372, 0xD372, 0xD372, 0xD372, 0xD372, 0xD372,
    0xD372, 0xD372, 0xD372, 0xD372, 0xD372, 0xD372, 0xD372, 0xD372, 0xD372, 0xD372, 0xD372, 0xD372, 0xD372, 0xD372, 0xD372, 0xD372,
    0xD372, 0xD372, 0xD372, 0xD372, 0xD372, 0xD372, 0xD372, 0xD372, 0xD372, 0xD372, 0xD372, 0xD372, 0xD372, 0xD372, 0xD372, 0xD372,
    0xD372, 0xD372, 0xD372, 0xD372, 0xD372, 0xD372, 0xD372, 0xD372, 0xD372, 0xD372, 0xD372, 0xD372, 0xD372, 0xD372, 0xD372, 0xD372,
    0xD372, 0xD372, 0xD372, 0xD372, 0xD372, 0xD372, 0xD372, 0xD372, 0xD372, 0xD372, 0xD372, 0xD372, 0xD372, 0xD372, 0xD372, 0xD372,
    0xD372, 0xD372, 0xD372, 0xD372, 0xD372, 0xD372, 0xD372, 0xD372, 0xD372, 0xD372, 0xD372, 0xD372, 0xD372, 0xD372, 0xD372, 0xD372,
    0xD372, 0xD372, 0xD372, 0xD372, 0xD372, 0xD372, 0xD372, 0xD372, 0xD372, 0xD372, 0xD372, 0xD372, 0xD372, 0xD372, 0xD372, 0xD372,
    0xD372, 0xD372, 0xD372, 0xD372, 0xD372, 0xD372, 0xD372, 0xD372, 0xD372, 0xD372, 0xD372, 0xD372, 0xD372, 0xD372, 0xD372, 0xD372,
    0xD372, 0xD372, 0xD372, 0xD372, 0xD372, 0xD372, 0xD372, 0xD372, 0xD372, 0xD372, 0xD372, 0xD372, 0xD372, 0xD372, 0xD372, 0xD372,
    0xD372, 0xD372, 0xD372, 0xD372, 0xD372, 0xD372, 0xD372, 0xD372, 0xD372, 0xD372, 0xD372, 0xD372, 0xD372, 0xD372, 0xD372, 0xD372,
    0xD372, 0xD372, 0xD372, 0xD372, 0xD372, 0xD372, 0xD372, 0xD372, 0xD372, 0xD372, 0xD372, 0xD372, 0xD372, 0xD372, 0xD372, 0xD372,
    0xD372, 0xD372, 0xD372, 0xD372, 0xD372, 0xD372, 0xD372, 0x8A56, 0x8A56, 0x8A56, 0x8A56, 0x8A56, 0x8A56, 0x8A56, 0x8A56, 0x8A56,
    0x8A56, 0x8A56, 0x8A56, 0x8A56, 0x8A56, 0x8A56, 0x8A56, 0x8A56, 0x8A56, 0x8A56, 0x8A56, 0x8A56, 0x8A56, 0x8A56, 0x8A56, 0x8A56,
    0x8A56, 0x8A56, 0x8A56, 0x8A56, 0x8A56, 0x8A56, 0x8A56, 0xD372, 0xD372, 0xD372, 0xD372, 0xD372, 0xD372, 0xD372, 0xD372, 0xD372,
    0xD372, 0xD372, 0xD372, 0xD372, 0xD372, 0xD372, 0xD372, 0xD372, 0xD372, 0xD372, 0xD372, 0xD372, 0xD372, 0xD372, 0xD372, 0xD372,
    0xD372, 0xD372, 0xD372, 0xD372, 0xD372, 0xD372, 0xD372, 0xD372, 0xD372, 0xD372, 0xD372, 0xD372, 0xD372, 0xD372, 0xD372, 0xD372,
    0xD372, 0xD372, 0xD372, 0xD372, 0xD372, 0xD372, 0xD372, 0xD372, 0xD372, 0xD372, 0xD372, 0xD372, 0xD372, 0xD372, 0xD372, 0xD372,
    0xD372, 0xD372, 0xD372, 0xD372, 0xD372, 0xD372, 0xD372, 0xD372, 0xD372, 0xD372, 0xD372, 0xD372, 0xD372, 0xD372, 0xD372, 0xD372,
    0xD372, 0xD372, 0xD372, 0xD372, 0xD372, 0xD372, 0xD372, 0xD372, 0xD372, 0xD372, 0xD372, 0xD372, 0xD372, 0xD372, 0xD372, 0xD372,
    0xD372, 0xD372, 0xD372, 0xD372, 0xD372, 0xD372, 0xD372, 0xD372, 0xD372, 0xD372, 0xD372, 0xD372, 0xD372, 0xD372, 0xD372, 0xD372,
    0xD372, 0xD372, 0xD372, 0xD372, 0xD372, 0xD372, 0xD372, 0xD372, 0xD372, 0xD372, 0xD372, 0xD372, 0xD372, 0xD372, 0xD372, 0xD372,
    0xD372, 0xD372, 0xD372, 0xD372, 0xD372, 0xD372, 0xD372, 0xD372, 0xD372, 0xD372, 0xD372, 0xD372, 0xD372, 0xD372, 0xD372, 0xD372,
    0xD372, 0xD372, 0xD372, 0xD372, 0xD372, 0xD372, 0xD372, 0xD372, 0xD372, 0xD372, 0xD372, 0xD372, 0xD372, 0xD372, 0xD372, 0xD372,
    0xD372, 0xD372, 0xD372, 0xD372, 0xD372, 0xD372, 0xD372, 0xD372, 0xD372, 0xD372, 0xD372, 0xD372, 0xD372, 0xD372, 0xD372, 0xD372,
    0xD372, 0xD372, 0xD372, 0xD372, 0xD372, 0xD372, 0xD372, 0xD372, 0xD372, 0xD372, 0xD372, 0xD372, 0xD372, 0xD372, 0xD372, 0xD372,
    0xD372, 0xD372, 0xD372, 0xD372, 0xD372, 0xD372, 0xD372, 0xD372, 0xD372, 0xD372, 0xD372, 0xD372, 0xD372, 0xD372, 0xD372, 0xD372,
    0xD372, 0xD372, 0xD372, 0xD372, 0xD372, 0xD372, 0xD372, 0xD372, 0xD372, 0x8A56, 0x8A56, 0x8A56, 0x8A56, 0x8A56, 0x8A56, 0x8A56,
    0x8A56, 0x8A56, 0x8A56, 0x8A56, 0x8A56, 0x8A56, 0x8A56, 0x8A56, 0x8A56, 0x8A56, 0x8A56, 0x8A56, 0x8A56, 0x8A56, 0x8A56, 0x8A56,
    0x8A56, 0x8A56, 0x8A56, 0x8A56, 0x8A56, 0xD372, 0xD372, 0xD372, 0xD372, 0xD372, 0xD372, 0xD372, 0xD372, 0xD372, 0xD372, 0xD372,
    0xD372, 0xD372, 0xD372, 0xD372, 0xD372, 0xD372, 0xD372, 0xD372, 0xD372, 0xD372, 0xD372, 0xD372, 0xD372, 0xD372, 0xD372, 0xD372,
    0xD372, 0xD372, 0xD372, 0xD372, 0xD372, 0xD372, 0xD372, 0xD372, 0xD372, 0xD372, 0xD372, 0xD372, 0xD372, 0xD372, 0xD372, 0xD372,
    0xD372, 0xD372, 0xD372, 0xD372, 0xD372, 0xD372, 0xD372, 0xD372, 0xD372, 0xD372, 0xD372, 0xD372, 0xD372, 0xD372, 0xD372, 0xD372,
    0xD372, 0xD372, 0xD372, 0xD372, 0xD372, 0xD372, 0xD372, 0xD372, 0xD372, 0xD372, 0xD372, 0xD372, 0xD372, 0xD372, 0xD372, 0xD372,
    0xD372, 0xD372, 0xD372, 0xD372, 0xD372, 0xD372, 0xD372, 0xD372, 0xD372, 0xD372, 0xD372, 0xD372, 0xD372, 0xD372, 0xD372, 0xD372,
    0xD372, 0xD372, 0xD372, 0xD372, 0xD372, 0xD372, 0xD372, 0xD372, 0xD372, 0xD372, 0xD372, 0xD372, 0xD372, 0xD372, 0xD372, 0xD372,
    0xD372, 0xD372, 0xD372, 0xD372, 0xD372, 0xD372, 0xD372, 0xD372, 0xD372, 0xD372, 0xD372, 0xD372, 0xD372, 0xD372, 0xD372, 0xD372,
    0xD372, 0xD372, 0xD372, 0xD372, 0xD372, 0xD372, 0xD372, 0xD372, 0xD372, 0xD372, 0xD372, 0xD372, 0xD372, 0xD372, 0xD372, 0xD372,
    0xD372, 0xD372, 0xD372, 0xD372, 0xD372, 0xD372, 0xD372, 0xD372, 0xD372, 0xD372, 0xD372, 0xD372, 0xD372, 0xD372, 0xD372, 0xD372,
    0xD372, 0xD372, 0xD372, 0xD372, 0xD372, 0xD372, 0xD372, 0xD372, 0xD372, 0xD372, 0xD372, 0xD372, 0xD372, 0xD372, 0xD372, 0xD372,
    0xD372, 0xD372, 0xD372, 0xD372, 0xD372, 0xD372, 0xD372, 0xD372, 0xD372, 0xD372, 0xD372, 0xD372, 0xD372, 0xD372, 0xD372, 0xD372,
    0xD372, 0xD372, 0xD372, 0xD372, 0xD372, 0xD372, 0xD372, 0xD372, 0xD372, 0xD372, 0xD372, 0xD372, 0xD372, 0xD372, 0xD372, 0xD372,
    0xD372, 0xD372, 0xD372, 0xD372, 0xD372, 0xD372, 0xD372, 0xD372, 0xD372, 0x8A56, 0x8A56, 0x8A56, 0x8A56, 0x8A56, 0x8A56, 0x8A56,
    0x8A56, 0x8A56, 0x8A56, 0x8A56, 0x8A56, 0x8A56, 0x8A56, 0x8A56, 0x8A56, 0x8A56, 0x8A56, 0x8A56, 0x8A56, 0x8A56, 0x8A56, 0x8A56,
    0x8A56, 0x8A56, 0x8A56, 0x8A56, 0x8A56, 0xD372, 0xD372, 0xD372, 0xD372, 0xD372, 0xD372, 0xD372, 0xD372, 0xD372, 0xD372, 0xD372,
    0xD372, 0xD372, 0xD372, 0xD372, 0xD372, 0xD372, 0xD372, 0xD372, 0xD372, 0xD372, 0xD372, 0xD372, 0xD372, 0xD372, 0xD372, 0xD372,
    0xD372, 0xD372, 0xD372, 0xD372, 0xD372, 0xD372, 0xD372, 0xD372, 0xD372, 0xD372, 0xD372, 0xD372, 0xD372, 0xD372, 0xD372, 0xD372,
    0xD372, 0xD372, 0xD372, 0xD372, 0xD372, 0xD372, 0xD372, 0xD372, 0xD372, 0xD372, 0xD372, 0xD372, 0xD372, 0xD372, 0xD372, 0xD372,
    0xD372, 0xD372, 0xD372, 0xD372, 0xD372, 0xD372, 0xD372, 0xD372, 0xD372, 0xD372, 0xD372, 0xD372, 0xD372, 0xD372, 0xD372, 0xD372,
    0xD372, 0xD372, 0xD372, 0xD372, 0xD372, 0xD372, 0xD372, 0xD372, 0xD372, 0xD372, 0xD372, 0xD372, 0xD372, 0xD372, 0xD372, 0xD372,
    0xD372, 0xD372, 0xD372, 0xD372, 0xD372, 0xD372, 0xD372, 0xD372, 0xD372, 0xD372, 0xD372, 0xD372, 0xD372, 0xD372, 0xD372, 0xD372,
    0xD372, 0xD372, 0xD372, 0xD372, 0xD372, 0xD372, 0xD372, 0xD372, 0xD372, 0xD372, 0xD372, 0xD372, 0xD372, 0xD372, 0xD372, 0xD372,
    0xD372, 0xD372, 0xD372, 0xD372, 0xD372, 0xD372, 0xD372, 0xD372, 0xD372, 0xD372, 0xD372, 0xD372, 0xD372, 0xD372, 0xD372, 0xD372,
    0xD372, 0xD372, 0xD372, 0xD372, 0xD372, 0xD372, 0xD372, 0xD372, 0xD372, 0xD372, 0xD372, 0xD372, 0xD372, 0xD372, 0xD372, 0xD372,
    0xD372, 0xD372, 0xD372, 0xD372, 0xD372, 0xD372, 0xD372, 0xD372, 0xD372, 0xD372, 0xD372, 0xD372, 0xD372, 0xD372, 0xD372, 0xD372,
    0xD372, 0xD372, 0xD372, 0xD372, 0xD372, 0xD372, 0xD372, 0xD372, 0xD372, 0xD372, 0xD372, 0xD372, 0xD372, 0xD372, 0xD372, 0xD372,
    0xD372, 0xD372, 0xD372, 0xD372, 0xD372, 0xD372, 0xD372, 0xD372, 0xD372, 0xD372, 0xD372, 0xD372, 0xD372, 0xD372, 0xD372, 0xD372,
    0xD372, 0xD372, 0xD372, 0xD372, 0xD372, 0xD372, 0xD372, 0xD372, 0xD372, 0xD372, 0xD372, 0x8A56, 0x8A56, 0x8A56, 0x8A56, 0x8A56,
    0x8A56, 0x8A56, 0x8A56, 0x8A56, 0x8A56, 0x8A56, 0x8A56, 0x8A56, 0x8A56, 0x8A56, 0x8A56, 0x8A56, 0x8A56, 0x8A56, 0x8A56, 0x8A56,
    0x8A56, 0x8A56, 0x8A56, 0xD372, 0xD372, 0xD372, 0xD372, 0xD372, 0xD372, 0xD372, 0xD372, 0xD372, 0xD372, 0xD372, 0xD372, 0xD372,
    0xD372, 0xD372, 0xD372, 0xD372, 0xD372, 0xD372, 0xD372, 0xD372, 0xD372, 0xD372, 0xD372, 0xD372, 0xD372, 0xD372, 0xD372, 0xD372,
    0xD372, 0xD372, 0xD372, 0xD372, 0xD372, 0xD372, 0xD372, 0xD372, 0xD372, 0xD372, 0xD372, 0xD372, 0xD372, 0xD372, 0xD372, 0xD372,
    0xD372, 0xD372, 0xD372, 0xD372, 0xD372, 0xD372, 0xD372, 0xD372, 0xD372, 0xD372, 0xD372, 0xD372, 0xD372, 0xD372, 0xD372, 0xD372,
    0xD372, 0xD372, 0xD372, 0xD372, 0xD372, 0xD372, 0xD372, 0xD372, 0xD372, 0xD372, 0xD372, 0xD372, 0xD372, 0xD372, 0xD372, 0xD372,
    0xD372, 0xD372, 0xD372, 0xD372, 0xD372, 0xD372, 0xD372, 0xD372, 0xD372, 0xD372, 0xD372, 0xD372, 0xD372, 0xD372, 0xD372, 0xD372,
    0xD372, 0xD372, 0xD372, 0xD372, 0xD372, 0xD372, 0xD372, 0xD372, 0xD372, 0xD372, 0xD372, 0xD372, 0xD372, 0xD372, 0xD372, 0xD372,
    0xD372, 0xD372, 0xD372, 0xD372, 0xD372, 0xD372, 0xD372, 0xD372, 0xD372, 0xD372, 0xD372, 0xD372, 0xD372, 0xD372, 0xD372, 0xD372,
    0xD372, 0xD372, 0xD372, 0xD372, 0xD372, 0xD372, 0xD372, 0xD372, 0xD372, 0xD372, 0xD372, 0xD372, 0xD372, 0xD372, 0xD372, 0xD372,
    0xD372, 0xD372, 0xD372, 0xD372, 0xD372, 0xD372, 0xD372, 0xD372, 0xD372, 0xD372, 0xD372, 0xD372, 0xD372, 0xD372, 0xD372, 0xD372,
    0xD372, 0xD372, 0xD372, 0xD372, 0xD372, 0xD372, 0xD372, 0xD372, 0xD372, 0xD372, 0xD372, 0xD372, 0xD372, 0xD372, 0xD372, 0xD372,
    0xD372, 0xD372, 0xD372, 0xD372, 0xD372, 0xD372, 0xD372, 0xD372, 0xD372, 0xD372, 0xD372, 0xD372, 0xD372, 0xD372, 0xD372, 0xD372,
    0xD372, 0xD372, 0xD372, 0xD372, 0xD372, 0xD372, 0xD372, 0xD372, 0xD372, 0xD372, 0xD372, 0xD372, 0xD372, 0xD372, 0xD372, 0xD372,
    0xD372, 0xD372, 0xD372, 0xD372, 0xD372, 0xD372, 0xD372, 0xD372, 0xD372, 0xD372, 0xD372, 0x8A56, 0x8A56, 0x8A56, 0x8A56, 0x8A56,
    0x8A56, 0x8A56, 0x8A56, 0x8A56, 0x8A56, 0x8A56, 0x8A56, 0x8A56, 0x8A56, 0x8A56, 0x8A56, 0x8A56, 0x8A56, 0x8A56, 0x8A56, 0x8A56,
    0x8A56, 0x8A56, 0x8A56, 0xD372, 0xD372, 0xD372, 0xD372, 0xD372, 0xD372, 0xD372, 0xD372, 0xD372, 0xD372, 0xD372, 0xD372, 0xD372,
    0xD372, 0xD372, 0xD372, 0xD372, 0xD372, 0xD372, 0xD372, 0xD372, 0xD372, 0xD372, 0xD372, 0xD372, 0xD372, 0xD372, 0xD372, 0xD372,
    0xD372, 0xD372, 0xD372, 0xD372, 0xD372, 0xD372, 0xD372, 0xD372, 0xD372, 0xD372, 0xD372, 0xD372, 0xD372, 0xD372, 0xD372, 0xD372,
    0xD372, 0xD372, 0xD372, 0xD372, 0xD372, 0xD372, 0xD372, 0xD372, 0xD372, 0xD372, 0xD372, 0xD372, 0xD372, 0xD372, 0xD372, 0xD372,
    0xD372, 0xD372, 0xD372, 0xD372, 0xD372, 0xD372, 0xD372, 0xD372, 0xD372, 0xD372, 0xD372, 0xD372, 0xD372, 0xD372, 0xD372, 0xD372,
    0xD372, 0xD372, 0xD372, 0xD372, 0xD372, 0xD372, 0xD372, 0xD372, 0xD372, 0xD372, 0xD372, 0xD372, 0xD372, 0xD372, 0xD372, 0xD372,
    0xD372, 0xD372, 0xD372, 0xD372, 0xD372, 0xD372, 0xD372, 0xD372, 0xD372, 0xD372, 0xD372, 0xD372, 0xD372, 0xD372, 0xD372, 0xD372,
    0xD372, 0xD372, 0xD372, 0xD372, 0xD372, 0xD372, 0xD372, 0xD372, 0xD372, 0xD372, 0xD372, 0xD372, 0xD372, 0xD372, 0xD372, 0xD372,
    0xD372, 0xD372, 0xD372, 0xD372, 0xD372, 0xD372, 0xD372, 0xD372, 0xD372, 0xD372, 0xD372, 0xD372, 0xD372, 0xD372, 0xD372, 0xD372,
    0xD372, 0xD372, 0xD372, 0xD372, 0xD372, 0xD372, 0xD372, 0xD372, 0xD372, 0xD372, 0xD372, 0xD372, 0xD372, 0xD372, 0xD372, 0xD372,
    0xD372, 0xD372, 0xD372, 0xD372, 0xD372, 0xD372, 0xD372, 0xD372, 0xD372, 0xD372, 0xD372, 0xD372, 0xD372, 0xD372, 0xD372, 0xD372,
    0xD372, 0xD372, 0xD372, 0xD372, 0xD372, 0xD372, 0xD372, 0xD372, 0xD372, 0xD372, 0xD372, 0xD372, 0xD372, 0xD372, 0xD372, 0xD372,
    0xD372, 0xD372, 0xD372, 0xD372, 0xD372, 0xD372, 0xD372, 0xD372, 0xD372, 0xD372, 0xD372, 0xD372, 0xD372, 0xD372, 0xD372, 0xD372,
    0xD372, 0xD372, 0xD372, 0xD372, 0xD372, 0xD372, 0xD372, 0xD372, 0xD372, 0xD372, 0xD372, 0xD372, 0xD372, 0x8A56, 0x8A56, 0x8A56,
    0x8A56, 0x8A56, 0x8A56, 0x8A56, 0x8A56, 0x8A56, 0x8A56, 0x8A56, 0x8A56, 0x8A56, 0x8A56, 0x8A56, 0x8A56, 0x8A56, 0x8A56, 0x8A56,
    0x8A56, 0xD372, 0xD372, 0xD372, 0xD372, 0xD372, 0xD372, 0xD372, 0xD372, 0xD372, 0xD372, 0xD372, 0xD372, 0xD372, 0xD372, 0xD372,
    0xD372, 0xD372, 0xD372, 0xD372, 0xD372, 0xD372, 0xD372, 0xD372, 0xD372, 0xD372, 0xD372, 0xD372, 0xD372, 0xD372, 0xD372, 0xD372,
    0xD372, 0xD372, 0xD372, 0xD372, 0xD372, 0xD372, 0xD372, 0xD372, 0xD372, 0xD372, 0xD372, 0xD372, 0xD372, 0xD372, 0xD372, 0xD372,
    0xD372, 0xD372, 0xD372, 0xD372, 0xD372, 0xD372, 0xD372, 0xD372, 0xD372, 0xD372, 0xD372, 0xD372, 0xD372, 0xD372, 0xD372, 0xD372,
    0xD372, 0xD372, 0xD372, 0xD372, 0xD372, 0xD372, 0xD372, 0xD372, 0xD372, 0xD372, 0xD372, 0xD372, 0xD372, 0xD372, 0xD372, 0xD372,
    0xD372, 0xD372, 0xD372, 0xD372, 0xD372, 0xD372, 0xD372, 0xD372, 0xD372, 0xD372, 0xD372, 0xD372, 0xD372, 0xD372, 0xD372, 0xD372,
    0xD372, 0xD372, 0xD372, 0xD372, 0xD372, 0xD372, 0xD372, 0xD372, 0xD372, 0xD372, 0xD372, 0xD372, 0xD372, 0xD372, 0xD372, 0xD372,
    0xD372, 0xD372, 0xD372, 0xD372, 0xD372, 0xD372, 0xD372, 0xD372, 0xD372, 0xD372, 0xD372, 0xD372, 0xD372, 0xD372, 0xD372, 0xD372,
    0xD372, 0xD372, 0xD372, 0xD372, 0xD372, 0xD372, 0xD372, 0xD372, 0xD372, 0xD372, 0xD372, 0xD372, 0xD372, 0xD372, 0xD372, 0xD372,
    0xD372, 0xD372, 0xD372, 0xD372, 0xD372, 0xD372, 0xD372, 0xD372, 0xD372, 0xD372, 0xD372, 0xD372, 0xD372, 0xD372, 0xD372, 0xD372,
    0xD372, 0xD372, 0xD372, 0xD372, 0xD372, 0xD372, 0xD372, 0xD372, 0xD372, 0xD372, 0xD372, 0xD372, 0xD372, 0xD372, 0xD372, 0xD372,
    0xD372, 0xD372, 0xD372, 0xD372, 0xD372, 0xD372, 0xD372, 0xD372, 0xD372, 0xD372, 0xD372, 0xD372, 0xD372, 0xD372, 0xD372, 0xD372,
    0xD372, 0xD372, 0xD372, 0xD372, 0xD372, 0xD372, 0xD372, 0xD372, 0xD372, 0xD372, 0xD372, 0xD372, 0xD372, 0xD372, 0xD372, 0xD372,
    0xD372, 0xD372, 0xD372, 0xD372, 0xD372, 0xD372, 0xD372, 0xD372, 0xD372, 0xD372, 0xD372, 0xD372, 0xD372, 0xD372, 0xD372, 0x8A56,
    0x8A56, 0x8A56, 0x8A56, 0x8A56, 0x8A56, 0x8A56, 0x8A56, 0x8A56, 0x8A56, 0x8A56, 0x8A56, 0x8A56, 0x8A56, 0x8A56, 0x8A56, 0x8A56,
    0xD372, 0xD372, 0xD372, 0xD372, 0xD372, 0xD372, 0xD372, 0xD372, 0xD372, 0xD372, 0xD372, 0xD372, 0xD372, 0xD372, 0xD372, 0xD372,
    0xD372, 0xD372, 0xD372, 0xD372, 0xD372, 0xD372, 0xD372, 0xD372, 0xD372, 0xD372, 0xD372, 0xD372, 0xD372, 0xD372, 0xD372, 0xD372,
    0xD372, 0xD372, 0xD372, 0xD372, 0xD372, 0xD372, 0xD372, 0xD372, 0xD372, 0xD372, 0xD372, 0xD372, 0xD372, 0xD372, 0xD372, 0xD372,
    0xD372, 0xD372, 0xD372, 0xD372, 0xD372, 0xD372, 0xD372, 0xD372, 0xD372, 0xD372, 0xD372, 0xD372, 0xD372, 0xD372, 0xD372, 0xD372,
    0xD372, 0xD372, 0xD372, 0xD372, 0xD372, 0xD372, 0xD372, 0xD372, 0xD372, 0xD372, 0xD372, 0xD372, 0xD372, 0xD372, 0xD372, 0xD372,
    0xD372, 0xD372, 0xD372, 0xD372, 0xD372, 0xD372, 0xD372, 0xD372, 0xD372, 0xD372, 0xD372, 0xD372, 0xD372, 0xD372, 0xD372, 0xD372,
    0xD372, 0xD372, 0xD372, 0xD372, 0xD372, 0xD372, 0xD372, 0xD372, 0xD372, 0xD372, 0xD372, 0xD372, 0xD372, 0xD372, 0xD372, 0xD372,
    0xD372, 0xD372, 0xD372, 0xD372, 0xD372, 0xD372, 0xD372, 0xD372, 0xD372, 0xD372, 0xD372, 0xD372, 0xD372, 0xD372, 0xD372, 0xD372,
    0xD372, 0xD372, 0xD372, 0xD372, 0xD372, 0xD372, 0xD372, 0xD372, 0xD372, 0xD372, 0xD372, 0xD372, 0xD372, 0xD372, 0xD372, 0xD372,
    0xD372, 0xD372, 0xD372, 0xD372, 0xD372, 0xD372, 0xD372, 0xD372, 0xD372, 0xD372, 0xD372, 0xD372, 0xD372, 0xD372, 0xD372, 0xD372,
    0xD372, 0xD372, 0xD372, 0xD372, 0xD372, 0xD372, 0xD372, 0xD372, 0xD372, 0xD372, 0xD372, 0xD372, 0xD372, 0xD372, 0xD372, 0xD372,
    0xD372, 0xD372, 0xD372, 0xD372, 0xD372, 0xD372, 0xD372, 0xD372, 0xD372, 0xD372, 0xD372, 0xD372, 0xD372, 0xD372, 0xD372, 0xD372,
    0xD372, 0xD372, 0xD372, 0xD372, 0xD372, 0xD372, 0xD372, 0xD372, 0xD372, 0xD372, 0xD372, 0xD372, 0xD372, 0xD372, 0xD372, 0xD372,
    0xD372, 0xD372, 0xD372, 0xD372, 0xD372, 0xD372, 0xD372, 0xD372, 0xD372, 0xD372, 0xD372, 0xD372, 0xD372, 0xD372, 0xD372, 0x8A56,
    0x8A56, 0x8A56, 0x8A56, 0x8A56, 0x8A56, 0x8A56, 0x8A56, 0x8A56, 0x8A56, 0x8A56, 0x8A56, 0x8A56, 0x8A56, 0x8A56, 0x8A56, 0x8A56,
    0xD372, 0xD372, 0xD372, 0xD372, 0xD372, 0xD372, 0xD372, 0xD372, 0xD372, 0xD372, 0xD372, 0xD372, 0xD372, 0xD372, 0xD372, 0xD372,
    0xD372, 0xD372, 0xD372, 0xD372, 0xD372, 0xD372, 0xD372, 0xD372, 0xD372, 0xD372, 0xD372, 0xD372, 0xD372, 0xD372, 0xD372, 0xD372,
    0xD372, 0xD372, 0xD372, 0xD372, 0xD372, 0xD372, 0xD372, 0xD372, 0xD372, 0xD372, 0xD372, 0xD372, 0xD372, 0xD372, 0xD372, 0xD372,
    0xD372, 0xD372, 0xD372, 0xD372, 0xD372, 0xD372, 0xD372, 0xD372, 0xD372, 0xD372, 0xD372, 0xD372, 0xD372, 0xD372, 0xD372, 0xD372,
    0xD372, 0xD372, 0xD372, 0xD372, 0xD372, 0xD372, 0xD372, 0xD372, 0xD372, 0xD372, 0xD372, 0xD372, 0xD372, 0xD372, 0xD372, 0xD372,
    0xD372, 0xD372, 0xD372, 0xD372, 0xD372, 0xD372, 0xD372, 0xD372, 0xD372, 0xD372, 0xD372, 0xD372, 0xD372, 0xD372, 0xD372, 0xD372,
    0xD372, 0xD372, 0xD372, 0xD372, 0xD372, 0xD372, 0xD372, 0xD372, 0xD372, 0xD372, 0xD372, 0xD372, 0xD372, 0xD372, 0xD372, 0xD372,
    0xD372, 0xD372, 0xD372, 0xD372, 0xD372, 0xD372, 0xD372, 0xD372, 0xD372, 0xD372, 0xD372, 0xD372, 0xD372, 0xD372, 0xD372, 0xD372,
    0xD372, 0xD372, 0xD372, 0xD372, 0xD372, 0xD372, 0xD372, 0xD372, 0xD372, 0xD372, 0xD372, 0xD372, 0xD372, 0xD372, 0xD372, 0xD372,
    0xD372, 0xD372, 0xD372, 0xD372, 0xD372, 0xD372, 0xD372, 0xD372, 0xD372, 0xD372, 0xD372, 0xD372, 0xD372, 0xD372, 0xD372, 0xD372,
    0xD372, 0xD372, 0xD372, 0xD372, 0xD372, 0xD372, 0xD372, 0xD372, 0xD372, 0xD372, 0xD372, 0xD372, 0xD372, 0xD372, 0xD372, 0xD372,
    0xD372, 0xD372, 0xD372, 0xD372, 0xD372, 0xD372, 0xD372, 0xD372, 0xD372, 0xD372, 0xD372, 0xD372, 0xD372, 0xD372, 0xD372, 0xD372,
    0xD372, 0xD372, 0xD372, 0xD372, 0xD372, 0xD372, 0xD372, 0xD372, 0xD372, 0xD372, 0xD372, 0xD372, 0xD372, 0xD372, 0xD372, 0xD372,
    0xD372, 0xD372, 0xD372, 0xD372, 0xD372, 0xD372, 0xD372, 0xD372, 0xD372, 0xD372, 0xD372, 0xD372, 0xD372, 0xD372, 0xD372, 0xD372,
    0xD372, 0x8A56, 0x8A56, 0x8A56, 0x8A56, 0x8A56, 0x8A56, 0x8A56, 0x8A56, 0x8A56, 0x8A56, 0x8A56, 0x8A56, 0x8A56, 0xD372, 0xD372,
    0xD372, 0xD372, 0xD372, 0xD372, 0xD372, 0xD372, 0xD372, 0xD372, 0xD372, 0xD372, 0xD372, 0xD372, 0xD372, 0xD372, 0xD372, 0xD372,
    0xD372, 0xD372, 0xD372, 0xD372, 0xD372, 0xD372, 0xD372, 0xD372, 0xD372, 0xD372, 0xD372, 0xD372, 0xD372, 0xD372, 0xD372, 0xD372,
    0xD372, 0xD372, 0xD372, 0xD372, 0xD372, 0xD372, 0xD372, 0xD372, 0xD372, 0xD372, 0xD372, 0xD372, 0xD372, 0xD372, 0xD372, 0xD372,
    0xD372, 0xD372, 0xD372, 0xD372, 0xD372, 0xD372, 0xD372, 0xD372, 0xD372, 0xD372, 0xD372, 0xD372, 0xD372, 0xD372, 0xD372, 0xD372,
    0xD372, 0xD372, 0xD372, 0xD372, 0xD372, 0xD372, 0xD372, 0xD372, 0xD372, 0xD372, 0xD372, 0xD372, 0xD372, 0xD372, 0xD372, 0xD372,
    0xD372, 0xD372, 0xD372, 0xD372, 0xD372, 0xD372, 0xD372, 0xD372, 0xD372, 0xD372, 0xD372, 0xD372, 0xD372, 0xD372, 0xD372, 0xD372,
    0xD372, 0xD372, 0xD372, 0xD372, 0xD372, 0xD372, 0xD372, 0xD372, 0xD372, 0xD372, 0xD372, 0xD372, 0xD372, 0xD372, 0xD372, 0xD372,
    0xD372, 0xD372, 0xD372, 0xD372, 0xD372, 0xD372, 0xD372, 0xD372, 0xD372, 0xD372, 0xD372, 0xD372, 0xD372, 0xD372, 0xD372, 0xD372,
    0xD372, 0xD372, 0xD372, 0xD372, 0xD372, 0xD372, 0xD372, 0xD372, 0xD372, 0xD372, 0xD372, 0xD372, 0xD372, 0xD372, 0xD372, 0xD372,
    0xD372, 0xD372, 0xD372, 0xD372, 0xD372, 0xD372, 0xD372, 0xD372, 0xD372, 0xD372, 0xD372, 0xD372, 0xD372, 0xD372, 0xD372, 0xD372,
    0xD372, 0xD372, 0xD372, 0xD372, 0xD372, 0xD372, 0xD372, 0xD372, 0xD372, 0xD372, 0xD372, 0xD372, 0xD372, 0xD372, 0xD372, 0xD372,
    0xD372, 0xD372, 0xD372, 0xD372, 0xD372, 0xD372, 0xD372, 0xD372, 0xD372, 0xD372, 0xD372, 0xD372, 0xD372, 0xD372, 0xD372, 0xD372,
    0xD372, 0xD372, 0xD372, 0xD372, 0xD372, 0xD372, 0xD372, 0xD372, 0xD372, 0xD372, 0xD372, 0xD372, 0xD372, 0xD372, 0xD372, 0xD372,
    0xD372, 0xD372, 0xD372, 0xD372, 0xD372, 0xD372, 0xD372, 0xD372, 0xD372, 0xD372, 0xD372, 0xD372, 0xD372, 0xD372, 0xD372, 0xD372,
    0xD372, 0x8A56, 0x8A56, 0x8A56, 0x8A56, 0x8A56, 0x8A56, 0x8A56, 0x8A56, 0x8A56, 0x8A56, 0x8A56, 0x8A56, 0x8A56, 0xD372, 0xD372,
    0xD372, 0xD372, 0xD372, 0xD372, 0xD372, 0xD372, 0xD372, 0xD372, 0xD372, 0xD372, 0xD372, 0xD372, 0xD372, 0xD372, 0xD372, 0xD372,
    0xD372, 0xD372, 0xD372, 0xD372, 0xD372, 0xD372, 0xD372, 0xD372, 0xD372, 0xD372, 0xD372, 0xD372, 0xD372, 0xD372, 0xD372, 0xD372,
    0xD372, 0xD372, 0xD372, 0xD372, 0xD372, 0xD372, 0xD372, 0xD372, 0xD372, 0xD372, 0xD372, 0xD372, 0xD372, 0xD372, 0xD372, 0xD372,
    0xD372, 0xD372, 0xD372, 0xD372, 0xD372, 0xD372, 0xD372, 0xD372, 0xD372, 0xD372, 0xD372, 0xD372, 0xD372, 0xD372, 0xD372, 0xD372,
    0xD372, 0xD372, 0xD372, 0xD372, 0xD372, 0xD372, 0xD372, 0xD372, 0xD372, 0xD372, 0xD372, 0xD372, 0xD372, 0xD372, 0xD372, 0xD372,
    0xD372, 0xD372, 0xD372, 0xD372, 0xD372, 0xD372, 0xD372, 0xD372, 0xD372, 0xD372, 0xD372, 0xD372, 0xD372, 0xD372, 0xD372, 0xD372,
    0xD372, 0xD372, 0xD372, 0xD372, 0xD372, 0xD372, 0xD372, 0xD372, 0xD372, 0xD372, 0xD372, 0xD372, 0xD372, 0xD372, 0xD372, 0xD372,
    0xD372, 0xD372, 0xD372, 0xD372, 0xD372, 0xD372, 0xD372, 0xD372, 0xD372, 0xD372, 0xD372, 0xD372, 0xD372, 0xD372, 0xD372, 0xD372,
    0xD372, 0xD372, 0xD372, 0xD372, 0xD372, 0xD372, 0xD372, 0xD372, 0xD372, 0xD372, 0xD372, 0xD372, 0xD372, 0xD372, 0xD372, 0xD372,
    0xD372, 0xD372, 0xD372, 0xD372, 0xD372, 0xD372, 0xD372, 0xD372, 0xD372, 0xD372, 0xD372, 0xD372, 0xD372, 0xD372, 0xD372, 0xD372,
    0xD372, 0xD372, 0xD372, 0xD372, 0xD372, 0xD372, 0xD372, 0xD372, 0xD372, 0xD372, 0xD372, 0xD372, 0xD372, 0xD372, 0xD372, 0xD372,
    0xD372, 0xD372, 0xD372, 0xD372, 0xD372, 0xD372, 0xD372, 0xD372, 0xD372, 0xD372, 0xD372, 0xD372, 0xD372, 0xD372, 0xD372, 0xD372,
    0xD372, 0xD372, 0xD372, 0xD372, 0xD372, 0xD372, 0xD372, 0xD372, 0xD372, 0xD372, 0xD372, 0xD372, 0xD372, 0xD372, 0xD372, 0xD372,
    0xD372, 0xD372, 0xD372, 0xD372, 0xD372, 0xD372, 0xD372, 0xD372, 0xD372, 0xD372, 0xD372, 0xD372, 0xD372, 0xD372, 0xD372, 0xD372,
    0xD372, 0xD372, 0x8A56, 0x8A56, 0x8A56, 0x8A56, 0x8A56, 0x8A56, 0x8A56, 0x8A56, 0x8A56, 0x8A56, 0xD372, 0xD372, 0xD372, 0xD372,
    0xD372, 0xD372, 0xD372, 0xD372, 0xD372, 0xD372, 0xD372, 0xD372, 0xD372, 0xD372, 0xD372, 0xD372, 0xD372, 0xD372, 0xD372, 0xD372,
    0xD372, 0xD372, 0xD372, 0xD372, 0xD372, 0xD372, 0xD372, 0xD372, 0xD372, 0xD372, 0xD372, 0xD372, 0xD372, 0xD372, 0xD372, 0xD372,
    0xD372, 0xD372, 0xD372, 0xD372, 0xD372, 0xD372, 0xD372, 0xD372, 0xD372, 0xD372, 0xD372, 0xD372, 0xD372, 0xD372, 0xD372, 0xD372,
    0xD372, 0xD372, 0xD372, 0xD372, 0xD372, 0xD372, 0xD372, 0xD372, 0xD372, 0xD372, 0xD372, 0xD372, 0xD372, 0xD372, 0xD372, 0xD372,
    0xD372, 0xD372, 0xD372, 0xD372, 0xD372, 0xD372, 0xD372, 0xD372, 0xD372, 0xD372, 0xD372, 0xD372, 0xD372, 0xD372, 0xD372, 0xD372,
    0xD372, 0xD372, 0xD372, 0xD372, 0xD372, 0xD372, 0xD372, 0xD372, 0xD372, 0xD372, 0xD372, 0xD372, 0xD372, 0xD372, 0xD372, 0xD372,
    0xD372, 0xD372, 0xD372, 0xD372, 0xD372, 0xD372, 0xD372, 0xD372, 0xD372, 0xD372, 0xD372, 0xD372, 0xD372, 0xD372, 0xD372, 0xD372,
    0xD372, 0xD372, 0xD372, 0xD372, 0xD372, 0xD372, 0xD372, 0xD372, 0xD372, 0xD372, 0xD372, 0xD372, 0xD372, 0xD372, 0xD372, 0xD372,
    0xD372, 0xD372, 0xD372, 0xD372, 0xD372, 0xD372, 0xD372, 0xD372, 0xD372, 0xD372, 0xD372, 0xD372, 0xD372, 0xD372, 0xD372, 0xD372,
    0xD372, 0xD372, 0xD372, 0xD372, 0xD372, 0xD372, 0xD372, 0xD372, 0xD372, 0xD372, 0xD372, 0xD372, 0xD372, 0xD372, 0xD372, 0xD372,
    0xD372, 0xD372, 0xD372, 0xD372, 0xD372, 0xD372, 0xD372, 0xD372, 0xD372, 0xD372, 0xD372, 0xD372, 0xD372, 0xD372, 0xD372, 0xD372,
    0xD372, 0xD372, 0xD372, 0xD372, 0xD372, 0xD372, 0xD372, 0xD372, 0xD372, 0xD372, 0xD372, 0xD372, 0xD372, 0xD372, 0xD372, 0xD372,
    0xD372, 0xD372, 0xD372, 0xD372, 0xD372, 0xD372, 0xD372, 0xD372, 0xD372, 0xD372, 0xD372, 0xD372, 0xD372, 0xD372, 0xD372, 0xD372,
    0xD372, 0xD372, 0xD372, 0xD372, 0xD372, 0xD372, 0xD372, 0xD372, 0xD372, 0xD372, 0xD372, 0xD372, 0xD372, 0xD372, 0xD372, 0xD372,
    0xD372, 0xD372, 0x8A56, 0x8A56, 0x8A56, 0x8A56, 0x8A56, 0x8A56, 0x8A56, 0x8A56, 0x8A56, 0x8A56, 0xD372, 0xD372, 0xD372, 0xD372,
    0xD372, 0xD372, 0xD372, 0xD372, 0xD372, 0xD372, 0xD372, 0xD372, 0xD372, 0xD372, 0xD372, 0xD372, 0xD372, 0xD372, 0xD372, 0xD372,
    0xD372, 0xD372, 0xD372, 0xD372, 0xD372, 0xD372, 0xD372, 0xD372, 0xD372, 0xD372, 0xD372, 0xD372, 0xD372, 0xD372, 0xD372, 0xD372,
    0xD372, 0xD372, 0xD372, 0xD372, 0xD372, 0xD372, 0xD372, 0xD372, 0xD372, 0xD372, 0xD372, 0xD372, 0xD372, 0xD372, 0xD372, 0xD372,
    0xD372, 0xD372, 0xD372, 0xD372, 0xD372, 0xD372, 0xD372, 0xD372, 0xD372, 0xD372, 0xD372, 0xD372, 0xD372, 0xD372, 0xD372, 0xD372,
    0xD372, 0xD372, 0xD372, 0xD372, 0xD372, 0xD372, 0xD372, 0xD372, 0xD372, 0xD372, 0xD372, 0xD372, 0xD372, 0xD372, 0xD372, 0xD372,
    0xD372, 0xD372, 0xD372, 0xD372, 0xD372, 0xD372, 0xD372, 0xD372, 0xD372, 0xD372, 0xD372, 0xD372, 0xD372, 0xD372, 0xD372, 0xD372,
    0xD372, 0xD372, 0xD372, 0xD372, 0xD372, 0xD372, 0xD372, 0xD372, 0xD372, 0xD372, 0xD372, 0xD372, 0xD372, 0xD372, 0xD372, 0xD372,
    0xD372, 0xD372, 0xD372, 0xD372, 0xD372, 0xD372, 0xD372, 0xD372, 0xD372, 0xD372, 0xD372, 0xD372, 0xD372, 0xD372, 0xD372, 0xD372,
    0xD372, 0xD372, 0xD372, 0xD372, 0xD372, 0xD372, 0xD372, 0xD372, 0xD372, 0xD372, 0xD372, 0xD372, 0xD372, 0xD372, 0xD372, 0xD372,
    0xD372, 0xD372, 0xD372, 0xD372, 0xD372, 0xD372, 0xD372, 0xD372, 0xD372, 0xD372, 0xD372, 0xD372, 0xD372, 0xD372, 0xD372, 0xD372,
    0xD372, 0xD372, 0xD372, 0xD372, 0xD372, 0xD372, 0xD372, 0xD372, 0xD372, 0xD372, 0xD372, 0xD372, 0xD372, 0xD372, 0xD372, 0xD372,
    0xD372, 0xD372, 0xD372, 0xD372, 0xD372, 0xD372, 0xD372, 0xD372, 0xD372, 0xD372, 0xD372, 0xD372, 0xD372, 0xD372, 0xD372, 0xD372,
    0xD372, 0xD372, 0xD372, 0xD372, 0xD372, 0xD372, 0xD372, 0xD372, 0xD372, 0xD372, 0xD372, 0xD372, 0xD372, 0xD372, 0xD372, 0xD372,
    0xD372, 0xD372, 0xD372, 0xD372, 0xD372, 0xD372, 0xD372, 0xD372, 0xD372, 0xD372, 0xD372, 0xD372, 0xD372, 0xD372, 0xD372, 0xD372,
    0xD372, 0xD372, 0xD372, 0xD372, 0x8A56, 0x8A56, 0x8A56, 0x8A56, 0x8A56, 0x8A56, 0xD372, 0xD372, 0xD372, 0xD372, 0xD372, 0xD372,
    0xD372, 0xD372, 0xD372, 0xD372, 0xD372, 0xD372, 0xD372, 0xD372, 0xD372, 0xD372, 0xD372, 0xD372, 0xD372, 0xD372, 0xD372, 0xD372,
    0xD372, 0xD372, 0xD372, 0xD372, 0xD372, 0xD372, 0xD372, 0xD372, 0xD372, 0xD372, 0xD372, 0xD372, 0xD372, 0xD372, 0xD372, 0xD372,
    0xD372, 0xD372, 0xD372, 0xD372, 0xD372, 0xD372, 0xD372, 0xD372, 0xD372, 0xD372, 0xD372, 0xD372, 0xD372, 0xD372, 0xD372, 0xD372,
    0xD372, 0xD372, 0xD372, 0xD372, 0xD372, 0xD372, 0xD372, 0xD372, 0xD372, 0xD372, 0xD372, 0xD372, 0xD372, 0xD372, 0xD372, 0xD372,
    0xD372, 0xD372, 0xD372, 0xD372, 0xD372, 0xD372, 0xD372, 0xD372, 0xD372, 0xD372, 0xD372, 0xD372, 0xD372, 0xD372, 0xD372, 0xD372,
    0xD372, 0xD372, 0xD372, 0xD372, 0xD372, 0xD372, 0xD372, 0xD372, 0xD372, 0xD372, 0xD372, 0xD372, 0xD372, 0xD372, 0xD372, 0xD372,
    0xD372, 0xD372, 0xD372, 0xD372, 0xD372, 0xD372, 0xD372, 0xD372, 0xD372, 0xD372, 0xD372, 0xD372, 0xD372, 0xD372, 0xD372, 0xD372,
    0xD372, 0xD372, 0xD372, 0xD372, 0xD372, 0xD372, 0xD372, 0xD372, 0xD372, 0xD372, 0xD372, 0xD372, 0xD372, 0xD372, 0xD372, 0xD372,
    0xD372, 0xD372, 0xD372, 0xD372, 0xD372, 0xD372, 0xD372, 0xD372, 0xD372, 0xD372, 0xD372, 0xD372, 0xD372, 0xD372, 0xD372, 0xD372,
    0xD372, 0xD372, 0xD372, 0xD372, 0xD372, 0xD372, 0xD372, 0xD372, 0xD372, 0xD372, 0xD372, 0xD372, 0xD372, 0xD372, 0xD372, 0xD372,
    0xD372, 0xD372, 0xD372, 0xD372, 0xD372, 0xD372, 0xD372, 0xD372, 0xD372, 0xD372, 0xD372, 0xD372, 0xD372, 0xD372, 0xD372, 0xD372,
    0xD372, 0xD372, 0xD372, 0xD372, 0xD372, 0xD372, 0xD372, 0xD372, 0xD372, 0xD372, 0xD372, 0xD372, 0xD372, 0xD372, 0xD372, 0xD372,
    0xD372, 0xD372, 0xD372, 0xD372, 0xD372, 0xD372, 0xD372, 0xD372, 0xD372, 0xD372, 0xD372, 0xD372, 0xD372, 0xD372, 0xD372, 0xD372,
    0xD372, 0xD372, 0xD372, 0xD372, 0xD372, 0xD372, 0xD372, 0xD372, 0xD372, 0xD372, 0xD372, 0xD372, 0xD372, 0xD372, 0xD372, 0xD372,
    0xD372, 0xD372, 0xD372, 0xD372, 0x8A56, 0x8A56, 0x8A56, 0x8A56, 0x8A56, 0x8A56, 0xD372, 0xD372, 0xD372, 0xD372, 0xD372, 0xD372,
    0xD372, 0xD372, 0xD372, 0xD372, 0xD372, 0xD372, 0xD372, 0xD372, 0xD372, 0xD372, 0xD372, 0xD372, 0xD372, 0xD372, 0xD372, 0xD372,
    0xD372, 0xD372, 0xD372, 0xD372, 0xD372, 0xD372, 0xD372, 0xD372, 0xD372, 0xD372, 0xD372, 0xD372, 0xD372, 0xD372, 0xD372, 0xD372,
    0xD372, 0xD372, 0xD372, 0xD372, 0xD372, 0xD372, 0xD372, 0xD372, 0xD372, 0xD372, 0xD372, 0xD372, 0xD372, 0xD372, 0xD372, 0xD372,
    0xD372, 0xD372, 0xD372, 0xD372, 0xD372, 0xD372, 0xD372, 0xD372, 0xD372, 0xD372, 0xD372, 0xD372, 0xD372, 0xD372, 0xD372, 0xD372,
    0xD372, 0xD372, 0xD372, 0xD372, 0xD372, 0xD372, 0xD372, 0xD372, 0xD372, 0xD372, 0xD372, 0xD372, 0xD372, 0xD372, 0xD372, 0xD372,
    0xD372, 0xD372, 0xD372, 0xD372, 0xD372, 0xD372, 0xD372, 0xD372, 0xD372, 0xD372, 0xD372, 0xD372, 0xD372, 0xD372, 0xD372, 0xD372,
    0xD372, 0xD372, 0xD372, 0xD372, 0xD372, 0xD372, 0xD372, 0xD372, 0xD372, 0xD372, 0xD372, 0xD372, 0xD372, 0xD372, 0xD372, 0xD372,
    0xD372, 0xD372, 0xD372, 0xD372, 0xD372, 0xD372, 0xD372, 0xD372, 0xD372, 0xD372, 0xD372, 0xD372, 0xD372, 0xD372, 0xD372, 0xD372,
    0xD372, 0xD372, 0xD372, 0xD372, 0xD372, 0xD372, 0xD372, 0xD372, 0xD372, 0xD372, 0xD372, 0xD372, 0xD372, 0xD372, 0xD372, 0xD372,
    0xD372, 0xD372, 0xD372, 0xD372, 0xD372, 0xD372, 0xD372, 0xD372, 0xD372, 0xD372, 0xD372, 0xD372, 0xD372, 0xD372, 0xD372, 0xD372,
    0xD372, 0xD372, 0xD372, 0xD372, 0xD372, 0xD372, 0xD372, 0xD372, 0xD372, 0xD372, 0xD372, 0xD372, 0xD372, 0xD372, 0xD372, 0xD372,
    0xD372, 0xD372, 0xD372, 0xD372, 0xD372, 0xD372, 0xD372, 0xD372, 0xD372, 0xD372, 0xD372, 0xD372, 0xD372, 0xD372, 0xD372, 0xD372,
    0xD372, 0xD372, 0xD372, 0xD372, 0xD372, 0xD372, 0xD372, 0xD372, 0xD372, 0xD372, 0xD372, 0xD372, 0xD372, 0xD372, 0xD372, 0xD372,
    0xD372, 0xD372, 0xD372, 0xD372, 0xD372, 0xD372, 0xD372, 0xD372, 0xD372, 0xD372, 0xD372, 0xD372, 0xD372, 0xD372, 0xD372, 0xD372,
    0xD372, 0xD372, 0xD372, 0xD372, 0xD372, 0xD372, 0x8A56, 0x8A56, 0xD372, 0xD372, 0xD372, 0xD372, 0xD372, 0xD372, 0xD372, 0xD372,
    0xD372, 0xD372, 0xD372, 0xD372, 0xD372, 0xD372, 0xD372, 0xD372, 0xD372, 0xD372, 0xD372, 0xD372, 0xD372, 0xD372, 0xD372, 0xD372,
    0xD372, 0xD372, 0xD372, 0xD372, 0xD372, 0xD372, 0xD372, 0xD372, 0xD372, 0xD372, 0xD372, 0xD372, 0xD372, 0xD372, 0xD372, 0xD372,
    0xD372, 0xD372, 0xD372, 0xD372, 0xD372, 0xD372, 0xD372, 0xD372, 0xD372, 0xD372, 0xD372, 0xD372, 0xD372, 0xD372, 0xD372, 0xD372,
    0xD372, 0xD372, 0xD372, 0xD372, 0xD372, 0xD372, 0xD372, 0xD372, 0xD372, 0xD372, 0xD372, 0xD372, 0xD372, 0xD372, 0xD372, 0xD372,
    0xD372, 0xD372, 0xD372, 0xD372, 0xD372, 0xD372, 0xD372, 0xD372, 0xD372, 0xD372, 0xD372, 0xD372, 0xD372, 0xD372, 0xD372, 0xD372,
    0xD372, 0xD372, 0xD372, 0xD372, 0xD372, 0xD372, 0xD372, 0xD372, 0xD372, 0xD372, 0xD372, 0xD372, 0xD372, 0xD372, 0xD372, 0xD372,
    0xD372, 0xD372, 0xD372, 0xD372, 0xD372, 0xD372, 0xD372, 0xD372, 0xD372, 0xD372, 0xD372, 0xD372, 0xD372, 0xD372, 0xD372, 0xD372,
    0xD372, 0xD372, 0xD372, 0xD372, 0xD372, 0xD372, 0xD372, 0xD372, 0xD372, 0xD372, 0xD372, 0xD372, 0xD372, 0xD372, 0xD372, 0xD372,
    0xD372, 0xD372, 0xD372, 0xD372, 0xD372, 0xD372, 0xD372, 0xD372, 0xD372, 0xD372, 0xD372, 0xD372, 0xD372, 0xD372, 0xD372, 0xD372,
    0xD372, 0xD372, 0xD372, 0xD372, 0xD372, 0xD372, 0xD372, 0xD372, 0xD372, 0xD372, 0xD372, 0xD372, 0xD372, 0xD372, 0xD372, 0xD372,
    0xD372, 0xD372, 0xD372, 0xD372, 0xD372, 0xD372, 0xD372, 0xD372, 0xD372, 0xD372, 0xD372, 0xD372, 0xD372, 0xD372, 0xD372, 0xD372,
    0xD372, 0xD372, 0xD372, 0xD372, 0xD372, 0xD372, 0xD372, 0xD372, 0xD372, 0xD372, 0xD372, 0xD372, 0xD372, 0xD372, 0xD372, 0xD372,
    0xD372, 0xD372, 0xD372, 0xD372, 0xD372, 0xD372, 0xD372, 0xD372, 0xD372, 0xD372, 0xD372, 0xD372, 0xD372, 0xD372, 0xD372, 0xD372,
    0xD372, 0xD372, 0xD372, 0xD372, 0xD372, 0xD372, 0xD372, 0xD372, 0xD372, 0xD372, 0xD372, 0xD372, 0xD372, 0xD372, 0xD372, 0xD372,
    0xD372, 0xD372, 0xD372, 0xD372, 0xD372, 0xD372, 0x8A56, 0x8A56, 0xD372, 0xD372, 0xD372, 0xD372, 0xD372, 0xD372, 0xD372, 0xD372,
    0xD372, 0xD372, 0xD372, 0xD372, 0xD372, 0xD372, 0xD372, 0xD372, 0xD372, 0xD372, 0xD372, 0xD372, 0xD372, 0xD372, 0xD372, 0xD372,
    0xD372, 0xD372, 0xD372, 0xD372, 0xD372, 0xD372, 0xD372, 0xD372, 0xD372, 0xD372, 0xD372, 0xD372, 0xD372, 0xD372, 0xD372, 0xD372,
    0xD372, 0xD372, 0xD372, 0xD372, 0xD372, 0xD372, 0xD372, 0xD372, 0xD372, 0xD372, 0xD372, 0xD372, 0xD372, 0xD372, 0xD372, 0xD372,
    0xD372, 0xD372, 0xD372, 0xD372, 0xD372, 0xD372, 0xD372, 0xD372, 0xD372, 0xD372, 0xD372, 0xD372, 0xD372, 0xD372, 0xD372, 0xD372,
    0xD372, 0xD372, 0xD372, 0xD372, 0xD372, 0xD372, 0xD372, 0xD372, 0xD372, 0xD372, 0xD372, 0xD372, 0xD372, 0xD372, 0xD372, 0xD372,
    0xD372, 0xD372, 0xD372, 0xD372, 0xD372, 0xD372, 0xD372, 0xD372, 0xD372, 0xD372, 0xD372, 0xD372, 0xD372, 0xD372, 0xD372, 0xD372,
    0xD372, 0xD372, 0xD372, 0xD372, 0xD372, 0xD372, 0xD372, 0xD372, 0xD372, 0xD372, 0xD372, 0xD372, 0xD372, 0xD372, 0xD372, 0xD372,
    0xD372, 0xD372, 0xD372, 0xD372, 0xD372, 0xD372, 0xD372, 0xD372, 0xD372, 0xD372, 0xD372, 0xD372, 0xD372, 0xD372, 0xD372, 0xD372,
    0xD372, 0xD372, 0xD372, 0xD372, 0xD372, 0xD372, 0xD372, 0xD372, 0xD372, 0xD372, 0xD372, 0xD372, 0xD372, 0xD372, 0xD372, 0xD372,
    0xD372, 0xD372, 0xD372, 0xD372, 0xD372, 0xD372, 0xD372, 0xD372, 0xD372, 0xD372, 0xD372, 0xD372, 0xD372, 0xD372, 0xD372, 0xD372,
    0xD372, 0xD372, 0xD372, 0xD372, 0xD372, 0xD372, 0xD372, 0xD372, 0xD372, 0xD372, 0xD372, 0xD372, 0xD372, 0xD372, 0xD372, 0xD372,
    0xD372, 0xD372, 0xD372, 0xD372, 0xD372, 0xD372, 0xD372, 0xD372, 0xD372, 0xD372, 0xD372, 0xD372, 0xD372, 0xD372, 0xD372, 0xD372,
    0xD372, 0xD372, 0xD372, 0xD372, 0xD372, 0xD372, 0xD372, 0xD372, 0xD372, 0xD372, 0xD372, 0xD372, 0xD372, 0xD372, 0xD372, 0xD372,
    0xD372, 0xD372, 0xD372, 0xD372, 0xD372, 0xD372, 0xD372, 0xD372, 0xD372, 0xD372, 0xD372, 0xD372, 0xD372, 0xD372, 0xD372, 0xD372,
    0xD372, 0xD372, 0xD372, 0xD372, 0xD372, 0xD372, 0xD372, 0xD372, 0xD372, 0xD372, 0xD372, 0xD372, 0xD372, 0xD372, 0xD372, 0xD372,
    0xD372, 0xD372, 0xD372, 0xD372, 0xD372, 0xD372, 0xD372, 0xD372, 0xD372, 0xD372, 0xD372, 0xD372, 0xD372, 0xD372, 0xD372, 0xD372,
    0xD372, 0xD372, 0xD372, 0xD372, 0xD372, 0xD372, 0xD372, 0xD372, 0xD372, 0xD372, 0xD372, 0xD372, 0xD372, 0xD372, 0xD372, 0xD372,
    0xD372, 0xD372, 0xD372, 0xD372, 0xD372, 0xD372, 0xD372, 0xD372, 0xD372, 0xD372, 0xD372, 0xD372, 0xD372, 0xD372, 0xD372, 0xD372,
    0xD372, 0xD372, 0xD372, 0xD372, 0xD372, 0xD372, 0xD372, 0xD372, 0xD372, 0xD372, 0xD372, 0xD372, 0xD372, 0xD372, 0xD372, 0xD372,
    0xD372, 0xD372, 0xD372, 0xD372, 0xD372, 0xD372, 0xD372, 0xD372, 0xD372, 0xD372, 0xD372, 0xD372, 0xD372, 0xD372, 0xD372, 0xD372,
    0xD372, 0xD372, 0xD372, 0xD372, 0xD372, 0xD372, 0xD372, 0xD372, 0xD372, 0xD372, 0xD372, 0xD372, 0xD372, 0xD372, 0xD372, 0xD372,
    0xD372, 0xD372, 0xD372, 0xD372, 0xD372, 0xD372, 0xD372, 0xD372, 0xD372, 0xD372, 0xD372, 0xD372, 0xD372, 0xD372, 0xD372, 0xD372,
    0xD372, 0xD372, 0xD372, 0xD372, 0xD372, 0xD372, 0xD372, 0xD372, 0xD372, 0xD372, 0xD372, 0xD372, 0xD372, 0xD372, 0xD372, 0xD372,
    0xD372, 0xD372, 0xD372, 0xD372, 0xD372, 0xD372, 0xD372, 0xD372, 0xD372, 0xD372, 0xD372, 0xD372, 0xD372, 0xD372, 0xD372, 0xD372,
    0xD372, 0xD372, 0xD372, 0xD372, 0xD372, 0xD372, 0xD372, 0xD372, 0xD372, 0xD372, 0xD372, 0xD372, 0xD372, 0xD372, 0xD372, 0xD372,
    0xD372, 0xD372, 0xD372, 0xD372, 0xD372, 0xD372, 0xD372, 0xD372, 0xD372, 0xD372, 0xD372, 0xD372, 0xD372, 0xD372, 0xD372, 0xD372,
    0xD372, 0xD372, 0xD372, 0xD372, 0xD372, 0xD372, 0xD372, 0xD372, 0xD372, 0xD372, 0xD372, 0xD372, 0xD372, 0xD372, 0xD372, 0xD372,
    0xD372, 0xD372, 0xD372, 0xD372, 0xD372, 0xD372, 0xD372, 0xD372, 0xD372, 0xD372, 0xD372, 0xD372, 0xD372, 0xD372, 0xD372, 0xD372,
    0xD372, 0xD372, 0xD372, 0xD372, 0xD372, 0xD372, 0xD372, 0xD372, 0xD372, 0xD372, 0xD372, 0xD372, 0xD372, 0xD372, 0xD372, 0xD372,
    0xD372, 0xD372, 0xD372, 0xD372, 0xD372, 0xD372, 0xD372, 0xD372, 0xD372, 0xD372, 0xD372, 0xD372, 0xD372, 0xD372, 0xD372, 0xD372,
    0xD372, 0xD372, 0xD372, 0xD372, 0xD372, 0xD372, 0xD372, 0xD372, 0xD372, 0xD372, 0xD372, 0xD372, 0xD372, 0xD372, 0xD372, 0xD372,
    0xD372, 0xD372, 0xD372, 0xD372, 0xD372, 0xD372, 0xD372, 0xD372, 0xD372, 0xD372, 0xD372, 0xD372, 0xD372, 0xD372, 0xD372, 0xD372,
    0xD372, 0xD372, 0xD372, 0xD372, 0xD372, 0xD372, 0xD372, 0xD372, 0xD372, 0xD372, 0xD372, 0xD372, 0xD372, 0xD372, 0xD372, 0xD372,
    0xD372, 0xD372, 0xD372, 0xD372, 0xD372, 0xD372, 0xD372, 0xD372, 0xD372, 0xD372, 0xD372, 0xD372, 0xD372, 0xD372, 0xD372, 0xD372,
    0xD372, 0xD372, 0xD372, 0xD372, 0xD372, 0xD372, 0xD372, 0xD372, 0xD372, 0xD372, 0xD372, 0xD372, 0xD372, 0xD372, 0xD372, 0xD372,
    0xD372, 0xD372, 0xD372, 0xD372, 0xD372, 0xD372, 0xD372, 0xD372, 0xD372, 0xD372, 0xD372, 0xD372, 0xD372, 0xD372, 0xD372, 0xD372,
    0xD372, 0xD372, 0xD372, 0xD372, 0xD372, 0xD372, 0xD372, 0xD372, 0xD372, 0xD372, 0xD372, 0xD372, 0xD372, 0xD372, 0xD372, 0xD372,
    0xD372, 0xD372, 0xD372, 0xD372, 0xD372, 0xD372, 0xD372, 0xD372, 0xD372, 0xD372, 0xD372, 0xD372, 0xD372, 0xD372, 0xD372, 0xD372,
    0xD372, 0xD372, 0xD372, 0xD372, 0xD372, 0xD372, 0xD372, 0xD372, 0xD372, 0xD372, 0xD372, 0xD372, 0xD372, 0xD372, 0xD372, 0xD372,
    0xD372, 0xD372, 0xD372, 0xD372, 0xD372, 0xD372, 0xD372, 0xD372, 0xD372, 0xD372, 0xD372, 0xD372, 0xD372, 0xD372, 0xD372, 0xD372,
    0xD372, 0xD372, 0xD372, 0xD372, 0xD372, 0xD372, 0xD372, 0xD372, 0xD372, 0xD372, 0xD372, 0xD372, 0xD372, 0xD372, 0xD372, 0xD372,
    0xD372, 0xD372, 0xD372, 0xD372, 0xD372, 0xD372, 0xD372, 0xD372, 0xD372, 0xD372, 0xD372, 0xD372, 0xD372, 0xD372, 0xD372, 0xD372,
    0xD372, 0xD372, 0xD372, 0xD372, 0xD372, 0xD372, 0xD372, 0xD372, 0xD372, 0xD372, 0xD372, 0xD372, 0xD372, 0xD372, 0xD372, 0xD372,
    0xD372, 0xD372, 0xD372, 0xD372, 0xD372, 0xD372, 0xD372, 0xD372, 0xD372, 0xD372, 0xD372, 0xD372, 0xD372, 0xD372, 0xD372, 0xD372,
    0xD372, 0xD372, 0xD372, 0xD372, 0xD372, 0xD372, 0xD372, 0xD372, 0xD372, 0xD372, 0xD372, 0xD372, 0xD372, 0xD372, 0xD372, 0xD372,
    0xD372, 0xD372, 0xD372, 0xD372, 0xD372, 0xD372, 0xD372, 0xD372, 0xD372, 0xD372, 0xD372, 0xD372, 0xD372, 0xD372, 0xD372, 0xD372,
    0xD372, 0xD372, 0xD372, 0xD372, 0xD372, 0xD372, 0xD372, 0xD372, 0xD372, 0xD372, 0xD372, 0xD372, 0xD372, 0xD372, 0xD372, 0xD372,
    0xD372, 0xD372, 0xD372, 0xD372, 0xD372, 0xD372, 0xD372, 0xD372, 0xD372, 0xD372, 0xD372, 0xD372, 0xD372, 0xD372, 0xD372, 0xD372,
    0xD372, 0xD372, 0xD372, 0xD372, 0xD372, 0xD372, 0xD372, 0xD372, 0xD372, 0xD372, 0xD372, 0xD372, 0xD372, 0xD372, 0xD372, 0xD372,
    0xD372, 0xD372, 0xD372, 0xD372, 0xD372, 0xD372, 0xD372, 0xD372, 0xD372, 0xD372, 0xD372, 0xD372, 0xD372, 0xD372, 0xD372, 0xD372,
    0xD372, 0xD372, 0xD372, 0xD372, 0xD372, 0xD372, 0xD372, 0xD372, 0xD372, 0xD372, 0xD372, 0xD372, 0xD372, 0xD372, 0xD372, 0xD372,
    0xD372, 0xD372, 0xD372, 0xD372, 0xD372, 0xD372, 0xD372, 0xD372, 0xD372, 0xD372, 0xD372, 0xD372, 0xD372, 0xD372, 0xD372, 0xD372,
    0xD372, 0xD372, 0xD372, 0xD372, 0xD372, 0xD372, 0xD372, 0xD372, 0xD372, 0xD372, 0xD372, 0xD372, 0xD372, 0xD372, 0xD372, 0xD372,
    0xD372, 0xD372, 0xD372, 0xD372, 0xD372, 0xD372, 0xD372, 0xD372, 0xD372, 0xD372, 0xD372, 0xD372, 0xD372, 0xD372, 0xD372, 0xD372,
    0xD372, 0xD372, 0xD372, 0xD372, 0xD372, 0xD372, 0xD372, 0xD372, 0xD372, 0xD372, 0xD372, 0xD372, 0xD372, 0xD372, 0xD372, 0xD372,
    0xD372, 0xD372, 0xD372, 0xD372, 0xD372, 0xD372, 0xD372, 0xD372, 0xD372, 0xD372, 0xD372, 0xD372, 0xD372, 0xD372, 0xD372, 0xD372,
    0xD372, 0xD372, 0xD372, 0xD372, 0xD372, 0xD372, 0xD372, 0xD372, 0xD372, 0xD372, 0xD372, 0xD372, 0xD372, 0xD372, 0xD372, 0xD372,
    0xD372, 0xD372, 0xD372, 0xD372, 0xD372, 0xD372, 0xD372, 0xD372, 0xD372, 0xD372, 0xD372, 0xD372, 0xD372, 0xD372, 0xD372, 0xD372,
    0xD372, 0xD372, 0xD372, 0xD372, 0xD372, 0xD372, 0xD372, 0xD372, 0xD372, 0xD372, 0xD372, 0xD372, 0xD372, 0xD372, 0xD372, 0xD372,
    0xD372, 0xD372, 0xD372, 0xD372, 0xD372, 0xD372, 0xD372, 0xD372, 0xD372, 0xD372, 0xD372, 0xD372, 0xD372, 0xD372, 0xD372, 0xD372,
    0xD372, 0xD372, 0xD372, 0xD372, 0xD372, 0xD372, 0xD372, 0xD372, 0xD372, 0xD372, 0xD372, 0xD372, 0xD372, 0xD372, 0xD372, 0xD372,
    0xD372, 0xD372, 0xD372, 0xD372, 0xD372, 0xD372, 0xD372, 0xD372, 0xD372, 0xD372, 0xD372, 0xD372, 0xD372, 0xD372, 0xD372, 0xD372,
    0xD372, 0xD372, 0xD372, 0xD372, 0xD372, 0xD372, 0xD372, 0xD372, 0xD372, 0xD372, 0xD372, 0xD372, 0xD372, 0xD372, 0xD372, 0xD372,
    0xD372, 0xD372, 0xD372, 0xD372, 0xD372, 0xD372, 0xD372, 0xD372, 0xD372, 0xD372, 0xD372, 0xD372, 0xD372, 0xD372, 0xD372, 0xD372,
    0xD372, 0xD372, 0xD372, 0xD372, 0xD372, 0xD372, 0xD372, 0xD372, 0xD372, 0xD372, 0xD372, 0xD372, 0xD372, 0xD372, 0xD372, 0xD372,
    0xD372, 0xD372, 0xD372, 0xD372, 0xD372, 0xD372, 0xD372, 0xD372, 0xD372, 0xD372, 0xD372, 0xD372, 0xD372, 0xD372, 0xD372, 0xD372,
    0xD372, 0xD372, 0xD372, 0xD372, 0xD372, 0xD372, 0xD372, 0xD372, 0xD372, 0xD372, 0xD372, 0xD372, 0xD372, 0xD372, 0xD372, 0xD372,
    0xD372, 0xD372, 0xD372, 0xD372, 0xD372, 0xD372, 0xD372, 0xD372, 0xD372, 0xD372, 0xD372, 0xD372, 0xD372, 0xD372, 0xD372, 0xD372,
    0xD372, 0xD372, 0xD372, 0xD372, 0xD372, 0xD372, 0xD372, 0xD372, 0xD372, 0xD372, 0xD372, 0xD372, 0xD372, 0xD372, 0xD372, 0xD372,
    0xD372, 0xD372, 0xD372, 0xD372, 0xD372, 0xD372, 0xD372, 0xD372, 0xD372, 0xD372, 0xD372, 0xD372, 0xD372, 0xD372, 0xD372, 0xD372,
    0xD372, 0xD372, 0xD372, 0xD372, 0xD372, 0xD372, 0xD372, 0xD372, 0xD372, 0xD372, 0xD372, 0xD372, 0xD372, 0xD372, 0xD372, 0xD372,
    0xD372, 0xD372, 0xD372, 0xD372, 0xD372, 0xD372, 0xD372, 0xD372, 0xD372, 0xD372, 0xD372, 0xD372, 0xD372, 0xD372, 0xD372, 0xD372,
    0xD372, 0xD372, 0xD372, 0xD372, 0xD372, 0xD372, 0xD372, 0xD372, 0xD372, 0xD372, 0xD372, 0xD372, 0xD372, 0xD372, 0xD372, 0xD372,
    0xD372, 0xD372, 0xD372, 0xD372, 0xD372, 0xD372, 0xD372, 0xD372, 0xD372, 0xD372, 0xD372, 0xD372, 0xD372, 0xD372, 0xD372, 0xD372,
    0xD372, 0xD372, 0xD372, 0xD372, 0xD372, 0xD372, 0xD372, 0xD372, 0xD372, 0xD372, 0xD372, 0xD372, 0xD372, 0xD372, 0xD372, 0xD372,
    0xD372, 0xD372, 0xD372, 0xD372, 0xD372, 0xD372, 0xD372, 0xD372, 0xD372, 0xD372, 0xD372, 0xD372, 0xD372, 0xD372, 0xD372, 0xD372,
    0xD372, 0xD372, 0xD372, 0xD372, 0xD372, 0xD372, 0xD372, 0xD372, 0xD372, 0xD372, 0xD372, 0xD372, 0xD372, 0xD372, 0xD372, 0xD372,
    0xD372, 0xD372, 0xD372, 0xD372, 0xD372, 0xD372, 0xD372, 0xD372, 0xD372, 0xD372, 0xD372, 0xD372, 0xD372, 0xD372, 0xD372, 0xD372,
    0xD372, 0xD372, 0xD372, 0xD372, 0xD372, 0xD372, 0xD372, 0xD372, 0xD372, 0xD372, 0xD372, 0xD372, 0xD372, 0xD372, 0xD372, 0xD372,
    0xD372, 0xD372, 0xD372, 0xD372, 0xD372, 0xD372, 0xD372, 0xD372, 0xD372, 0xD372, 0xD372, 0xD372, 0xD372, 0xD372, 0xD372, 0xD372,
    0xD372, 0xD372, 0xD372, 0xD372, 0xD372, 0xD372, 0xD372, 0xD372, 0xD372, 0xD372, 0xD372, 0xD372, 0xD372, 0xD372, 0xD372, 0xD372,
    0xD372, 0xD372, 0xD372, 0xD372, 0xD372, 0xD372, 0xD372, 0xD372, 0xD372, 0xD372, 0xD372, 0xD372, 0xD372, 0xD372, 0xD372, 0xD372,
    0xD372, 0xD372, 0xD372, 0xD372, 0xD372, 0xD372, 0xD372, 0xD372, 0xD372, 0xD372, 0xD372, 0xD372, 0xD372, 0xD372, 0xD372, 0xD372,
    0xD372, 0xD372, 0xD372, 0xD372, 0xD372, 0xD372, 0xD372, 0xD372, 0xD372, 0xD372, 0xD372, 0xD372, 0xD372, 0xD372, 0xD372, 0xD372,
    0xD372, 0xD372, 0xD372, 0xD372, 0xD372, 0xD372, 0xD372, 0xD372, 0xD372, 0xD372, 0xD372, 0xD372, 0xD372, 0xD372, 0xD372, 0xD372,
    0xD372, 0xD372, 0xD372, 0xD372, 0xD372, 0xD372, 0xD372, 0xD372, 0xD372, 0xD372, 0xD372, 0xD372, 0xD372, 0xD372, 0xD372, 0xD372,
    0xD372, 0xD372, 0xD372, 0xD372, 0xD372, 0xD372, 0xD372, 0xD372, 0xD372, 0xD372, 0xD372, 0xD372, 0xD372, 0xD372, 0xD372, 0xD372,
    0xD372, 0xD372, 0xD372, 0xD372, 0xD372, 0xD372, 0xD372, 0xD372, 0xD372, 0xD372, 0xD372, 0xD372, 0xD372, 0xD372, 0xD372, 0xD372,
    0xD372, 0xD372, 0xD372, 0xD372, 0xD372, 0xD372, 0xD372, 0xD372, 0xD372, 0xD372, 0xD372, 0xD372, 0xD372, 0xD372, 0xD372, 0xD372,
    0xD372, 0xD372, 0xD372, 0xD372, 0xD372, 0xD372, 0xD372, 0xD372, 0xD372, 0xD372, 0xD372, 0xD372, 0xD372, 0xD372, 0xD372, 0xD372,
    0xD372, 0xD372, 0xD372, 0xD372, 0xD372, 0xD372, 0xD372, 0xD372, 0xD372, 0xD372, 0xD372, 0xD372, 0xD372, 0xD372, 0xD372, 0xD372,
    0xD372, 0xD372, 0xD372, 0xD372, 0xD372, 0xD372, 0xD372, 0xD372, 0xD372, 0xD372, 0xD372, 0xD372, 0xD372, 0xD372, 0xD372, 0xD372,
    0xD372, 0xD372, 0xD372, 0xD372, 0xD372, 0xD372, 0xD372, 0xD372, 0xD372, 0xD372, 0xD372, 0xD372, 0xD372, 0xD372, 0xD372, 0xD372,
    0xD372, 0xD372, 0xD372, 0xD372, 0xD372, 0xD372, 0xD372, 0xD372, 0xD372, 0xD372, 0xD372, 0xD372, 0xD372, 0xD372, 0xD372, 0xD372,
    0xD372, 0xD372, 0xD372, 0xD372, 0xD372, 0xD372, 0xD372, 0xD372, 0xD372, 0xD372, 0xD372, 0xD372, 0xD372, 0xD372, 0xD372, 0xD372,
    0xD372, 0xD372, 0xD372, 0xD372, 0xD372, 0xD372, 0xD372, 0xD372, 0xD372, 0xD372, 0xD372, 0xD372, 0xD372, 0xD372, 0xD372, 0xD372,
    0xD372, 0xD372, 0xD372, 0xD372, 0xD372, 0xD372, 0xD372, 0xD372, 0xD372, 0xD372, 0xD372, 0xD372, 0xD372, 0xD372, 0xD372, 0xD372,
    0xD372, 0xD372, 0xD372, 0xD372, 0xD372, 0xD372, 0xD372, 0xD372, 0xD372, 0xD372, 0xD372, 0xD372, 0xD372, 0xD372, 0xD372, 0xD372,
    0xD372, 0xD372, 0xD372, 0xD372, 0xD372, 0xD372, 0xD372, 0xD372, 0xD372, 0xD372, 0xD372, 0xD372, 0xD372, 0xD372, 0xD372, 0xD372,
    0xD372, 0xD372, 0xD372, 0xD372, 0xD372, 0xD372, 0xD372, 0xD372, 0xD372, 0xD372, 0xD372, 0xD372, 0xD372, 0xD372, 0xD372, 0xD372,
    0xD372, 0xD372, 0xD372, 0xD372, 0xD372, 0xD372, 0xD372, 0xD372, 0xD372, 0xD372, 0xD372, 0xD372, 0xD372, 0xD372, 0xD372, 0xD372,
    0xD372, 0xD372, 0xD372, 0xD372, 0xD372, 0xD372, 0xD372, 0xD372, 0xD372, 0xD372, 0xD372, 0xD372, 0xD372, 0xD372, 0xD372, 0xD372,
    0xD372, 0xD372, 0xD372, 0xD372, 0xD372, 0xD372, 0xD372, 0xD372, 0xD372, 0xD372, 0xD372, 0xD372, 0xD372, 0xD372, 0xD372, 0xD372,
    0xD372, 0xD372, 0xD372, 0xD372, 0xD372, 0xD372, 0xD372, 0xD372, 0xD372, 0xD372, 0xD372, 0xD372, 0xD372, 0xD372, 0xD372, 0xD372,
    0xD372, 0xD372, 0xD372, 0xD372, 0xD372, 0xD372, 0xD372, 0xD372, 0xD372, 0xD372, 0xD372, 0xD372, 0xD372, 0xD372, 0xD372, 0xD372,
    0xD372, 0xD372, 0xD372, 0xD372, 0xD372, 0xD372, 0xD372, 0xD372, 0xD372, 0xD372, 0xD372, 0xD372, 0xD372, 0xD372, 0xD372, 0xD372,
    0xD372, 0xD372, 0xD372, 0xD372, 0xD372, 0xD372, 0xD372, 0xD372, 0xD372, 0xD372, 0xD372, 0xD372, 0xD372, 0xD372, 0xD372, 0xD372,
    0xD372, 0xD372, 0xD372, 0xD372, 0xD372, 0xD372, 0xD372, 0xD372, 0xD372, 0xD372, 0xD372, 0xD372, 0xD372, 0xD372, 0xD372, 0xD372,
    0xD372, 0xD372, 0xD372, 0xD372, 0xD372, 0xD372, 0xD372, 0xD372, 0xD372, 0xD372, 0xD372, 0xD372, 0xD372, 0xD372, 0xD372, 0xD372,
    0xD372, 0xD372, 0xD372, 0xD372, 0xD372, 0xD372, 0xD372, 0xD372, 0xD372, 0xD372, 0xD372, 0xD372, 0xD372, 0xD372, 0xD372, 0xD372,
    0xD372, 0xD372, 0xD372, 0xD372, 0xD372, 0xD372, 0xD372, 0xD372, 0xD372, 0xD372, 0xD372, 0xD372, 0xD372, 0xD372, 0xD372, 0xD372,
    0xD372, 0xD372, 0xD372, 0xD372, 0xD372, 0xD372, 0xD372, 0xD372, 0xD372, 0xD372, 0xD372, 0xD372, 0xD372, 0xD372, 0xD372, 0xD372,
    0xD372, 0xD372, 0xD372, 0xD372, 0xD372, 0xD372, 0xD372, 0xD372, 0xD372, 0xD372, 0xD372, 0xD372, 0xD372, 0xD372, 0xD372, 0xD372,
    0xD372, 0xD372, 0xD372, 0xD372, 0xD372, 0xD372, 0xD372, 0xD372, 0xD372, 0xD372, 0xD372, 0xD372, 0xD372, 0xD372, 0xD372, 0xD372,
    0xD372, 0xD372, 0xD372, 0xD372, 0xD372, 0xD372, 0xD372, 0xD372, 0xD372, 0xD372, 0xD372, 0xD372, 0xD372, 0xD372, 0xD372, 0xD372,
    0xD372, 0xD372, 0xD372, 0xD372, 0xD372, 0xD372, 0xD372, 0xD372, 0xD372, 0xD372, 0xD372, 0xD372, 0xD372, 0xD372, 0xD372, 0xD372,
    0xD372, 0xD372, 0xD372, 0xD372, 0xD372, 0xD372, 0xD372, 0xD372, 0xD372, 0xD372, 0xD372, 0xD372, 0xD372, 0xD372, 0xD372, 0xD372,
    0xD372, 0xD372, 0xD372, 0xD372, 0xD372, 0xD372, 0xD372, 0xD372, 0xD372, 0xD372, 0xD372, 0xD372, 0xD372, 0xD372, 0xD372, 0xD372,
    0xD372, 0xD372, 0xD372, 0xD372, 0xD372, 0xD372, 0xD372, 0xD372, 0xD372, 0xD372, 0xD372, 0xD372, 0xD372, 0xD372, 0xD372, 0xD372,
    0xD372, 0xD372, 0xD372, 0xD372, 0xD372, 0xD372, 0xD372, 0xD372, 0xD372, 0xD372, 0xD372, 0xD372, 0xD372, 0xD372, 0xD372, 0xD372,
    0xD372, 0xD372, 0xD372, 0xD372, 0xD372, 0xD372, 0xD372, 0xD372, 0xD372, 0xD372, 0xD372, 0xD372, 0xD372, 0xD372, 0xD372, 0xD372,
    0xD372, 0xD372, 0xD372, 0xD372, 0xD372, 0xD372, 0xD372, 0xD372, 0xD372, 0xD372, 0xD372, 0xD372, 0xD372, 0xD372, 0xD372, 0xD372,
    0xD372, 0xD372, 0xD372, 0xD372, 0xD372, 0xD372, 0xD372, 0xD372, 0xD372, 0xD372, 0xD372, 0xD372, 0xD372, 0xD372, 0xD372, 0xD372,
    0xD372, 0xD372, 0xD372, 0xD372, 0xD372, 0xD372, 0xD372, 0xD372, 0xD372, 0xD372, 0xD372, 0xD372, 0xD372, 0xD372, 0xD372, 0xD372,
    0xD372, 0xD372, 0xD372, 0xD372, 0xD372, 0xD372, 0xD372, 0xD372, 0xD372, 0xD372, 0xD372, 0xD372, 0xD372, 0xD372, 0xD372, 0xD372,
    0xD372, 0xD372, 0xD372, 0xD372, 0xD372, 0xD372, 0xD372, 0xD372, 0xD372, 0xD372, 0xD372, 0xD372, 0xD372, 0xD372, 0xD372, 0xD372,
    0xD372, 0xD372, 0xD372, 0xD372, 0xD372, 0xD372, 0xD372, 0xD372, 0xD372, 0xD372, 0xD372, 0xD372, 0xD372, 0xD372, 0xD372, 0xD372,
    0xD372, 0xD372, 0xD372, 0xD372, 0xD372, 0xD372, 0xD372, 0xD372, 0xD372, 0xD372, 0xD372, 0xD372, 0xD372, 0xD372, 0xD372, 0xD372,
    0xD372, 0xD372, 0xD372, 0xD372, 0xD372, 0xD372, 0xD372, 0xD372, 0xD372, 0xD372, 0xD372, 0xD372, 0xD372, 0xD372, 0xD372, 0xD372,
    0xD372, 0xD372, 0xD372, 0xD372, 0xD372, 0xD372, 0xD372, 0xD372, 0xD372, 0xD372, 0xD372, 0xD372, 0xD372, 0xD372, 0xD372, 0xD372,
    0xD372, 0xD372, 0xD372, 0xD372, 0xD372, 0xD372, 0xD372, 0xD372, 0xD372, 0xD372, 0xD372, 0xD372, 0xD372, 0xD372, 0xD372, 0xD372,
    0xD372, 0xD372, 0xD372, 0xD372, 0xD372, 0xD372, 0xD372, 0xD372, 0xD372, 0xD372, 0xD372, 0xD372, 0xD372, 0xD372, 0xD372, 0xD372,
    0xD372, 0xD372, 0xD372, 0xD372, 0xD372, 0xD372, 0xD372, 0xD372, 0xD372, 0xD372, 0xD372, 0xD372, 0xD372, 0xD372, 0xD372, 0xD372,
    0xD372, 0xD372, 0xD372, 0xD372, 0xD372, 0xD372, 0xD372, 0xD372, 0xD372, 0xD372, 0xD372, 0xD372, 0xD372, 0xD372, 0xD372, 0xD372,
    0xD372, 0xD372, 0xD372, 0xD372, 0xD372, 0xD372, 0xD372, 0xD372, 0xD372, 0xD372, 0xD372, 0xD372, 0xD372, 0xD372, 0xD372, 0xD372,
    0xD372, 0xD372, 0xD372, 0xD372, 0xD372, 0xD372, 0xD372, 0xD372, 0xD372, 0xD372, 0xD372, 0xD372, 0xD372, 0xD372, 0xD372, 0xD372,
    0xD372, 0xD372, 0xD372, 0xD372, 0xD372, 0xD372, 0xD372, 0xD372, 0xD372, 0xD372, 0xD372, 0xD372, 0xD372, 0xD372, 0xD372, 0xD372,
    0xD372, 0xD372, 0xD372, 0xD372, 0xD372, 0xD372, 0xD372, 0xD372, 0xD372, 0xD372, 0xD372, 0xD372, 0xD372, 0xD372, 0xD372, 0xD372,
    0xD372, 0xD372, 0xD372, 0xD372, 0xD372, 0xD372, 0xD372, 0xD372, 0xD372, 0xD372, 0xD372, 0xD372, 0xD372, 0xD372, 0xD372, 0xD372,
    0xD372, 0xD372, 0xD372, 0xD372, 0xD372, 0xD372, 0xD372, 0xD372, 0xD372, 0xD372, 0xD372, 0xD372, 0xD372, 0xD372, 0xD372, 0xD372,
    0xD372, 0xD372, 0xD372, 0xD372, 0xD372, 0xD372, 0xD372, 0xD372, 0xD372, 0xD372, 0xD372, 0xD372, 0xD372, 0xD372, 0xD372, 0xD372,
    0xD372, 0xD372, 0xD372, 0xD372, 0xD372, 0xD372, 0xD372, 0xD372, 0xD372, 0xD372, 0xD372, 0xD372, 0xD372, 0xD372, 0xD372, 0xD372,
    0xD372, 0xD372, 0xD372, 0xD372, 0xD372, 0xD372, 0xD372, 0xD372, 0xD372, 0xD372, 0xD372, 0xD372, 0xD372, 0xD372, 0xD372, 0xD372,
    0xD372, 0xD372, 0xD372, 0xD372, 0xD372, 0xD372, 0xD372, 0xD372, 0xD372, 0xD372, 0xD372, 0xD372, 0xD372, 0xD372, 0xD372, 0xD372,
    0xD372, 0xD372, 0xD372, 0xD372, 0xD372, 0xD372, 0xD372, 0xD372, 0xD372, 0xD372, 0xD372, 0xD372, 0xD372, 0xD372, 0xD372, 0xD372,
    0xD372, 0xD372, 0xD372, 0xD372, 0xD372, 0xD372, 0xD372, 0xD372, 0xD372, 0xD372, 0xD372, 0xD372, 0xD372, 0xD372, 0xD372, 0xD372,
    0xD372, 0xD372, 0xD372, 0xD372, 0xD372, 0xD372, 0xD372, 0xD372, 0xD372, 0xD372, 0xD372, 0xD372, 0xD372, 0xD372, 0xD372, 0xD372,
    0xD372, 0xD372, 0xD372, 0xD372, 0xD372, 0xD372, 0xD372, 0xD372, 0xD372, 0xD372, 0xD372, 0xD372, 0xD372, 0xD372, 0xD372, 0xD372,
    0xD372, 0xD372, 0xD372, 0xD372, 0xD372, 0xD372, 0xD372, 0xD372, 0xD372, 0xD372, 0xD372, 0xD372, 0xD372, 0xD372, 0xD372, 0xD372,
    0xD372, 0xD372, 0xD372, 0xD372, 0xD372, 0xD372, 0xD372, 0xD372, 0xD372, 0xD372, 0xD372, 0xD372, 0xD372, 0xD372, 0xD372, 0xD372,
    0xD372, 0xD372, 0xD372, 0xD372, 0xD372, 0xD372, 0xD372, 0xD372, 0xD372, 0xD372, 0xD372, 0xD372, 0xD372, 0xD372, 0xD372, 0xD372,
    0xD372, 0xD372, 0xD372, 0xD372, 0xD372, 0xD372, 0xD372, 0xD372, 0xD372, 0xD372, 0xD372, 0xD372, 0xD372, 0xD372, 0xD372, 0xD372,
    0xD372, 0xD372, 0xD372, 0xD372, 0xD372, 0xD372, 0xD372, 0xD372, 0xD372, 0xD372, 0xD372, 0xD372, 0xD372, 0xD372, 0xD372, 0xD372,
    0xD372, 0xD372, 0xD372, 0xD372, 0xD372, 0xD372, 0xD372, 0xD372, 0xD372, 0xD372, 0xD372, 0xD372, 0xD372, 0xD372, 0xD372, 0xD372,
    0xD372, 0xD372, 0xD372, 0xD372, 0xD372, 0xD372, 0xD372, 0xD372, 0xD372, 0xD372, 0xD372, 0xD372, 0xD372, 0xD372, 0xD372, 0xD372,
    0xD372, 0xD372, 0xD372, 0xD372, 0xD372, 0xD372, 0xD372, 0xD372, 0xD372, 0xD372, 0xD372, 0xD372, 0xD372, 0xD372, 0xD372, 0xD372,
    0xD372, 0xD372, 0xD372, 0xD372, 0xD372, 0xD372, 0xD372, 0xD372, 0xD372, 0xD372, 0xD372, 0xD372, 0xD372, 0xD372, 0xD372, 0xD372,
    0xD372, 0xD372, 0xD372, 0xD372, 0xD372, 0xD372, 0xD372, 0xD372, 0xD372, 0xD372, 0xD372, 0xD372, 0xD372, 0xD372, 0xD372, 0xD372,
    0xD372, 0xD372, 0xD372, 0xD372, 0xD372, 0xD372, 0xD372, 0xD372, 0xD372, 0xD372, 0xD372, 0xD372, 0xD372, 0xD372, 0xD372, 0xD372,
    0xD372, 0xD372, 0xD372, 0xD372, 0xD372, 0xD372, 0xD372, 0xD372, 0xD372, 0xD372, 0xD372, 0xD372, 0xD372, 0xD372, 0xD372, 0xD372,
    0xD372, 0xD372, 0xD372, 0xD372, 0xD372, 0xD372, 0xD372, 0xD372, 0xD372, 0xD372, 0xD372, 0xD372, 0xD372, 0xD372, 0xD372, 0xD372,
    0xD372, 0xD372, 0xD372, 0xD372, 0xD372, 0xD372, 0xD372, 0xD372, 0xD372, 0xD372, 0xD372, 0xD372, 0xD372, 0xD372, 0xD372, 0xD372,
    0xD372, 0xD372, 0xD372, 0xD372, 0xD372, 0xD372, 0xD372, 0xD372, 0xD372, 0xD372, 0xD372, 0xD372, 0xD372, 0xD372, 0xD372, 0xD372,
    0xD372, 0xD372, 0xD372, 0xD372, 0xD372, 0xD372, 0xD372, 0xD372, 0xD372, 0xD372, 0xD372, 0xD372, 0xD372, 0xD372, 0xD372, 0xD372,
    0xD372, 0xD372, 0xD372, 0xD372, 0xD372, 0xD372, 0xD372, 0xD372, 0xD372, 0xD372, 0xD372, 0xD372, 0xD372, 0xD372, 0xD372, 0xD372,
    0xD372, 0xD372, 0xD372, 0xD372, 0xD372, 0xD372, 0xD372, 0xD372, 0xD372, 0xD372, 0xD372, 0xD372, 0xD372, 0xD372, 0xD372, 0xD372,
    0xD372, 0xD372, 0xD372, 0xD372, 0xD372, 0xD372, 0xD372, 0xD372, 0xD372, 0xD372, 0xD372, 0xD372, 0xD372, 0xD372, 0xD372, 0xD372,
    0xD372, 0xD372, 0xD372, 0xD372, 0xD372, 0xD372, 0xD372, 0xD372, 0xD372, 0xD372, 0xD372, 0xD372, 0xD372, 0xD372, 0xD372, 0xD372,
    0xD372, 0xD372, 0xD372, 0xD372, 0xD372, 0xD372, 0xD372, 0xD372, 0xD372, 0xD372, 0xD372, 0xD372, 0xD372, 0xD372, 0xD372, 0xD372,
    0xD372, 0xD372, 0xD372, 0xD372, 0xD372, 0xD372, 0xD372, 0xD372, 0xD372, 0xD372, 0xD372, 0xD372, 0xD372, 0xD372, 0xD372, 0xD372,
    0xD372, 0xD372, 0xD372, 0xD372, 0xD372, 0xD372, 0xD372, 0xD372, 0xD372, 0xD372, 0xD372, 0xD372, 0xD372, 0xD372, 0xD372, 0xD372,
    0xD372, 0xD372, 0xD372, 0xD372, 0xD372, 0xD372, 0xD372, 0xD372, 0xD372, 0xD372, 0xD372, 0xD372, 0xD372, 0xD372, 0xD372, 0xD372,
    0xD372, 0xD372, 0xD372, 0xD372, 0xD372, 0xD372, 0xD372, 0xD372, 0xD372, 0xD372, 0xD372, 0xD372, 0xD372, 0xD372, 0xD372, 0xD372,
    0xD372, 0xD372, 0xD372, 0xD372, 0xD372, 0xD372, 0xD372, 0xD372, 0xD372, 0xD372, 0xD372, 0xD372, 0xD372, 0xD372, 0xD372, 0xD372,
    0xD372, 0xD372, 0xD372, 0xD372, 0xD372, 0xD372, 0xD372, 0xD372, 0xD372, 0xD372, 0xD372, 0xD372, 0xD372, 0xD372, 0xD372, 0xD372,
    0xD372, 0xD372, 0xD372, 0xD372, 0xD372, 0xD372, 0xD372, 0xD372, 0xD372, 0xD372, 0xD372, 0xD372, 0xD372, 0xD372, 0xD372, 0xD372,
    0xD372, 0xD372, 0xD372, 0xD372, 0xD372, 0xD372, 0xD372, 0xD372, 0xD372, 0xD372, 0xD372, 0xD372, 0xD372, 0xD372, 0xD372, 0xD372,
    0xD372, 0xD372, 0xD372, 0xD372, 0xD372, 0xD372, 0xD372, 0xD372, 0xD372, 0xD372, 0xD372, 0xD372, 0xD372, 0xD372, 0xD372, 0xD372,
    0xD372, 0xD372, 0xD372, 0xD372, 0xD372, 0xD372, 0xD372, 0xD372, 0xD372, 0xD372, 0xD372, 0xD372, 0xD372, 0xD372, 0xD372, 0xD372,
    0xD372, 0xD372, 0xD372, 0xD372, 0xD372, 0xD372, 0xD372, 0xD372, 0xD372, 0xD372, 0xD372, 0xD372, 0xD372, 0xD372, 0xD372, 0xD372,
    0xD372, 0xD372, 0xD372, 0xD372, 0xD372, 0xD372, 0xD372, 0xD372, 0xD372, 0xD372, 0xD372, 0xD372, 0xD372, 0xD372, 0xD372, 0xD372,
    0xD372, 0xD372, 0xD372, 0xD372, 0xD372, 0xD372, 0xD372, 0xD372, 0xD372, 0xD372, 0xD372, 0xD372, 0xD372, 0xD372, 0xD372, 0xD372,
    0xD372, 0xD372, 0xD372, 0xD372, 0xD372, 0xD372, 0xD372, 0xD372, 0xD372, 0xD372, 0xD372, 0xD372, 0xD372, 0xD372, 0xD372, 0xD372,
    0xD372, 0xD372, 0xD372, 0xD372, 0xD372, 0xD372, 0xD372, 0xD372, 0xD372, 0xD372, 0xD372, 0xD372, 0xD372, 0xD372, 0xD372, 0xD372,
    0xD372, 0xD372, 0xD372, 0xD372, 0xD372, 0xD372, 0xD372, 0xD372, 0xD372, 0xD372, 0xD372, 0xD372, 0xD372, 0xD372, 0xD372, 0xD372,
    0xD372, 0xD372, 0xD372, 0xD372, 0xD372, 0xD372, 0xD372, 0xD372, 0xD372, 0xD372, 0xD372, 0xD372, 0xD372, 0xD372, 0xD372, 0xD372,
    0xD372, 0xD372, 0xD372, 0xD372, 0xD372, 0xD372, 0xD372, 0xD372, 0xD372, 0xD372, 0xD372, 0xD372, 0xD372, 0xD372, 0xD372, 0xD372,
    0xD372, 0xD372, 0xD372, 0xD372, 0xD372, 0xD372, 0xD372, 0xD372, 0xD372, 0xD372, 0xD372, 0xD372, 0xD372, 0xD372, 0xD372, 0xD372,
    0xD372, 0xD372, 0xD372, 0xD372, 0xD372, 0xD372, 0xD372, 0xD372, 0xD372, 0xD372, 0xD372, 0xD372, 0xD372, 0xD372, 0xD372, 0xD372,
    0xD372, 0xD372, 0xD372, 0xD372, 0xD372, 0xD372, 0xD372, 0xD372, 0xD372, 0xD372, 0xD372, 0xD372, 0xD372, 0xD372, 0xD372, 0xD372,
    0xD372, 0xD372, 0xD372, 0xD372, 0xD372, 0xD372, 0xD372, 0xD372, 0xD372, 0xD372, 0xD372, 0xD372, 0xD372, 0xD372, 0xD372, 0xD372,
    0xD372, 0xD372, 0xD372, 0xD372, 0xD372, 0xD372, 0xD372, 0xD372, 0xD372, 0xD372, 0xD372, 0xD372, 0xD372, 0xD372, 0xD372, 0xD372,
    0xD372, 0xD372, 0xD372, 0xD372, 0xD372, 0xD372, 0xD372, 0xD372, 0xD372, 0xD372, 0xD372, 0xD372, 0xD372, 0xD372, 0xD372, 0xD372,
    0xD372, 0xD372, 0xD372, 0xD372, 0xD372, 0xD372, 0xD372, 0xD372, 0xD372, 0xD372, 0xD372, 0xD372, 0xD372, 0xD372, 0xD372, 0xD372,
    0xD372, 0xD372, 0xD372, 0xD372, 0xD372, 0xD372, 0xD372, 0xD372, 0xD372, 0xD372, 0xD372, 0xD372, 0xD372, 0xD372, 0xD372, 0xD372,
    0xD372, 0xD372, 0xD372, 0xD372, 0xD372, 0xD372, 0xD372, 0xD372, 0xD372, 0xD372, 0xD372, 0xD372, 0xD372, 0xD372, 0xD372, 0xD372,
    0xD372, 0xD372, 0xD372, 0xD372, 0xD372, 0xD372, 0xD372, 0xD372, 0xD372, 0xD372, 0xD372, 0xD372, 0xD372, 0xD372, 0xD372, 0xD372,
    0xD372, 0xD372, 0xD372, 0xD372, 0xD372, 0xD372, 0xD372, 0xD372, 0xD372, 0xD372, 0xD372, 0xD372, 0xD372, 0xD372, 0xD372, 0xD372,
    0xD372, 0xD372, 0xD372, 0xD372, 0xD372, 0xD372, 0xD372, 0xD372, 0xD372, 0xD372, 0xD372, 0xD372, 0xD372, 0xD372, 0xD372, 0xD372,
    0xD372, 0xD372, 0xD372, 0xD372, 0xD372, 0xD372, 0xD372, 0xD372, 0xD372, 0xD372, 0xD372, 0xD372, 0xD372, 0xD372, 0xD372, 0xD372,
    0xD372, 0xD372, 0xD372, 0xD372, 0xD372, 0xD372, 0xD372, 0xD372, 0xD372, 0xD372, 0xD372, 0xD372, 0xD372, 0xD372, 0xD372, 0xD372,
    0xD372, 0xD372, 0xD372, 0xD372, 0xD372, 0xD372, 0xD372, 0xD372, 0xD372, 0xD372, 0xD372, 0xD372, 0xD372, 0xD372, 0xD372, 0xD372,
    0xD372, 0xD372, 0xD372, 0xD372, 0xD372, 0xD372, 0xD372, 0xD372, 0xD372, 0xD372, 0xD372, 0xD372, 0xD372, 0xD372, 0xD372, 0xD372,
    0xD372, 0xD372, 0xD372, 0xD372, 0xD372, 0xD372, 0xD372, 0xD372, 0xD372, 0xD372, 0xD372, 0xD372, 0xD372, 0xD372, 0xD372, 0xD372,
    0xD372, 0xD372, 0xD372, 0xD372, 0xD372, 0xD372, 0xD372, 0xD372, 0xD372, 0xD372, 0xD372, 0xD372, 0xD372, 0xD372, 0xD372, 0xD372,
    0xD372, 0xD372, 0xD372, 0xD372, 0xD372, 0xD372, 0xD372, 0xD372, 0xD372, 0xD372, 0xD372, 0xD372, 0xD372, 0xD372, 0xD372, 0xD372,
    0xD372, 0xD372, 0xD372, 0xD372, 0xD372, 0xD372, 0xD372, 0xD372, 0xD372, 0xD372, 0xD372, 0xD372, 0xD372, 0xD372, 0xD372, 0xD372,
    0xD372, 0xD372, 0xD372, 0xD372, 0xD372, 0xD372, 0xD372, 0xD372, 0xD372, 0xD372, 0xD372, 0xD372, 0xD372, 0xD372, 0xD372, 0xD372,
    0xD372, 0xD372, 0xD372, 0xD372, 0xD372, 0xD372, 0xD372, 0xD372, 0xD372, 0xD372, 0xD372, 0xD372, 0xD372, 0xD372, 0xD372, 0xD372,
    0xD372, 0xD372, 0xD372, 0xD372, 0xD372, 0xD372, 0xD372, 0xD372, 0xD372, 0xD372, 0xD372, 0xD372, 0xD372, 0xD372, 0xD372, 0xD372,
    0xD372, 0xD372, 0xD372, 0xD372, 0xD372, 0xD372, 0xD372, 0xD372, 0xD372, 0xD372, 0xD372, 0xD372, 0xD372, 0xD372, 0xD372, 0xD372,
    0xD372, 0xD372, 0xD372, 0xD372, 0xD372, 0xD372, 0xD372, 0xD372, 0xD372, 0xD372, 0xD372, 0xD372, 0xD372, 0xD372, 0xD372, 0xD372,
    0xD372, 0xD372, 0xD372, 0xD372, 0xD372, 0xD372, 0xD372, 0xD372, 0xD372, 0xD372, 0xD372, 0xD372, 0xD372, 0xD372, 0xD372, 0xD372,
    0xD372, 0xD372, 0xD372, 0xD372, 0xD372, 0xD372, 0xD372, 0xD372, 0xD372, 0xD372, 0xD372, 0xD372, 0xD372, 0xD372, 0xD372, 0xD372,
    0xD372, 0xD372, 0xD372, 0xD372, 0xD372, 0xD372, 0xD372, 0xD372, 0xD372, 0xD372, 0xD372, 0xD372, 0xD372, 0xD372, 0xD372, 0xD372,
    0xD372, 0xD372, 0xD372, 0xD372, 0xD372, 0xD372, 0xD372, 0xD372, 0xD372, 0xD372, 0xD372, 0xD372, 0xD372, 0xD372, 0xD372, 0xD372,
    0xD372, 0xD372, 0xD372, 0xD372, 0xD372, 0xD372, 0xD372, 0xD372, 0xD372, 0xD372, 0xD372, 0xD372, 0xD372, 0xD372, 0xD372, 0xD372,
    0xD372, 0xD372, 0xD372, 0xD372, 0xD372, 0xD372, 0xD372, 0xD372, 0xD372, 0xD372, 0xD372, 0xD372, 0xD372, 0xD372, 0xD372, 0xD372,
    0xD372, 0xD372, 0xD372, 0xD372, 0xD372, 0xD372, 0xD372, 0xD372, 0xD372, 0xD372, 0xD372, 0xD372, 0xD372, 0xD372, 0xD372, 0xD372,
    0xD372, 0xD372, 0xD372, 0xD372, 0xD372, 0xD372, 0xD372, 0xD372, 0xD372, 0xD372, 0xD372, 0xD372, 0xD372, 0xD372, 0xD372, 0xD372,
    0xD372, 0xD372, 0xD372, 0xD372, 0xD372, 0xD372, 0xD372, 0xD372, 0xD372, 0xD372, 0xD372, 0xD372, 0xD372, 0xD372, 0xD372, 0xD372,
    0xD372, 0xD372, 0xD372, 0xD372, 0xD372, 0xD372, 0xD372, 0xD372, 0xD372, 0xD372, 0xD372, 0xD372, 0xD372, 0xD372, 0xD372, 0xD372,
    0xD372, 0xD372, 0xD372, 0xD372, 0xD372, 0xD372, 0xD372, 0xD372, 0xD372, 0xD372, 0xD372, 0xD372, 0xD372, 0xD372, 0xD372, 0xD372,
    0xD372, 0xD372, 0xD372, 0xD372, 0xD372, 0xD372, 0xD372, 0xD372, 0xD372, 0xD372, 0xD372, 0xD372, 0xD372, 0xD372, 0xD372, 0xD372,
    0xD372, 0xD372, 0xD372, 0xD372, 0xD372, 0xD372, 0xD372, 0xD372, 0xD372, 0xD372, 0xD372, 0xD372, 0xD372, 0xD372, 0xD372, 0xD372,
    0xD372, 0xD372, 0xD372, 0xD372, 0xD372, 0xD372, 0xD372, 0xD372, 0xD372, 0xD372, 0xD372, 0xD372, 0xD372, 0xD372, 0xD372, 0xD372,
    0xD372, 0xD372, 0xD372, 0xD372, 0xD372, 0xD372, 0xD372, 0xD372, 0xD372, 0xD372, 0xD372, 0xD372, 0xD372, 0xD372, 0xD372, 0xD372,
    0xD372, 0xD372, 0xD372, 0xD372, 0xD372, 0xD372, 0xD372, 0xD372, 0xD372, 0xD372, 0xD372, 0xD372, 0xD372, 0xD372, 0xD372, 0xD372,
    0xD372, 0xD372, 0xD372, 0xD372, 0xD372, 0xD372, 0xD372, 0xD372, 0xD372, 0xD372, 0xD372, 0xD372, 0xD372, 0xD372, 0xD372, 0xD372,
    0xD372, 0xD372, 0xD372, 0xD372, 0xD372, 0xD372, 0xD372, 0xD372, 0xD372, 0xD372, 0xD372, 0xD372, 0xD372, 0xD372, 0xD372, 0xD372,
    0xD372, 0xD372, 0xD372, 0xD372, 0xD372, 0xD372, 0xD372, 0xD372, 0xD372, 0xD372, 0xD372, 0xD372, 0xD372, 0xD372, 0xD372, 0xD372,
    0xD372, 0xD372, 0xD372, 0xD372, 0xD372, 0xD372, 0xD372, 0xD372, 0xD372, 0xD372, 0xD372, 0xD372, 0xD372, 0xD372, 0xD372, 0xD372,
    0xD372, 0xD372, 0xD372, 0xD372, 0xD372, 0xD372, 0xD372, 0xD372, 0xD372, 0xD372, 0xD372, 0xD372, 0xD372, 0xD372, 0xD372, 0xD372,
    0xD372, 0xD372, 0xD372, 0xD372, 0xD372, 0xD372, 0xD372, 0xD372, 0xD372, 0xD372, 0xD372, 0xD372, 0xD372, 0xD372, 0xD372, 0xD372,
    0xD372, 0xD372, 0xD372, 0xD372, 0xD372, 0xD372, 0xD372, 0xD372, 0xD372, 0xD372, 0xD372, 0xD372, 0xD372, 0xD372, 0xD372, 0xD372,
    0xD372, 0xD372, 0xD372, 0xD372, 0xD372, 0xD372, 0xD372, 0xD372, 0xD372, 0xD372, 0xD372, 0xD372, 0xD372, 0xD372, 0xD372, 0xD372,
    0xD372, 0xD372, 0xD372, 0xD372, 0xD372, 0xD372, 0xD372, 0xD372, 0xD372, 0xD372, 0xD372, 0xD372, 0xD372, 0xD372, 0xD372, 0xD372,
    0xD372, 0xD372, 0xD372, 0xD372, 0xD372, 0xD372, 0xD372, 0xD372, 0xD372, 0xD372, 0xD372, 0xD372, 0xD372, 0xD372, 0xD372, 0xD372,
    0xD372, 0xD372, 0xD372, 0xD372, 0xD372, 0xD372, 0xD372, 0xD372, 0xD372, 0xD372, 0xD372, 0xD372, 0xD372, 0xD372, 0xD372, 0xD372,
    0xD372, 0xD372, 0xD372, 0xD372, 0xD372, 0xD372, 0xD372, 0xD372, 0xD372, 0xD372, 0xD372, 0xD372, 0xD372, 0xD372, 0xD372, 0xD372,
    0xD372, 0xD372, 0xD372, 0xD372, 0xD372, 0xD372, 0xD372, 0xD372, 0xD372, 0xD372, 0xD372, 0xD372, 0xD372, 0xD372, 0xD372, 0xD372,
    0xD372, 0xD372, 0xD372, 0xD372, 0xD372, 0xD372, 0xD372, 0xD372, 0xD372, 0xD372, 0xD372, 0xD372, 0xD372, 0xD372, 0xD372, 0xD372,
    0xD372, 0xD372, 0xD372, 0xD372, 0xD372, 0xD372, 0xD372, 0xD372, 0xD372, 0xD372, 0xD372, 0xD372, 0xD372, 0xD372, 0xD372, 0xD372,
    0xD372, 0xD372, 0xD372, 0xD372, 0xD372, 0xD372, 0xD372, 0xD372, 0xD372, 0xD372, 0xD372, 0xD372, 0xD372, 0xD372, 0xD372, 0xD372,
    0xD372, 0xD372, 0xD372, 0xD372, 0xD372, 0xD372, 0xD372, 0xD372, 0xD372, 0xD372, 0xD372, 0xD372, 0xD372, 0xD372, 0xD372, 0xD372,
    0xD372, 0xD372, 0xD372, 0xD372, 0xD372, 0xD372, 0xD372, 0xD372, 0xD372, 0xD372, 0xD372, 0xD372, 0xD372, 0xD372, 0xD372, 0xD372,
    0xD372, 0xD372, 0xD372, 0xD372, 0xD372, 0xD372, 0xD372, 0xD372, 0xD372, 0xD372, 0xD372, 0xD372, 0xD372, 0xD372, 0xD372, 0xD372,
    0xD372, 0xD372, 0xD372, 0xD372, 0xD372, 0xD372, 0xD372, 0xD372, 0xD372, 0xD372, 0xD372, 0xD372, 0xD372, 0xD372, 0xD372, 0xD372,
    0xD372, 0xD372, 0xD372, 0xD372, 0xD372, 0xD372, 0xD372, 0xD372, 0xD372, 0xD372, 0xD372, 0xD372, 0xD372, 0xD372, 0xD372, 0xD372,
    0xD372, 0xD372, 0xD372, 0xD372, 0xD372, 0xD372, 0xD372, 0xD372, 0xD372, 0xD372, 0xD372, 0xD372, 0xD372, 0xD372, 0xD372, 0xD372,
    0xD372, 0xD372, 0xD372, 0xD372, 0xD372, 0xD372, 0xD372, 0xD372, 0xD372, 0xD372, 0xD372, 0xD372, 0xD372, 0xD372, 0xD372, 0xD372,
    0xD372, 0xD372, 0xD372, 0xD372, 0xD372, 0xD372, 0xD372, 0xD372, 0xD372, 0xD372, 0xD372, 0xD372, 0xD372, 0xD372, 0xD372, 0xD372,
    0xD372, 0xD372, 0xD372, 0xD372, 0xD372, 0xD372, 0xD372, 0xD372, 0xD372, 0xD372, 0xD372, 0xD372, 0xD372, 0xD372, 0xD372, 0xD372,
    0xD372, 0xD372, 0xD372, 0xD372, 0xD372, 0xD372, 0xD372, 0xD372, 0xD372, 0xD372, 0xD372, 0xD372, 0xD372, 0xD372, 0xD372, 0xD372,
    0xD372, 0xD372, 0xD372, 0xD372, 0xD372, 0xD372, 0xD372, 0xD372, 0xD372, 0xD372, 0xD372, 0xD372, 0xD372, 0xD372, 0xD372, 0xD372,
    0xD372, 0xD372, 0xD372, 0xD372, 0xD372, 0xD372, 0xD372, 0xD372, 0xD372, 0xD372, 0xD372, 0xD372, 0xD372, 0xD372, 0xD372, 0xD372,
    0xD372, 0xD372, 0xD372, 0xD372, 0xD372, 0xD372, 0xD372, 0xD372, 0xD372, 0xD372, 0xD372, 0xD372, 0xD372, 0xD372, 0xD372, 0xD372,
    0xD372, 0xD372, 0xD372, 0xD372, 0xD372, 0xD372, 0xD372, 0xD372, 0xD372, 0xD372, 0xD372, 0xD372, 0xD372, 0xD372, 0xD372, 0xD372,
    0xD372, 0xD372, 0xD372, 0xD372, 0xD372, 0xD372, 0xD372, 0xD372, 0xD372, 0xD372, 0xD372, 0xD372, 0xD372, 0xD372, 0xD372, 0xD372,
    0xD372, 0xD372, 0xD372, 0xD372, 0xD372, 0xD372, 0xD372, 0xD372, 0xD372, 0xD372, 0xD372, 0xD372, 0xD372, 0xD372, 0xD372, 0xD372,
    0xD372, 0xD372, 0xD372, 0xD372, 0xD372, 0xD372, 0xD372, 0xD372, 0xD372, 0xD372, 0xD372, 0xD372, 0xD372, 0xD372, 0xD372, 0xD372,
    0xD372, 0xD372, 0xD372, 0xD372, 0xD372, 0xD372, 0xD372, 0xD372, 0xD372, 0xD372, 0xD372, 0xD372, 0xD372, 0xD372, 0xD372, 0xD372,
    0xD372, 0xD372, 0xD372, 0xD372, 0xD372, 0xD372, 0xD372, 0xD372, 0xD372, 0xD372, 0xD372, 0xD372, 0xD372, 0xD372, 0xD372, 0xD372,
    0xD372, 0xD372, 0xD372, 0xD372, 0xD372, 0xD372, 0xD372, 0xD372, 0xD372, 0xD372, 0xD372, 0xD372, 0xD372, 0xD372, 0xD372, 0xD372,
    0xD372, 0xD372, 0xD372, 0xD372, 0xD372, 0xD372, 0xD372, 0xD372, 0xD372, 0xD372, 0xD372, 0xD372, 0xD372, 0xD372, 0xD372, 0xD372,
    0xD372, 0xD372, 0xD372, 0xD372, 0xD372, 0xD372, 0xD372, 0xD372, 0xD372, 0xD372, 0xD372, 0xD372, 0xD372, 0xD372, 0xD372, 0xD372,
    0xD372, 0xD372, 0xD372, 0xD372, 0xD372, 0xD372, 0xD372, 0xD372, 0xD372, 0xD372, 0xD372, 0xD372, 0xD372, 0xD372, 0xD372, 0xD372,
    0xD372, 0xD372, 0xD372, 0xD372, 0xD372, 0xD372, 0xD372, 0xD372, 0xD372, 0xD372, 0xD372, 0xD372, 0xD372, 0xD372, 0xD372, 0xD372,
    0xD372, 0xD372, 0xD372, 0xD372, 0xD372, 0xD372, 0xD372, 0xD372, 0xD372, 0xD372, 0xD372, 0xD372, 0xD372, 0xD372, 0xD372, 0xD372,
    0xD372, 0xD372, 0xD372, 0xD372, 0xD372, 0xD372, 0xD372, 0xD372, 0xD372, 0xD372, 0xD372, 0xD372, 0xD372, 0xD372, 0xD372, 0xD372,
    0xD372, 0xD372, 0xD372, 0xD372, 0xD372, 0xD372, 0xD372, 0xD372, 0xD372, 0xD372, 0xD372, 0xD372, 0xD372, 0xD372, 0xD372, 0xD372,
    0xD372, 0xD372, 0xD372, 0xD372, 0xD372, 0xD372, 0xD372, 0xD372, 0xD372, 0xD372, 0xD372, 0xD372, 0xD372, 0xD372, 0xD372, 0xD372,
    0xD372, 0xD372, 0xD372, 0xD372, 0xD372, 0xD372, 0xD372, 0xD372, 0xD372, 0xD372, 0xD372, 0xD372, 0xD372, 0xD372, 0xD372, 0xD372,
    0xD372, 0xD372, 0xD372, 0xD372, 0xD372, 0xD372, 0xD372, 0xD372, 0xD372, 0xD372, 0xD372, 0xD372, 0xD372, 0xD372, 0xD372, 0xD372,
    0xD372, 0xD372, 0xD372, 0xD372, 0xD372, 0xD372, 0xD372, 0xD372, 0xD372, 0xD372, 0xD372, 0xD372, 0xD372, 0xD372, 0xD372, 0xD372,
    0xD372, 0xD372, 0xD372, 0xD372, 0xD372, 0xD372, 0xD372, 0xD372, 0xD372, 0xD372, 0xD372, 0xD372, 0xD372, 0xD372, 0xD372, 0xD372,
    0xD372, 0xD372, 0xD372, 0xD372, 0xD372, 0xD372, 0xD372, 0xD372, 0xD372, 0xD372, 0xD372, 0xD372, 0xD372, 0xD372, 0xD372, 0xD372,
    0xD372, 0xD372, 0xD372, 0xD372, 0xD372, 0xD372, 0xD372, 0xD372, 0xD372, 0xD372, 0xD372, 0xD372, 0xD372, 0xD372, 0xD372, 0xD372,
    0xD372, 0xD372, 0xD372, 0xD372, 0xD372, 0xD372, 0xD372, 0xD372, 0xD372, 0xD372, 0xD372, 0xD372, 0xD372, 0xD372, 0xD372, 0xD372,
    0xD372, 0xD372, 0xD372, 0xD372, 0xD372, 0xD372, 0xD372, 0xD372, 0xD372, 0xD372, 0xD372, 0xD372, 0xD372, 0xD372, 0xD372, 0xD372,
    0xD372, 0xD372, 0xD372, 0xD372, 0xD372, 0xD372, 0xD372, 0xD372, 0xD372, 0xD372, 0xD372, 0xD372, 0xD372, 0xD372, 0xD372, 0xD372,
    0xD372, 0xD372, 0xD372, 0xD372, 0xD372, 0xD372, 0xD372, 0xD372, 0xD372, 0xD372, 0xD372, 0xD372, 0xD372, 0xD372, 0xD372, 0xD372,
    0xD372, 0xD372, 0xD372, 0xD372, 0xD372, 0xD372, 0xD372, 0xD372, 0xD372, 0xD372, 0xD372, 0xD372, 0xD372, 0xD372, 0xD372, 0xD372,
    0xD372, 0xD372, 0xD372, 0xD372, 0xD372, 0xD372, 0xD372, 0xD372, 0xD372, 0xD372, 0xD372, 0xD372, 0xD372, 0xD372, 0xD372, 0xD372,
    0xD372, 0xD372, 0xD372, 0xD372, 0xD372, 0xD372, 0xD372, 0xD372, 0xD372, 0xD372, 0xD372, 0xD372, 0xD372, 0xD372, 0xD372, 0xD372,
    0xD372, 0xD372, 0xD372, 0xD372, 0xD372, 0xD372, 0xD372, 0xD372, 0xD372, 0xD372, 0xD372, 0xD372, 0xD372, 0xD372, 0xD372, 0xD372,
    0xD372, 0xD372, 0xD372, 0xD372, 0xD372, 0xD372, 0xD372, 0xD372, 0xD372, 0xD372, 0xD372, 0xD372, 0xD372, 0xD372, 0xD372, 0xD372,
    0xD372, 0xD372, 0xD372, 0xD372, 0xD372, 0xD372, 0xD372, 0xD372, 0xD372, 0xD372, 0xD372, 0xD372, 0xD372, 0xD372, 0xD372, 0xD372,
    0xD372, 0xD372, 0xD372, 0xD372, 0xD372, 0xD372, 0xD372, 0xD372, 0xD372, 0xD372, 0xD372, 0xD372, 0xD372, 0xD372, 0xD372, 0xD372,
    0xD372, 0xD372, 0xD372, 0xD372, 0xD372, 0xD372, 0xD372, 0xD372, 0xD372, 0xD372, 0xD372, 0xD372, 0xD372, 0xD372, 0xD372, 0xD372,
    0xD372, 0xD372, 0xD372, 0xD372, 0xD372, 0xD372, 0xD372, 0xD372, 0xD372, 0xD372, 0xD372, 0xD372, 0xD372, 0xD372, 0xD372, 0xD372,
    0xD372, 0xD372, 0xD372, 0xD372, 0xD372, 0xD372, 0xD372, 0xD372, 0xD372, 0xD372, 0xD372, 0xD372, 0xD372, 0xD372, 0xD372, 0xD372,
    0xD372, 0xD372, 0xD372, 0xD372, 0xD372, 0xD372, 0xD372, 0xD372, 0xD372, 0xD372, 0xD372, 0xD372, 0xD372, 0xD372, 0xD372, 0xD372,
    0xD372, 0xD372, 0xD372, 0xD372, 0xD372, 0xD372, 0xD372, 0xD372, 0xD372, 0xD372, 0xD372, 0xD372, 0xD372, 0xD372, 0xD372, 0xD372,
    0xD372, 0xD372, 0xD372, 0xD372, 0xD372, 0xD372, 0xD372, 0xD372, 0xD372, 0xD372, 0xD372, 0xD372, 0xD372, 0xD372, 0xD372, 0xD372,
    0xD372, 0xD372, 0xD372, 0xD372, 0xD372, 0xD372, 0xD372, 0xD372, 0xD372, 0xD372, 0xD372, 0xD372, 0xD372, 0xD372, 0xD372, 0xD372,
    0xD372, 0xD372, 0xD372, 0xD372, 0xD372, 0xD372, 0xD372, 0xD372, 0xD372, 0xD372, 0xD372, 0xD372, 0xD372, 0xD372, 0xD372, 0xD372,
    0xD372, 0xD372, 0xD372, 0xD372, 0xD372, 0xD372, 0xD372, 0xD372, 0xD372, 0xD372, 0xD372, 0xD372, 0xD372, 0xD372, 0xD372, 0xD372,
    0xD372, 0xD372, 0xD372, 0xD372, 0xD372, 0xD372, 0xD372, 0xD372, 0xD372, 0xD372, 0xD372, 0xD372, 0xD372, 0xD372, 0xD372, 0xD372,
    0xD372, 0xD372, 0xD372, 0xD372, 0xD372, 0xD372, 0xD372, 0xD372, 0xD372, 0xD372, 0xD372, 0xD372, 0xD372, 0xD372, 0xD372, 0xD372,
    0xD372, 0xD372, 0xD372, 0xD372, 0xD372, 0xD372, 0xD372, 0xD372, 0xD372, 0xD372, 0xD372, 0xD372, 0xD372, 0xD372, 0xD372, 0xD372,
    0xD372, 0xD372, 0xD372, 0xD372, 0xD372, 0xD372, 0xD372, 0xD372, 0xD372, 0xD372, 0xD372, 0xD372, 0xD372, 0xD372, 0xD372, 0xD372,
    0xD372, 0xD372, 0xD372, 0xD372, 0xD372, 0xD372, 0xD372, 0xD372, 0xD372, 0xD372, 0xD372, 0xD372, 0xD372, 0xD372, 0xD372, 0xD372,
    0xD372, 0xD372, 0xD372, 0xD372, 0xD372, 0xD372, 0xD372, 0xD372, 0xD372, 0xD372, 0xD372, 0xD372, 0xD372, 0xD372, 0xD372, 0xD372,
    0xD372, 0xD372, 0xD372, 0xD372, 0xD372, 0xD372, 0xD372, 0xD372, 0xD372, 0xD372, 0xD372, 0xD372, 0xD372, 0xD372, 0xD372, 0xD372,
    0xD372, 0xD372, 0xD372, 0xD372, 0xD372, 0xD372, 0xD372, 0xD372, 0xD372, 0xD372, 0xD372, 0xD372, 0xD372, 0xD372, 0xD372, 0xD372,
    0xD372, 0xD372, 0xD372, 0xD372, 0xD372, 0xD372, 0xD372, 0xD372, 0xD372, 0xD372, 0xD372, 0xD372, 0xD372, 0xD372, 0xD372, 0xD372,
    0xD372, 0xD372, 0xD372, 0xD372, 0xD372, 0xD372, 0xD372, 0xD372, 0xD372, 0xD372, 0xD372, 0xD372, 0xD372, 0xD372, 0xD372, 0xD372,
    0xD372, 0xD372, 0xD372, 0xD372, 0xD372, 0xD372, 0xD372, 0xD372, 0xD372, 0xD372, 0xD372, 0xD372, 0xD372, 0xD372, 0xD372, 0xD372,
    0xD372, 0xD372, 0xD372, 0xD372, 0xD372, 0xD372, 0xD372, 0xD372, 0xD372, 0xD372, 0xD372, 0xD372, 0xD372, 0xD372, 0xD372, 0xD372,
    0xD372, 0xD372, 0xD372, 0xD372, 0xD372, 0xD372, 0xD372, 0xD372, 0xD372, 0xD372, 0xD372, 0xD372, 0xD372, 0xD372, 0xD372, 0xD372,
    0xD372, 0xD372, 0xD372, 0xD372, 0xD372, 0xD372, 0xD372, 0xD372, 0xD372, 0xD372, 0xD372, 0xD372, 0xD372, 0xD372, 0xD372, 0xD372,
    0xD372, 0xD372, 0xD372, 0xD372, 0xD372, 0xD372, 0xD372, 0xD372, 0xD372, 0xD372, 0xD372, 0xD372, 0xD372, 0xD372, 0xD372, 0xD372,
    0xD372, 0xD372, 0xD372, 0xD372, 0xD372, 0xD372, 0xD372, 0xD372, 0xD372, 0xD372, 0xD372, 0xD372, 0xD372, 0xD372, 0xD372, 0xD372,
    0xD372, 0xD372, 0xD372, 0xD372, 0xD372, 0xD372, 0xD372, 0xD372, 0xD372, 0xD372, 0xD372, 0xD372, 0xD372, 0xD372, 0xD372, 0xD372,
    0xD372, 0xD372, 0xD372, 0xD372, 0xD372, 0xD372, 0xD372, 0xD372, 0xD372, 0xD372, 0xD372, 0xD372, 0xD372, 0xD372, 0xD372, 0xD372,
    0xD372, 0xD372, 0xD372, 0xD372, 0xD372, 0xD372, 0xD372, 0xD372, 0xD372, 0xD372, 0xD372, 0xD372, 0xD372, 0xD372, 0xD372, 0xD372,
    0xD372, 0xD372, 0xD372, 0xD372, 0xD372, 0xD372, 0xD372, 0xD372, 0xD372, 0xD372, 0xD372, 0xD372, 0xD372, 0xD372, 0xD372, 0xD372,
    0xD372, 0xD372, 0xD372, 0xD372, 0xD372, 0xD372, 0xD372, 0xD372, 0xD372, 0xD372, 0xD372, 0xD372, 0xD372, 0xD372, 0xD372, 0xD372,
    0xD372, 0xD372, 0xD372, 0xD372, 0xD372, 0xD372, 0xD372, 0xD372, 0xD372, 0xD372, 0xD372, 0xD372, 0xD372, 0xD372, 0xD372, 0xD372,
    0xD372, 0xD372, 0xD372, 0xD372, 0xD372, 0xD372, 0xD372, 0xD372, 0xD372, 0xD372, 0xD372, 0xD372, 0xD372, 0xD372, 0xD372, 0xD372,
    0xD372, 0xD372, 0xD372, 0xD372, 0xD372, 0xD372, 0xD372, 0xD372, 0xD372, 0xD372, 0xD372, 0xD372, 0xD372, 0xD372, 0xD372, 0xD372,
    0xD372, 0xD372, 0xD372, 0xD372, 0xD372, 0xD372, 0xD372, 0xD372, 0xD372, 0xD372, 0xD372, 0xD372, 0xD372, 0xD372, 0xD372, 0xD372,
    0xD372, 0xD372, 0xD372, 0xD372, 0xD372, 0xD372, 0xD372, 0xD372, 0xD372, 0xD372, 0xD372, 0xD372, 0xD372, 0xD372, 0xD372, 0xD372,
    0xD372, 0xD372, 0xD372, 0xD372, 0xD372, 0xD372, 0xD372, 0xD372, 0xD372, 0xD372, 0xD372, 0xD372, 0xD372, 0xD372, 0xD372, 0xD372,
    0xD372, 0xD372, 0xD372, 0xD372, 0xD372, 0xD372, 0xD372, 0xD372, 0xD372, 0xD372, 0xD372, 0xD372, 0xD372, 0xD372, 0xD372, 0xD372,
    0xD372, 0xD372, 0xD372, 0xD372, 0xD372, 0xD372, 0xD372, 0xD372, 0xD372, 0xD372, 0xD372, 0xD372, 0xD372, 0xD372, 0xD372, 0xD372,
    0xD372, 0xD372, 0xD372, 0xD372, 0xD372, 0xD372, 0xD372, 0xD372, 0xD372, 0xD372, 0xD372, 0xD372, 0xD372, 0xD372, 0xD372, 0xD372,
    0xD372, 0xD372, 0xD372, 0xD372, 0xD372, 0xD372, 0xD372, 0xD372, 0xD372, 0xD372, 0xD372, 0xD372, 0xD372, 0xD372, 0xD372, 0xD372,
    0xD372, 0xD372, 0xD372, 0xD372, 0xD372, 0xD372, 0xD372, 0xD372, 0xD372, 0xD372, 0xD372, 0xD372, 0xD372, 0xD372, 0xD372, 0xD372,
    0xD372, 0xD372, 0xD372, 0xD372, 0xD372, 0xD372, 0xD372, 0xD372, 0xD372, 0xD372, 0xD372, 0xD372, 0xD372, 0xD372, 0xD372, 0xD372,
    0xD372, 0xD372, 0xD372, 0xD372, 0xD372, 0xD372, 0xD372, 0xD372, 0xD372, 0xD372, 0xD372, 0xD372, 0xD372, 0xD372, 0xD372, 0xD372,
    0xD372, 0xD372, 0xD372, 0xD372, 0xD372, 0xD372, 0xD372, 0xD372, 0xD372, 0xD372, 0xD372, 0xD372, 0xD372, 0xD372, 0xD372, 0xD372,
    0xD372, 0xD372, 0xD372, 0xD372, 0xD372, 0xD372, 0xD372, 0xD372, 0xD372, 0xD372, 0xD372, 0xD372, 0xD372, 0xD372, 0xD372, 0xD372,
    0xD372, 0xD372, 0xD372, 0xD372, 0xD372, 0xD372, 0xD372, 0xD372, 0xD372, 0xD372, 0xD372, 0xD372, 0xD372, 0xD372, 0xD372, 0xD372,
    0xD372, 0xD372, 0xD372, 0xD372, 0xD372, 0xD372, 0xD372, 0xD372, 0xD372, 0xD372, 0xD372, 0xD372, 0xD372, 0xD372, 0xD372, 0xD372,
    0xD372, 0xD372, 0xD372, 0xD372, 0xD372, 0xD372, 0xD372, 0xD372, 0xD372, 0xD372, 0xD372, 0xD372, 0xD372, 0xD372, 0xD372, 0xD372,
    0xD372, 0xD372, 0xD372, 0xD372, 0xD372, 0xD372, 0xD372, 0xD372, 0xD372, 0xD372, 0xD372, 0xD372, 0xD372, 0xD372, 0xD372, 0xD372,
    0xD372, 0xD372, 0xD372, 0xD372, 0xD372, 0xD372, 0xD372, 0xD372, 0xD372, 0xD372, 0xD372, 0xD372, 0xD372, 0xD372, 0xD372, 0xD372,
    0xD372, 0xD372, 0xD372, 0xD372, 0xD372, 0xD372, 0xD372, 0xD372, 0xD372, 0xD372, 0xD372, 0xD372, 0xD372, 0xD372, 0xD372, 0xD372,
    0xD372, 0xD372, 0xD372, 0xD372, 0xD372, 0xD372, 0xD372, 0xD372, 0xD372, 0xD372, 0xD372, 0xD372, 0xD372, 0xD372, 0xD372, 0xD372,
    0xD372, 0xD372, 0xD372, 0xD372, 0xD372, 0xD372, 0xD372, 0xD372, 0xD372, 0xD372, 0xD372, 0xD372, 0xD372, 0xD372, 0xD372, 0xD372,
    0xD372, 0xD372, 0xD372, 0xD372, 0xD372, 0xD372, 0xD372, 0xD372, 0xD372, 0xD372, 0xD372, 0xD372, 0xD372, 0xD372, 0xD372, 0xD372,
    0xD372, 0xD372, 0xD372, 0xD372, 0xD372, 0xD372, 0xD372, 0xD372, 0xD372, 0xD372, 0xD372, 0xD372, 0xD372, 0xD372, 0xD372, 0xD372,
    0xD372, 0xD372, 0xD372, 0xD372, 0xD372, 0xD372, 0xD372, 0xD372, 0xD372, 0xD372, 0xD372, 0xD372, 0xD372, 0xD372, 0xD372, 0xD372,
    0xD372, 0xD372, 0xD372, 0xD372, 0xD372, 0xD372, 0xD372, 0xD372, 0xD372, 0xD372, 0xD372, 0xD372, 0xD372, 0xD372, 0xD372, 0xD372,
    0xD372, 0xD372, 0xD372, 0xD372, 0xD372, 0xD372, 0xD372, 0xD372, 0xD372, 0xD372, 0xD372, 0xD372, 0xD372, 0xD372, 0xD372, 0xD372,
    0xD372, 0xD372, 0xD372, 0xD372, 0xD372, 0xD372, 0xD372, 0xD372, 0xD372, 0xD372, 0xD372, 0xD372, 0xD372, 0xD372, 0xD372, 0xD372,
    0xD372, 0xD372, 0xD372, 0xD372, 0xD372, 0xD372, 0xD372, 0xD372, 0xD372, 0xD372, 0xD372, 0xD372, 0xD372, 0xD372, 0xD372, 0xD372,
    0xD372, 0xD372, 0xD372, 0xD372, 0xD372, 0xD372, 0xD372, 0xD372, 0xD372, 0xD372, 0xD372, 0xD372, 0xD372, 0xD372, 0xD372, 0xD372,
    0xD372, 0xD372, 0xD372, 0xD372, 0xD372, 0xD372, 0xD372, 0xD372, 0xD372, 0xD372, 0xD372, 0xD372, 0xD372, 0xD372, 0xD372, 0xD372,
    0xD372, 0xD372, 0xD372, 0xD372, 0xD372, 0xD372, 0xD372, 0xD372, 0xD372, 0xD372, 0xD372, 0xD372, 0xD372, 0xD372, 0xD372, 0xD372,
    0xD372, 0xD372, 0xD372, 0xD372, 0xD372, 0xD372, 0xD372, 0xD372, 0xD372, 0xD372, 0xD372, 0xD372, 0xD372, 0xD372, 0xD372, 0xD372,
    0xD372, 0xD372, 0xD372, 0xD372, 0xD372, 0xD372, 0xD372, 0xD372, 0xD372, 0xD372, 0xD372, 0xD372, 0xD372, 0xD372, 0xD372, 0xD372,
    0xD372, 0xD372, 0xD372, 0xD372, 0xD372, 0xD372, 0xD372, 0xD372, 0xD372, 0xD372, 0xD372, 0xD372, 0xD372, 0xD372, 0xD372, 0xD372,
    0xD372, 0xD372, 0xD372, 0xD372, 0xD372, 0xD372, 0xD372, 0xD372, 0xD372, 0xD372, 0xD372, 0xD372, 0xD372, 0xD372, 0xD372, 0xD372,
    0xD372, 0xD372, 0xD372, 0xD372, 0xD372, 0xD372, 0xD372, 0xD372, 0xD372, 0xD372, 0xD372, 0xD372, 0xD372, 0xD372, 0xD372, 0xD372,
    0xD372, 0xD372, 0xD372, 0xD372, 0xD372, 0xD372, 0xD372, 0xD372, 0xD372, 0xD372, 0xD372, 0xD372, 0xD372, 0xD372, 0xD372, 0xD372,
    0xD372, 0xD372, 0xD372, 0xD372, 0xD372, 0xD372, 0xD372, 0xD372, 0xD372, 0xD372, 0xD372, 0xD372, 0xD372, 0xD372, 0xD372, 0xD372,
    0xD372, 0xD372, 0xD372, 0xD372, 0xD372, 0xD372, 0xD372, 0xD372, 0xD372, 0xD372, 0xD372, 0xD372, 0xD372, 0xD372, 0xD372, 0xD372,
    0xD372, 0xD372, 0xD372, 0xD372, 0xD372, 0xD372, 0xD372, 0xD372, 0xD372, 0xD372, 0xD372, 0xD372, 0xD372, 0xD372, 0xD372, 0xD372,
    0xD372, 0xD372, 0xD372, 0xD372, 0xD372, 0xD372, 0xD372, 0xD372, 0xD372, 0xD372, 0xD372, 0xD372, 0xD372, 0xD372, 0xD372, 0xD372,
    0xD372, 0xD372, 0xD372, 0xD372, 0xD372, 0xD372, 0xD372, 0xD372, 0xD372, 0xD372, 0xD372, 0xD372, 0xD372, 0xD372, 0xD372, 0xD372,
    0xD372, 0xD372, 0xD372, 0xD372, 0xD372, 0xD372, 0xD372, 0xD372, 0xD372, 0xD372, 0xD372, 0xD372, 0xD372, 0xD372, 0xD372, 0xD372,
    0xD372, 0xD372, 0xD372, 0xD372, 0xD372, 0xD372, 0xD372, 0xD372, 0xD372, 0xD372, 0xD372, 0xD372, 0xD372, 0xD372, 0xD372, 0xD372,
    0xD372, 0xD372, 0xD372, 0xD372, 0xD372, 0xD372, 0xD372, 0xD372, 0xD372, 0xD372, 0xD372, 0xD372, 0xD372, 0xD372, 0xD372, 0xD372,
    0xD372, 0xD372, 0xD372, 0xD372, 0xD372, 0xD372, 0xD372, 0xD372, 0xD372, 0xD372, 0xD372, 0xD372, 0xD372, 0xD372, 0xD372, 0xD372,
    0xD372, 0xD372, 0xD372, 0xD372, 0xD372, 0xD372, 0xD372, 0xD372, 0xD372, 0xD372, 0xD372, 0xD372, 0xD372, 0xD372, 0xD372, 0xD372,
    0xD372, 0xD372, 0xD372, 0xD372, 0xD372, 0xD372, 0xD372, 0xD372, 0xD372, 0xD372, 0xD372, 0xD372, 0xD372, 0xD372, 0xD372, 0xD372,
    0xD372, 0xD372, 0xD372, 0xD372, 0xD372, 0xD372, 0xD372, 0xD372, 0xD372, 0xD372, 0xD372, 0xD372, 0xD372, 0xD372, 0xD372, 0xD372,
    0xD372, 0xD372, 0xD372, 0xD372, 0xD372, 0xD372, 0xD372, 0xD372, 0xD372, 0xD372, 0xD372, 0xD372, 0xD372, 0xD372, 0xD372, 0xD372,
    0xD372, 0xD372, 0xD372, 0xD372, 0xD372, 0xD372, 0xD372, 0xD372, 0xD372, 0xD372, 0xD372, 0xD372, 0xD372, 0xD372, 0xD372, 0xD372,
    0xD372, 0xD372, 0xD372, 0xD372, 0xD372, 0xD372, 0xD372, 0xD372, 0xD372, 0xD372, 0xD372, 0xD372, 0xD372, 0xD372, 0xD372, 0xD372,
    0xD372, 0xD372, 0xD372, 0xD372, 0xD372, 0xD372, 0xD372, 0xD372, 0xD372, 0xD372, 0xD372, 0xD372, 0xD372, 0xD372, 0xD372, 0xD372,
    0xD372, 0xD372, 0xD372, 0xD372, 0xD372, 0xD372, 0xD372, 0xD372, 0xD372, 0xD372, 0xD372, 0xD372, 0xD372, 0xD372, 0xD372, 0xD372,
    0xD372, 0xD372, 0xD372, 0xD372, 0xD372, 0xD372, 0xD372, 0xD372, 0xD372, 0xD372, 0xD372, 0xD372, 0xD372, 0xD372, 0xD372, 0xD372,
    0xD372, 0xD372, 0xD372, 0xD372, 0xD372, 0xD372, 0xD372, 0xD372, 0xD372, 0xD372, 0xD372, 0xD372, 0xD372, 0xD372, 0xD372, 0xD372,
    0xD372, 0xD372, 0xD372, 0xD372, 0xD372, 0xD372, 0xD372, 0xD372, 0xD372, 0xD372, 0xD372, 0xD372, 0xD372, 0xD372, 0xD372, 0xD372,
    0xD372, 0xD372, 0xD372, 0xD372, 0xD372, 0xD372, 0xD372, 0xD372, 0xD372, 0xD372, 0xD372, 0xD372, 0xD372, 0xD372, 0xD372, 0xD372,
    0xD372, 0xD372, 0xD372, 0xD372, 0xD372, 0xD372, 0xD372, 0xD372, 0xD372, 0xD372, 0xD372, 0xD372, 0xD372, 0xD372, 0xD372, 0xD372,
    0xD372, 0xD372, 0xD372, 0xD372, 0xD372, 0xD372, 0xD372, 0xD372, 0xD372, 0xD372, 0xD372, 0xD372, 0xD372, 0xD372, 0xD372, 0xD372,
    0xD372, 0xD372, 0xD372, 0xD372, 0xD372, 0xD372, 0xD372, 0xD372, 0xD372, 0xD372, 0xD372, 0xD372, 0xD372, 0xD372, 0xD372, 0xD372,
    0xD372, 0xD372, 0xD372, 0xD372, 0xD372, 0xD372, 0xD372, 0xD372, 0xD372, 0xD372, 0xD372, 0xD372, 0xD372, 0xD372, 0xD372, 0xD372,
    0xD372, 0xD372, 0xD372, 0xD372, 0xD372, 0xD372, 0xD372, 0xD372, 0xD372, 0xD372, 0xD372, 0xD372, 0xD372, 0xD372, 0xD372, 0xD372,
    0xD372, 0xD372, 0xD372, 0xD372, 0xD372, 0xD372, 0xD372, 0xD372, 0xD372, 0xD372, 0xD372, 0xD372, 0xD372, 0xD372, 0xD372, 0xD372,
    0xD372, 0xD372, 0xD372, 0xD372, 0xD372, 0xD372, 0xD372, 0xD372, 0xD372, 0xD372, 0xD372, 0xD372, 0xD372, 0xD372, 0xD372, 0xD372,
    0xD372, 0xD372, 0xD372, 0xD372, 0xD372, 0xD372, 0xD372, 0xD372, 0xD372, 0xD372, 0xD372, 0xD372, 0xD372, 0xD372, 0xD372, 0xD372,
    0xD372, 0xD372, 0xD372, 0xD372, 0xD372, 0xD372, 0xD372, 0xD372, 0xD372, 0xD372, 0xD372, 0xD372, 0xD372, 0xD372, 0xD372, 0xD372,
    0xD372, 0xD372, 0xD372, 0xD372, 0xD372, 0xD372, 0xD372, 0xD372, 0xD372, 0xD372, 0xD372, 0xD372, 0xD372, 0xD372, 0xD372, 0xD372,
    0xD372, 0xD372, 0xD372, 0xD372, 0xD372, 0xD372, 0xD372, 0xD372, 0xD372, 0xD372, 0xD372, 0xD372, 0xD372, 0xD372, 0xD372, 0xD372,
    0xD372, 0xD372, 0xD372, 0xD372, 0xD372, 0xD372, 0xD372, 0xD372, 0xD372, 0xD372, 0xD372, 0xD372, 0xD372, 0xD372, 0xD372, 0xD372,
    0xD372, 0xD372, 0xD372, 0xD372, 0xD372, 0xD372, 0xD372, 0xD372, 0xD372, 0xD372, 0xD372, 0xD372, 0xD372, 0xD372, 0xD372, 0xD372,
    0xD372, 0xD372, 0xD372, 0xD372, 0xD372, 0xD372, 0xD372, 0xD372, 0xD372, 0xD372, 0xD372, 0xD372, 0xD372, 0xD372, 0xD372, 0xD372,
    0xD372, 0xD372, 0xD372, 0xD372, 0xD372, 0xD372, 0xD372, 0xD372, 0xD372, 0xD372, 0xD372, 0xD372, 0xD372, 0xD372, 0xD372, 0xD372,
    0xD372, 0xD372, 0xD372, 0xD372, 0xD372, 0xD372, 0xD372, 0xD372, 0xD372, 0xD372, 0xD372, 0xD372, 0xD372, 0xD372, 0xD372, 0xD372,
    0xD372, 0xD372, 0xD372, 0xD372, 0xD372, 0xD372, 0xD372, 0xD372, 0xD372, 0xD372, 0xD372, 0xD372, 0xD372, 0xD372, 0xD372, 0xD372,
    0xD372, 0xD372, 0xD372, 0xD372, 0xD372, 0xD372, 0xD372, 0xD372, 0xD372, 0xD372, 0xD372, 0xD372, 0xD372, 0xD372, 0xD372, 0xD372,
};
